Post_ID,Timestamp,Platform,Content_Type,Category,Likes,Comments,Shares,Views,Saves,Follower_Count,Engagement_Rate,Hour_of_Day,Day_of_Week,Hashtag_Count,Content_Length,Sentiment,Influencer_Tier,Has_Media,Is_Verified,Flag_Engagement_Above_Views,Flag_Engagement_Rate_Outlier,Month
POST_04552,2024-01-01 01:42:00,Instagram,Carousel,Business,8287,247,51,29502,20,223080,3.85,1,Monday,16,985,Positive,Macro,True,False,False,False,1
POST_00210,2024-01-01 09:18:00,Instagram,Carousel,Food,1527,191,7,5460,359,220737,0.78,9,Monday,27,79,Positive,Macro,True,True,False,False,1
POST_01548,2024-01-01 10:58:00,Facebook,Video,Sports,535,178,433,68246,740,428935,0.27,10,Monday,17,554,Neutral,Macro,True,False,False,False,1
POST_01350,2024-01-01 13:12:00,Instagram,Photo,Fitness,9706,35,118,25782,611,64384,15.31,13,Monday,5,1136,Positive,Mid-tier,True,False,False,True,1
POST_02119,2024-01-02 21:41:00,Instagram,Carousel,Entertainment,1874,467,16,30977,688,67464,3.49,21,Tuesday,11,1458,Positive,Mid-tier,True,True,False,False,1
POST_00401,2024-01-02 21:55:00,Instagram,Photo,Business,1867,125,281,44911,286,292298,0.78,21,Tuesday,6,1262,Negative,Macro,True,False,False,False,1
POST_03162,2024-01-03 04:16:00,Instagram,Reel,Education,8387,360,179,13360,945,499770,1.79,4,Wednesday,20,172,Neutral,Macro,True,False,False,False,1
POST_00426,2024-01-03 09:46:00,Facebook,Video,Sports,5540,375,632,73879,402,487579,1.34,9,Wednesday,15,353,Neutral,Macro,True,False,False,False,1
POST_00363,2024-01-03 13:28:00,Facebook,Post,Technology,1048,256,457,75334,393,29036,6.06,13,Wednesday,29,1717,Negative,Micro,True,False,False,False,1
POST_04592,2024-01-04 05:36:00,Instagram,Story,Technology,6145,224,238,45738,517,245871,2.69,5,Thursday,15,1954,Positive,Macro,True,False,False,False,1
POST_00159,2024-01-04 10:49:00,Instagram,Story,Fitness,4399,125,33,21640,787,430456,1.06,10,Thursday,26,1064,Neutral,Macro,True,False,False,False,1
POST_02915,2024-01-04 16:45:00,Instagram,Reel,Food,1974,308,125,21531,662,202126,1.19,16,Thursday,20,175,Positive,Macro,True,False,False,False,1
POST_01750,2024-01-05 14:17:00,Instagram,Carousel,Fitness,1687,73,134,41648,732,117460,1.61,14,Friday,11,1798,Positive,Macro,True,False,False,False,1
POST_03565,2024-01-06 12:07:00,Facebook,Live,Business,1784,227,117,77227,192,414100,0.51,12,Saturday,27,524,Neutral,Macro,True,True,False,False,1
POST_04392,2024-01-06 17:28:00,Facebook,Post,Lifestyle,6896,135,201,65197,354,373777,1.93,17,Saturday,22,1979,Positive,Macro,False,True,False,False,1
POST_04168,2024-01-07 02:55:00,Instagram,Reel,Lifestyle,8448,490,202,29382,993,331405,2.76,2,Sunday,7,53,Positive,Macro,True,True,False,False,1
POST_00013,2024-01-07 05:44:00,TikTok,Video,Fitness,37311,858,4513,439758,2823,458682,9.31,5,Sunday,22,598,Positive,Macro,True,False,False,False,1
POST_00600,2024-01-07 05:55:00,Instagram,Story,Fashion,5138,49,140,47958,245,364057,1.46,5,Sunday,2,915,Positive,Macro,True,False,False,False,1
POST_03649,2024-01-07 07:53:00,Facebook,Story,Travel,4532,332,707,24121,391,479509,1.16,7,Sunday,8,1244,Negative,Macro,True,False,False,False,1
POST_01115,2024-01-07 13:08:00,Facebook,Live,Health,6283,165,569,49857,522,352767,1.99,13,Sunday,10,523,Positive,Macro,True,True,False,False,1
POST_02972,2024-01-08 05:59:00,Instagram,Reel,Travel,545,440,95,46180,238,371362,0.29,5,Monday,6,561,Positive,Macro,True,True,False,False,1
POST_02131,2024-01-08 18:33:00,Instagram,Carousel,Health,6342,62,163,23890,486,44931,14.62,18,Monday,20,537,Positive,Micro,True,False,False,True,1
POST_02226,2024-01-09 00:43:00,Facebook,Live,Entertainment,3270,132,535,10351,754,321725,1.22,0,Tuesday,24,358,Negative,Macro,True,True,False,False,1
POST_02509,2024-01-09 02:24:00,TikTok,Video,Business,33034,309,2036,242685,2609,185278,19.1,2,Tuesday,18,478,Negative,Macro,False,False,False,True,1
POST_00885,2024-01-09 03:27:00,TikTok,Duet,Fashion,8731,994,1938,75043,577,371740,3.14,3,Tuesday,24,491,Neutral,Macro,True,False,False,False,1
POST_01451,2024-01-09 11:12:00,Facebook,Story,Entertainment,5232,366,371,10075,558,257653,2.32,11,Tuesday,11,1512,Positive,Macro,True,False,False,False,1
POST_03402,2024-01-09 12:59:00,Instagram,Story,Technology,8440,165,264,37752,483,477456,1.86,12,Tuesday,3,965,Negative,Macro,True,False,False,False,1
POST_04525,2024-01-09 13:30:00,TikTok,Stitch,Lifestyle,46571,441,758,302431,1829,10027,200.0,13,Tuesday,19,272,Positive,Micro,True,False,False,True,1
POST_00483,2024-01-09 18:55:00,Facebook,Video,Sports,4283,106,38,73605,646,497216,0.89,18,Tuesday,5,291,Positive,Macro,True,True,False,False,1
POST_00147,2024-01-09 21:52:00,Facebook,Video,Gaming,3309,303,203,21871,590,93599,4.08,21,Tuesday,8,347,Negative,Mid-tier,True,True,False,False,1
POST_01364,2024-01-09 22:21:00,Facebook,Live,Business,6830,129,742,57034,78,235288,3.27,22,Tuesday,16,42,Neutral,Macro,True,False,False,False,1
POST_02243,2024-01-10 05:26:00,Facebook,Live,Sports,478,266,811,76686,562,382495,0.41,5,Wednesday,22,490,Positive,Macro,True,False,False,False,1
POST_00471,2024-01-10 14:57:00,Instagram,Photo,Technology,9883,67,77,43316,382,404723,2.48,14,Wednesday,15,695,Negative,Macro,False,False,False,False,1
POST_03823,2024-01-10 21:11:00,TikTok,Stitch,Entertainment,35475,1898,2937,187442,1847,52432,76.88,21,Wednesday,6,87,Positive,Mid-tier,True,False,False,True,1
POST_04447,2024-01-10 21:32:00,Instagram,Photo,Food,5088,262,199,14888,660,435000,1.28,21,Wednesday,9,1786,Neutral,Macro,False,False,False,False,1
POST_02198,2024-01-10 22:53:00,TikTok,Duet,Lifestyle,32338,66,969,479514,2703,279271,11.95,22,Wednesday,18,447,Positive,Macro,True,False,False,False,1
POST_02303,2024-01-11 00:33:00,Facebook,Live,Sports,3204,107,380,57955,489,261013,1.41,0,Thursday,13,573,Positive,Macro,True,False,False,False,1
POST_04612,2024-01-11 11:14:00,Instagram,Story,Health,2366,255,107,32084,535,892,200.0,11,Thursday,21,1100,Neutral,Nano,True,True,False,True,1
POST_03896,2024-01-11 14:24:00,TikTok,Duet,Technology,30187,821,4505,71771,2764,225519,15.75,14,Thursday,5,152,Neutral,Macro,True,False,False,True,1
POST_03661,2024-01-11 22:51:00,Facebook,Post,Food,6580,9,900,31319,646,30230,24.77,22,Thursday,24,1861,Neutral,Micro,True,False,False,True,1
POST_00991,2024-01-12 08:41:00,TikTok,Video,Health,31852,1590,801,323063,616,86675,39.51,8,Friday,28,21,Positive,Mid-tier,True,False,False,True,1
POST_02458,2024-01-12 20:49:00,Facebook,Post,Gaming,6543,54,632,43676,465,374670,1.93,20,Friday,24,789,Positive,Macro,True,False,False,False,1
POST_04902,2024-01-12 20:49:00,Facebook,Live,Business,504,234,46,44411,268,182875,0.43,20,Friday,5,326,Positive,Macro,True,False,False,False,1
POST_00057,2024-01-12 21:46:00,Instagram,Photo,Gaming,5741,410,126,10052,350,259233,2.42,21,Friday,1,1804,Positive,Macro,True,True,False,False,1
POST_01124,2024-01-13 00:33:00,TikTok,Stitch,Fitness,38874,81,4338,232603,1319,286335,15.12,0,Saturday,9,467,Positive,Macro,True,False,False,True,1
POST_00343,2024-01-13 18:18:00,Instagram,Reel,Fitness,1899,280,211,45999,436,351424,0.68,18,Saturday,7,205,Neutral,Macro,True,False,False,False,1
POST_04522,2024-01-14 21:15:00,Facebook,Live,Business,1062,134,81,28161,138,328440,0.39,21,Sunday,29,311,Positive,Macro,True,True,False,False,1
POST_02951,2024-01-15 05:40:00,TikTok,Stitch,Business,19793,1018,4074,257816,1086,295403,8.42,5,Monday,8,20,Neutral,Macro,True,False,False,False,1
POST_04115,2024-01-15 10:52:00,Facebook,Post,Sports,4674,114,267,12139,303,122533,4.13,10,Monday,7,1408,Positive,Macro,True,True,False,False,1
POST_00110,2024-01-16 02:59:00,Instagram,Story,Education,150,43,291,2900,309,235868,0.21,2,Tuesday,25,1100,Positive,Macro,True,False,False,False,1
POST_01086,2024-01-16 06:59:00,Facebook,Video,Technology,286,219,454,69548,168,128453,0.75,6,Tuesday,5,252,Neutral,Macro,True,False,False,False,1
POST_02563,2024-01-16 08:26:00,Instagram,Photo,Technology,9875,148,105,34673,464,240935,4.2,8,Tuesday,20,170,Positive,Macro,True,False,False,False,1
POST_02175,2024-01-16 23:45:00,Instagram,Story,Education,1379,34,296,4199,917,209384,0.82,23,Tuesday,9,231,Positive,Macro,True,False,False,False,1
POST_01046,2024-01-17 07:13:00,Facebook,Video,Education,647,131,266,5057,494,211133,0.49,7,Wednesday,26,492,Neutral,Macro,False,True,False,False,1
POST_00758,2024-01-17 11:50:00,Facebook,Live,Lifestyle,7091,159,835,35164,583,64065,12.62,11,Wednesday,11,595,Neutral,Mid-tier,False,False,False,False,1
POST_04114,2024-01-17 13:01:00,Instagram,Reel,Health,412,142,210,40620,74,371799,0.21,13,Wednesday,21,99,Positive,Macro,True,True,False,False,1
POST_03820,2024-01-17 22:08:00,Facebook,Video,Business,5171,250,163,70298,748,230965,2.42,22,Wednesday,6,177,Negative,Macro,True,False,False,False,1
POST_01126,2024-01-18 16:52:00,Facebook,Post,Fashion,3046,9,192,60195,750,331736,0.98,16,Thursday,26,1143,Positive,Macro,True,False,False,False,1
POST_03285,2024-01-19 01:27:00,Facebook,Post,Food,3401,57,340,76452,437,191616,1.98,1,Friday,23,1621,Positive,Macro,True,False,False,False,1
POST_04097,2024-01-19 19:06:00,Instagram,Photo,Gaming,5564,46,94,22263,290,389329,1.47,19,Friday,25,1257,Neutral,Macro,True,False,False,False,1
POST_01760,2024-01-19 21:00:00,Facebook,Video,Sports,7957,303,613,33600,654,333889,2.66,21,Friday,21,408,Positive,Macro,True,False,False,False,1
POST_03791,2024-01-20 08:35:00,Instagram,Carousel,Technology,1169,171,63,49825,262,51542,2.72,8,Saturday,24,1665,Positive,Mid-tier,True,False,False,False,1
POST_02948,2024-01-20 15:58:00,Facebook,Video,Sports,4917,86,380,16484,458,177685,3.03,15,Saturday,9,282,Neutral,Macro,True,False,False,False,1
POST_03344,2024-01-20 20:45:00,Instagram,Reel,Entertainment,1417,62,92,32890,871,487213,0.32,20,Saturday,16,53,Positive,Macro,True,False,False,False,1
POST_02098,2024-01-20 23:46:00,Facebook,Story,Travel,4929,226,92,71992,436,117699,4.46,23,Saturday,27,415,Positive,Macro,True,False,False,False,1
POST_01783,2024-01-21 01:44:00,Facebook,Post,Sports,7406,273,937,20661,728,220994,3.9,1,Sunday,2,833,Neutral,Macro,True,False,False,False,1
POST_03371,2024-01-21 01:55:00,Instagram,Photo,Travel,1488,333,46,21794,342,383497,0.49,1,Sunday,5,314,Positive,Macro,True,False,False,False,1
POST_01547,2024-01-21 16:30:00,TikTok,Stitch,Food,39344,1057,3856,483575,2839,7666,200.0,16,Sunday,22,289,Positive,Nano,True,False,False,True,1
POST_00278,2024-01-21 19:09:00,Facebook,Story,Lifestyle,7105,184,663,57034,787,388195,2.05,19,Sunday,15,379,Positive,Macro,True,True,False,False,1
POST_03317,2024-01-21 22:30:00,Facebook,Video,Education,3160,17,801,64490,756,197420,2.01,22,Sunday,20,489,Positive,Macro,True,False,False,False,1
POST_03605,2024-01-22 05:18:00,Instagram,Reel,Technology,5014,121,200,34570,591,338316,1.58,5,Monday,6,396,Positive,Macro,True,True,False,False,1
POST_00634,2024-01-22 10:10:00,Facebook,Post,Health,4000,301,563,17282,533,223263,2.18,10,Monday,14,1175,Positive,Macro,False,False,False,False,1
POST_04147,2024-01-22 19:48:00,Instagram,Carousel,Technology,3582,261,269,32102,371,67550,6.09,19,Monday,13,1344,Neutral,Mid-tier,True,True,False,False,1
POST_01552,2024-01-23 04:37:00,Facebook,Story,Entertainment,3406,66,294,43825,71,469285,0.8,4,Tuesday,9,874,Neutral,Macro,True,False,False,False,1
POST_02276,2024-01-24 04:46:00,Facebook,Story,Health,2646,146,360,15128,399,239280,1.32,4,Wednesday,19,1801,Neutral,Macro,True,False,False,False,1
POST_03084,2024-01-24 09:26:00,Facebook,Live,Gaming,3969,175,183,5188,382,367915,1.18,9,Wednesday,10,337,Neutral,Macro,True,True,False,False,1
POST_03769,2024-01-24 10:27:00,Instagram,Carousel,Entertainment,980,463,10,46112,430,164423,0.88,10,Wednesday,20,549,Positive,Macro,True,False,False,False,1
POST_04819,2024-01-24 21:27:00,TikTok,Stitch,Technology,49227,86,4822,379735,1115,344496,15.71,21,Wednesday,17,457,Positive,Macro,True,True,False,True,1
POST_02883,2024-01-25 19:05:00,Instagram,Photo,Gaming,9387,466,117,43543,76,456679,2.18,19,Thursday,19,1434,Negative,Macro,True,False,False,False,1
POST_03126,2024-01-26 12:39:00,Facebook,Live,Gaming,4105,21,179,58944,767,313836,1.37,12,Friday,17,120,Neutral,Macro,True,False,False,False,1
POST_01243,2024-01-26 15:06:00,TikTok,Stitch,Entertainment,28457,874,808,482007,544,162847,18.51,15,Friday,14,16,Neutral,Macro,False,False,False,True,1
POST_01970,2024-01-26 16:52:00,Instagram,Photo,Technology,4419,362,178,6368,793,351262,1.41,16,Friday,1,177,Neutral,Macro,True,False,False,False,1
POST_04906,2024-01-26 23:46:00,Instagram,Carousel,Gaming,5039,401,199,46894,47,66810,8.44,23,Friday,19,699,Neutral,Mid-tier,True,False,False,False,1
POST_01183,2024-01-27 02:22:00,Facebook,Story,Lifestyle,2704,316,297,26466,794,10611,31.26,2,Saturday,17,379,Positive,Micro,True,False,False,True,1
POST_04884,2024-01-27 04:50:00,Instagram,Story,Food,7597,340,80,23442,462,418644,1.91,4,Saturday,22,312,Neutral,Macro,True,False,False,False,1
POST_03900,2024-01-27 14:33:00,TikTok,Video,Lifestyle,21899,852,1624,216540,1355,208930,11.67,14,Saturday,26,259,Neutral,Macro,True,False,False,False,1
POST_04085,2024-01-28 02:40:00,Instagram,Reel,Travel,5243,246,50,32559,743,199357,2.78,2,Sunday,23,555,Neutral,Macro,True,False,False,False,1
POST_04044,2024-01-28 05:12:00,Facebook,Post,Food,7415,241,458,69266,94,25271,32.11,5,Sunday,15,1971,Neutral,Micro,True,False,False,True,1
POST_03577,2024-01-28 06:30:00,Instagram,Story,Lifestyle,7180,59,151,45196,972,399546,1.85,6,Sunday,24,1747,Negative,Macro,True,False,False,False,1
POST_00188,2024-01-29 03:56:00,Facebook,Post,Gaming,7237,175,443,10194,605,456017,1.72,3,Monday,16,680,Positive,Macro,True,True,False,False,1
POST_00731,2024-01-29 10:59:00,Instagram,Story,Business,9569,107,246,42216,833,286216,3.47,10,Monday,22,1440,Positive,Macro,True,False,False,False,1
POST_01690,2024-01-29 12:03:00,TikTok,Video,Gaming,47487,1549,256,159641,864,479906,10.27,12,Monday,18,598,Positive,Macro,True,False,False,False,1
POST_03509,2024-01-30 02:29:00,TikTok,Duet,Lifestyle,27941,1035,4109,372278,2894,216608,15.27,2,Tuesday,16,505,Positive,Macro,True,True,False,True,1
POST_04293,2024-01-30 05:59:00,Facebook,Post,Lifestyle,2076,216,192,53218,541,46036,5.4,5,Tuesday,4,1976,Positive,Micro,True,False,False,False,1
POST_00260,2024-01-30 12:21:00,Instagram,Reel,Fitness,3768,498,25,39951,71,171219,2.51,12,Tuesday,10,524,Negative,Macro,True,True,False,False,1
POST_00309,2024-01-30 15:54:00,TikTok,Stitch,Fitness,17512,1627,1262,489469,642,134117,15.21,15,Tuesday,1,146,Neutral,Macro,True,True,False,True,1
POST_00410,2024-01-30 20:38:00,Instagram,Reel,Sports,8616,380,36,18276,38,13508,66.86,20,Tuesday,16,518,Neutral,Micro,True,False,False,True,1
POST_01262,2024-01-30 23:39:00,TikTok,Duet,Fitness,42835,1976,1787,442991,291,15540,200.0,23,Tuesday,0,507,Neutral,Micro,True,False,False,True,1
POST_02745,2024-01-31 02:30:00,Facebook,Video,Fashion,1475,16,196,60885,649,141298,1.19,2,Wednesday,9,338,Neutral,Macro,True,True,False,False,1
POST_01298,2024-02-01 07:18:00,Instagram,Reel,Sports,2029,205,116,18802,710,451007,0.52,7,Thursday,20,97,Positive,Macro,True,False,False,False,2
POST_02395,2024-02-02 06:06:00,TikTok,Duet,Education,15555,1740,994,279823,401,373219,4.9,6,Friday,15,435,Positive,Macro,True,False,False,False,2
POST_00091,2024-02-02 10:04:00,Instagram,Photo,Education,6091,235,276,8937,120,122702,5.38,10,Friday,21,1354,Positive,Macro,True,False,False,False,2
POST_02397,2024-02-02 18:41:00,Instagram,Reel,Travel,6826,292,12,9417,171,375834,1.9,18,Friday,28,100,Positive,Macro,True,False,False,False,2
POST_04748,2024-02-03 07:17:00,Instagram,Photo,Food,8994,182,83,30994,713,9032,102.51,7,Saturday,11,671,Positive,Nano,True,False,False,True,2
POST_01299,2024-02-03 08:14:00,Facebook,Live,Business,7153,28,570,45513,402,31008,25.0,8,Saturday,9,393,Negative,Micro,True,False,False,True,2
POST_01310,2024-02-03 14:16:00,TikTok,Video,Business,13019,1420,4523,497812,1244,181666,10.44,14,Saturday,17,339,Neutral,Macro,True,False,False,False,2
POST_02814,2024-02-04 01:36:00,Instagram,Carousel,Health,1362,333,260,22391,793,329817,0.59,1,Sunday,13,471,Negative,Macro,True,False,False,False,2
POST_02342,2024-02-04 06:29:00,Instagram,Carousel,Health,7333,154,7,49641,41,435804,1.72,6,Sunday,24,1696,Positive,Macro,True,False,False,False,2
POST_03407,2024-02-04 08:55:00,TikTok,Video,Health,932,1932,1041,146257,944,235097,1.66,8,Sunday,23,165,Positive,Macro,False,True,False,False,2
POST_01048,2024-02-04 14:38:00,Instagram,Photo,Gaming,5955,25,276,29431,342,140736,4.45,14,Sunday,25,1323,Neutral,Macro,True,False,False,False,2
POST_04104,2024-02-05 21:34:00,Instagram,Reel,Business,365,314,79,33798,726,40420,1.88,21,Monday,2,102,Positive,Micro,True,False,False,False,2
POST_04490,2024-02-06 14:57:00,Facebook,Video,Education,3763,132,865,28418,276,389969,1.22,14,Tuesday,29,593,Neutral,Macro,True,False,False,False,2
POST_01722,2024-02-06 18:45:00,Instagram,Story,Entertainment,3937,35,294,10335,293,270190,1.58,18,Tuesday,10,1831,Positive,Macro,True,False,False,False,2
POST_02830,2024-02-06 22:59:00,Instagram,Story,Entertainment,6895,344,282,17627,480,53764,13.99,22,Tuesday,23,1564,Positive,Mid-tier,True,False,False,False,2
POST_03842,2024-02-07 08:31:00,Instagram,Photo,Travel,2485,297,180,31891,438,267799,1.11,8,Wednesday,2,349,Neutral,Macro,True,False,False,False,2
POST_03681,2024-02-07 17:21:00,TikTok,Video,Fitness,20453,1334,627,338354,1842,268255,8.36,17,Wednesday,19,20,Positive,Macro,True,False,False,False,2
POST_00773,2024-02-07 20:12:00,Instagram,Carousel,Health,7480,402,135,30722,445,276016,2.9,20,Wednesday,17,236,Positive,Macro,True,False,False,False,2
POST_04089,2024-02-08 00:16:00,TikTok,Duet,Entertainment,36592,327,2775,115230,2553,471866,8.41,0,Thursday,1,110,Neutral,Macro,True,False,False,False,2
POST_02693,2024-02-08 06:58:00,Instagram,Story,Sports,6678,81,122,19446,558,211923,3.25,6,Thursday,25,736,Positive,Macro,True,False,False,False,2
POST_02912,2024-02-08 21:24:00,Instagram,Story,Technology,7170,455,270,30559,633,205121,3.85,21,Thursday,8,720,Negative,Macro,True,False,False,False,2
POST_02159,2024-02-08 23:24:00,Facebook,Post,Entertainment,6011,337,121,70319,704,314823,2.05,23,Thursday,7,1669,Positive,Macro,False,True,False,False,2
POST_04202,2024-02-09 03:24:00,Instagram,Reel,Fitness,473,240,25,45950,459,118148,0.62,3,Friday,26,319,Neutral,Macro,True,True,False,False,2
POST_04539,2024-02-09 08:12:00,Instagram,Story,Fitness,2553,96,106,41898,507,261478,1.05,8,Friday,29,1847,Negative,Macro,True,False,False,False,2
POST_00734,2024-02-09 09:58:00,Facebook,Live,Technology,5536,259,21,13917,55,207605,2.8,9,Friday,2,121,Neutral,Macro,True,True,False,False,2
POST_00180,2024-02-09 15:14:00,Instagram,Photo,Fashion,6206,151,241,43602,836,445619,1.48,15,Friday,28,1306,Neutral,Macro,True,False,False,False,2
POST_04002,2024-02-09 17:12:00,TikTok,Video,Business,41610,829,233,236042,718,414409,10.3,17,Friday,11,101,Negative,Macro,True,False,False,False,2
POST_00673,2024-02-10 07:45:00,Instagram,Photo,Fashion,6054,212,64,19115,320,264052,2.4,7,Saturday,7,1260,Neutral,Macro,True,True,False,False,2
POST_01812,2024-02-10 09:23:00,TikTok,Video,Sports,4189,122,2492,327453,2327,107869,6.31,9,Saturday,4,260,Positive,Macro,True,False,False,False,2
POST_00169,2024-02-10 11:13:00,Instagram,Story,Education,2113,48,231,26316,408,161692,1.48,11,Saturday,20,620,Neutral,Macro,True,False,False,False,2
POST_04158,2024-02-10 16:50:00,TikTok,Video,Education,38218,1236,4510,181375,963,403020,10.91,16,Saturday,18,485,Neutral,Macro,False,True,False,False,2
POST_04601,2024-02-10 20:09:00,Instagram,Photo,Entertainment,3622,245,171,39246,303,439901,0.92,20,Saturday,10,537,Negative,Macro,True,True,False,False,2
POST_00899,2024-02-11 01:02:00,Instagram,Photo,Fashion,8546,207,234,21224,730,127434,7.05,1,Sunday,6,1502,Positive,Macro,True,False,False,False,2
POST_03124,2024-02-11 04:43:00,Facebook,Live,Gaming,313,96,229,30208,758,181885,0.35,4,Sunday,18,342,Neutral,Macro,True,False,False,False,2
POST_01943,2024-02-11 13:17:00,TikTok,Duet,Education,10611,1076,3559,146630,576,394640,3.86,13,Sunday,6,318,Negative,Macro,True,False,False,False,2
POST_03729,2024-02-11 16:09:00,Instagram,Story,Entertainment,1410,13,173,19015,851,93835,1.7,16,Sunday,28,1811,Negative,Mid-tier,False,False,False,False,2
POST_02410,2024-02-11 23:04:00,Facebook,Story,Technology,5031,305,941,64842,132,103395,6.07,23,Sunday,5,168,Positive,Macro,True,False,False,False,2
POST_03800,2024-02-12 00:52:00,Facebook,Post,Fashion,484,204,736,51427,194,262224,0.54,0,Monday,23,1643,Neutral,Macro,True,False,False,False,2
POST_00168,2024-02-12 09:23:00,Instagram,Reel,Fashion,4507,349,290,10836,967,162007,3.18,9,Monday,29,430,Positive,Macro,False,False,False,False,2
POST_00293,2024-02-12 11:34:00,TikTok,Video,Health,4586,392,4131,317141,918,122177,7.46,11,Monday,17,147,Neutral,Macro,True,True,False,False,2
POST_00666,2024-02-12 14:58:00,Instagram,Story,Sports,484,11,158,43498,692,51227,1.27,14,Monday,0,1762,Negative,Mid-tier,True,False,False,False,2
POST_01306,2024-02-12 23:28:00,TikTok,Video,Lifestyle,43148,340,1824,71714,2601,10571,200.0,23,Monday,1,508,Negative,Micro,False,False,False,True,2
POST_01146,2024-02-13 07:13:00,TikTok,Stitch,Travel,31633,832,961,131794,2541,58295,57.34,7,Tuesday,13,245,Negative,Mid-tier,True,False,False,True,2
POST_01638,2024-02-13 13:05:00,Instagram,Photo,Travel,9186,369,177,12348,993,131372,7.41,13,Tuesday,20,297,Negative,Macro,True,True,False,False,2
POST_02505,2024-02-14 08:10:00,Instagram,Photo,Fashion,6619,33,73,22273,771,117674,5.71,8,Wednesday,14,1622,Neutral,Macro,True,False,False,False,2
POST_00708,2024-02-14 13:23:00,TikTok,Video,Fitness,48498,1296,1549,113304,2609,274943,18.67,13,Wednesday,27,339,Positive,Macro,True,True,False,True,2
POST_04665,2024-02-14 19:09:00,TikTok,Video,Sports,11376,1399,793,203752,2168,194449,6.98,19,Wednesday,9,444,Neutral,Macro,True,False,False,False,2
POST_03865,2024-02-14 23:14:00,Instagram,Photo,Health,4364,60,243,40319,267,262252,1.78,23,Wednesday,11,1270,Positive,Macro,True,True,False,False,2
POST_03033,2024-02-15 01:30:00,TikTok,Video,Entertainment,45313,337,3836,365306,2832,271882,18.2,1,Thursday,20,231,Neutral,Macro,True,False,False,True,2
POST_03478,2024-02-15 04:31:00,Facebook,Live,Lifestyle,837,139,825,10773,205,275388,0.65,4,Thursday,7,375,Positive,Macro,True,False,False,False,2
POST_04408,2024-02-15 07:02:00,Instagram,Carousel,Technology,8342,294,174,15178,937,308865,2.85,7,Thursday,26,870,Positive,Macro,True,True,False,False,2
POST_01051,2024-02-15 12:28:00,TikTok,Stitch,Gaming,2071,1290,1211,451288,582,114666,3.99,12,Thursday,13,34,Positive,Macro,True,False,False,False,2
POST_03739,2024-02-15 13:30:00,TikTok,Video,Travel,46976,1956,3976,115847,2275,369157,14.33,13,Thursday,21,264,Negative,Macro,True,False,False,True,2
POST_04750,2024-02-15 18:50:00,TikTok,Video,Fashion,17266,96,3606,402010,562,325890,6.43,18,Thursday,17,53,Positive,Macro,False,True,False,False,2
POST_02705,2024-02-15 21:54:00,TikTok,Duet,Sports,44037,892,2319,480270,572,198836,23.76,21,Thursday,12,556,Positive,Macro,True,False,False,True,2
POST_03467,2024-02-16 00:16:00,Facebook,Video,Lifestyle,725,378,774,79671,332,330572,0.57,0,Friday,2,316,Positive,Macro,True,True,False,False,2
POST_01815,2024-02-16 00:54:00,Instagram,Photo,Food,9604,430,267,25262,49,37858,27.21,0,Friday,13,93,Negative,Micro,True,False,False,True,2
POST_00888,2024-02-16 12:03:00,Instagram,Carousel,Food,8417,153,179,26011,391,287672,3.04,12,Friday,24,109,Neutral,Macro,True,False,False,False,2
POST_03548,2024-02-16 16:06:00,Facebook,Post,Food,6585,120,325,68170,206,400708,1.75,16,Friday,28,1542,Positive,Macro,True,False,False,False,2
POST_03751,2024-02-16 21:56:00,TikTok,Video,Food,44647,1386,4739,87624,372,488724,10.39,21,Friday,19,225,Neutral,Macro,True,False,False,False,2
POST_00222,2024-02-17 07:30:00,Facebook,Video,Fitness,5780,145,85,57983,414,127495,4.71,7,Saturday,7,533,Positive,Macro,True,False,False,False,2
POST_04982,2024-02-17 08:26:00,Instagram,Photo,Gaming,5386,200,298,47996,452,307700,1.91,8,Saturday,13,1308,Neutral,Macro,True,False,False,False,2
POST_03547,2024-02-18 17:04:00,Instagram,Reel,Health,1469,108,63,12328,830,459961,0.36,17,Sunday,16,430,Positive,Macro,True,False,False,False,2
POST_00775,2024-02-18 20:21:00,TikTok,Duet,Fitness,22312,1255,2281,390939,2689,489066,5.29,20,Sunday,1,48,Neutral,Macro,True,True,False,False,2
POST_04442,2024-02-19 05:20:00,TikTok,Stitch,Food,42262,1465,4681,118742,2521,50594,95.68,5,Monday,16,372,Neutral,Mid-tier,True,True,False,True,2
POST_02471,2024-02-20 17:25:00,Instagram,Story,Fitness,8053,16,69,24990,338,27111,30.02,17,Tuesday,5,307,Positive,Micro,False,False,False,True,2
POST_01661,2024-02-20 23:30:00,Facebook,Live,Lifestyle,3403,123,92,10232,580,86384,4.19,23,Tuesday,27,540,Positive,Mid-tier,True,False,False,False,2
POST_00538,2024-02-21 10:15:00,Instagram,Carousel,Health,4100,405,147,21162,830,419792,1.11,10,Wednesday,24,1863,Positive,Macro,True,False,False,False,2
POST_02464,2024-02-21 21:46:00,Facebook,Live,Sports,7327,247,357,59370,233,163730,4.84,21,Wednesday,3,364,Positive,Macro,False,True,False,False,2
POST_03058,2024-02-22 03:24:00,Instagram,Story,Entertainment,4013,203,92,45515,668,206180,2.09,3,Thursday,20,311,Positive,Macro,False,False,False,False,2
POST_00406,2024-02-22 06:17:00,TikTok,Video,Education,20645,1876,3648,211422,507,154014,16.99,6,Thursday,4,256,Positive,Macro,True,True,False,True,2
POST_04913,2024-02-22 08:05:00,Facebook,Live,Travel,4463,275,762,71892,46,430414,1.28,8,Thursday,2,560,Neutral,Macro,True,False,False,False,2
POST_00586,2024-02-22 09:38:00,Instagram,Photo,Health,1544,161,295,36056,861,2150,93.02,9,Thursday,2,1551,Neutral,Nano,True,False,False,True,2
POST_04542,2024-02-22 12:26:00,Facebook,Live,Entertainment,7058,66,854,18043,787,157088,5.08,12,Thursday,29,328,Neutral,Macro,True,False,False,False,2
POST_04480,2024-02-22 13:31:00,Facebook,Post,Gaming,2780,382,650,73812,771,403291,0.95,13,Thursday,4,966,Positive,Macro,True,False,False,False,2
POST_01446,2024-02-23 05:14:00,Instagram,Photo,Gaming,3154,264,88,27047,274,329245,1.06,5,Friday,14,1630,Neutral,Macro,True,False,False,False,2
POST_03861,2024-02-23 10:27:00,TikTok,Duet,Technology,7104,1016,3210,104524,615,4279,200.0,10,Friday,29,364,Positive,Nano,True,False,False,True,2
POST_03463,2024-02-23 10:59:00,Facebook,Video,Business,2605,289,288,56998,749,139016,2.29,10,Friday,8,574,Positive,Macro,True,True,False,False,2
POST_04110,2024-02-23 19:00:00,Facebook,Post,Health,2847,133,11,28275,760,317494,0.94,19,Friday,26,966,Neutral,Macro,True,False,False,False,2
POST_03416,2024-02-23 20:41:00,Facebook,Story,Gaming,4495,226,615,47231,492,428034,1.25,20,Friday,8,1445,Neutral,Macro,True,False,False,False,2
POST_02351,2024-02-23 21:13:00,Facebook,Post,Health,4316,68,419,47694,754,85048,5.65,21,Friday,11,1173,Positive,Mid-tier,True,False,False,False,2
POST_04523,2024-02-23 21:53:00,TikTok,Stitch,Health,33864,1921,1455,419809,2595,400549,9.3,21,Friday,1,461,Positive,Macro,True,True,False,False,2
POST_03274,2024-02-24 02:31:00,Facebook,Live,Health,5849,339,974,70307,542,362404,1.98,2,Saturday,28,132,Positive,Macro,True,False,False,False,2
POST_03760,2024-02-24 18:33:00,TikTok,Video,Sports,6931,13,3467,207192,2630,478084,2.18,18,Saturday,12,523,Positive,Macro,True,False,False,False,2
POST_01932,2024-02-25 00:47:00,Facebook,Live,Gaming,3132,335,80,14866,324,376595,0.94,0,Sunday,23,332,Neutral,Macro,True,False,False,False,2
POST_00403,2024-02-25 06:33:00,Facebook,Video,Sports,4650,389,420,11202,794,446124,1.22,6,Sunday,24,433,Neutral,Macro,True,False,False,False,2
POST_02493,2024-02-25 07:39:00,TikTok,Duet,Sports,20850,1993,1143,122828,1019,248852,9.64,7,Sunday,13,297,Neutral,Macro,True,True,False,False,2
POST_01867,2024-02-25 07:54:00,Instagram,Story,Fashion,8577,67,256,41343,562,296010,3.01,7,Sunday,3,928,Positive,Macro,True,False,False,False,2
POST_03880,2024-02-25 10:33:00,Instagram,Photo,Education,6310,140,297,46080,110,465578,1.45,10,Sunday,9,1600,Negative,Macro,True,False,False,False,2
POST_00340,2024-02-25 17:18:00,Instagram,Story,Gaming,4958,331,134,47546,491,256530,2.11,17,Sunday,15,1831,Neutral,Macro,True,False,False,False,2
POST_02585,2024-02-25 22:33:00,Facebook,Post,Technology,6732,248,507,7889,247,74545,10.04,22,Sunday,14,1079,Positive,Mid-tier,True,False,False,False,2
POST_01417,2024-02-26 09:42:00,Instagram,Story,Travel,6042,55,35,15840,598,50950,12.04,9,Monday,22,1098,Positive,Mid-tier,True,True,False,False,2
POST_01017,2024-02-26 14:08:00,Instagram,Photo,Education,1749,416,17,30213,145,183668,1.19,14,Monday,19,74,Positive,Macro,True,False,False,False,2
POST_02923,2024-02-26 20:41:00,TikTok,Duet,Fitness,42659,321,1281,117661,2277,424806,10.42,20,Monday,5,371,Positive,Macro,True,False,False,False,2
POST_04358,2024-02-27 03:22:00,Facebook,Live,Travel,7371,223,359,61252,317,8221,96.74,3,Tuesday,7,438,Negative,Nano,True,False,False,True,2
POST_01918,2024-02-27 06:17:00,Facebook,Post,Lifestyle,6083,241,480,46111,157,249809,2.72,6,Tuesday,26,1280,Positive,Macro,False,False,False,False,2
POST_00460,2024-02-27 09:22:00,Instagram,Photo,Travel,7451,145,197,18405,564,39920,19.52,9,Tuesday,18,1789,Neutral,Micro,True,True,False,True,2
POST_03298,2024-02-27 12:16:00,Instagram,Story,Technology,7309,187,206,43870,716,186786,4.12,12,Tuesday,1,896,Neutral,Macro,True,True,False,False,2
POST_03891,2024-02-27 17:03:00,TikTok,Duet,Health,44045,1364,699,127194,797,364792,12.64,17,Tuesday,29,490,Neutral,Macro,True,False,False,False,2
POST_04649,2024-02-27 17:44:00,TikTok,Stitch,Education,42738,573,2300,205357,2588,112990,40.37,17,Tuesday,24,489,Positive,Macro,False,False,False,True,2
POST_00122,2024-02-28 01:37:00,TikTok,Video,Gaming,32599,1697,3085,204867,956,450457,8.3,1,Wednesday,23,556,Neutral,Macro,True,False,False,False,2
POST_00793,2024-02-28 02:42:00,Facebook,Story,Sports,5777,262,490,72227,12,49137,13.29,2,Wednesday,26,1293,Negative,Micro,True,False,False,False,2
POST_02884,2024-02-28 19:42:00,Instagram,Photo,Health,5180,460,219,17205,677,176265,3.32,19,Wednesday,6,1517,Positive,Macro,True,False,False,False,2
POST_02644,2024-02-29 03:36:00,Facebook,Post,Education,4417,344,995,67350,617,418360,1.38,3,Thursday,25,1081,Positive,Macro,False,True,False,False,2
POST_03217,2024-03-01 15:07:00,Instagram,Reel,Gaming,782,285,278,32809,522,439446,0.31,15,Friday,2,549,Neutral,Macro,False,False,False,False,3
POST_02250,2024-03-02 06:52:00,Instagram,Story,Gaming,8250,105,296,42174,913,209420,4.13,6,Saturday,8,1767,Positive,Macro,True,False,False,False,3
POST_03692,2024-03-02 11:16:00,Facebook,Video,Technology,6403,229,699,63394,584,173179,4.23,11,Saturday,0,94,Neutral,Macro,True,True,False,False,3
POST_01401,2024-03-02 12:32:00,Instagram,Story,Gaming,7504,454,89,44849,28,344637,2.33,12,Saturday,17,1876,Neutral,Macro,True,False,False,False,3
POST_03351,2024-03-02 16:12:00,Instagram,Carousel,Education,6673,75,21,19524,959,122705,5.52,16,Saturday,3,1511,Positive,Macro,True,False,False,False,3
POST_03885,2024-03-03 01:24:00,TikTok,Video,Travel,15059,111,3368,442474,2941,61215,30.28,1,Sunday,25,462,Neutral,Mid-tier,True,False,False,True,3
POST_04252,2024-03-03 08:48:00,Instagram,Story,Health,2030,279,29,23930,822,164510,1.42,8,Sunday,1,135,Positive,Macro,False,True,False,False,3
POST_01628,2024-03-03 12:52:00,Facebook,Video,Technology,5382,125,878,63199,619,37789,16.9,12,Sunday,7,353,Neutral,Micro,False,False,False,True,3
POST_00558,2024-03-03 15:54:00,Instagram,Photo,Sports,6034,468,296,44331,372,118616,5.73,15,Sunday,25,450,Positive,Macro,True,False,False,False,3
POST_03598,2024-03-03 16:01:00,Facebook,Live,Education,3503,177,828,12913,85,128316,3.51,16,Sunday,2,252,Negative,Macro,True,False,False,False,3
POST_04546,2024-03-03 16:27:00,TikTok,Video,Lifestyle,17560,242,1850,197711,723,155444,12.64,16,Sunday,4,134,Positive,Macro,True,False,False,False,3
POST_01623,2024-03-04 04:48:00,Facebook,Video,Technology,7340,239,291,31796,394,30408,25.88,4,Monday,14,109,Neutral,Micro,True,False,False,True,3
POST_02897,2024-03-04 12:24:00,Facebook,Post,Education,459,285,945,5956,400,311680,0.54,12,Monday,11,1336,Negative,Macro,True,False,False,False,3
POST_02064,2024-03-05 08:23:00,Facebook,Story,Travel,7801,276,860,67353,167,479153,1.87,8,Tuesday,21,1436,Positive,Macro,True,False,False,False,3
POST_01835,2024-03-05 08:41:00,TikTok,Duet,Lifestyle,15801,1563,2709,386422,871,207774,9.66,8,Tuesday,27,485,Positive,Macro,True,False,False,False,3
POST_00516,2024-03-05 20:52:00,Instagram,Photo,Business,5663,51,257,23987,695,7389,80.81,20,Tuesday,11,1288,Positive,Nano,True,False,False,True,3
POST_02157,2024-03-06 08:14:00,Instagram,Reel,Sports,2423,329,239,14812,625,124791,2.4,8,Wednesday,9,117,Positive,Macro,True,False,False,False,3
POST_03627,2024-03-06 10:27:00,Instagram,Story,Health,4028,256,151,31813,199,15973,27.77,10,Wednesday,11,547,Positive,Micro,True,False,False,True,3
POST_00054,2024-03-06 12:24:00,TikTok,Stitch,Travel,6587,1310,4788,429326,1522,141721,8.95,12,Wednesday,1,270,Negative,Macro,True,False,False,False,3
POST_04062,2024-03-06 12:38:00,Instagram,Story,Food,8509,16,74,38379,883,403784,2.13,12,Wednesday,11,857,Neutral,Macro,True,True,False,False,3
POST_00552,2024-03-06 15:28:00,TikTok,Video,Travel,42411,1942,4522,475328,1775,21155,200.0,15,Wednesday,28,246,Neutral,Micro,True,False,False,True,3
POST_01026,2024-03-06 17:03:00,Facebook,Live,Fashion,7084,318,240,60862,770,357254,2.14,17,Wednesday,26,446,Positive,Macro,True,False,False,False,3
POST_03356,2024-03-06 20:13:00,Instagram,Story,Fitness,9505,294,288,36015,404,483998,2.08,20,Wednesday,5,1927,Positive,Macro,True,False,False,False,3
POST_04382,2024-03-06 22:58:00,Instagram,Carousel,Sports,2504,55,176,4308,270,217131,1.26,22,Wednesday,20,1242,Neutral,Macro,True,False,False,False,3
POST_03852,2024-03-07 04:16:00,Instagram,Carousel,Travel,1833,459,68,28110,567,221341,1.07,4,Thursday,2,283,Positive,Macro,True,False,False,False,3
POST_00347,2024-03-07 12:31:00,Facebook,Video,Entertainment,2090,305,560,46015,161,224737,1.31,12,Thursday,4,434,Positive,Macro,True,True,False,False,3
POST_01412,2024-03-08 09:44:00,Instagram,Story,Food,708,220,48,12622,829,20563,4.75,9,Friday,2,334,Negative,Micro,True,False,False,False,3
POST_03789,2024-03-08 15:01:00,Instagram,Story,Education,2455,232,253,16158,882,401526,0.73,15,Friday,19,1079,Positive,Macro,True,False,False,False,3
POST_03151,2024-03-08 18:48:00,Facebook,Video,Entertainment,5998,398,399,65938,82,368122,1.85,18,Friday,11,363,Positive,Macro,True,False,False,False,3
POST_01642,2024-03-09 02:24:00,TikTok,Video,Gaming,27981,1971,2549,116513,1480,225462,14.42,2,Saturday,19,20,Positive,Macro,False,True,False,True,3
POST_01047,2024-03-09 03:38:00,Instagram,Reel,Sports,6149,451,182,13512,478,94261,7.19,3,Saturday,25,208,Neutral,Mid-tier,False,False,False,False,3
POST_04132,2024-03-09 06:26:00,Instagram,Story,Business,5743,70,81,15235,941,305334,1.93,6,Saturday,0,366,Positive,Macro,False,False,False,False,3
POST_02878,2024-03-10 00:26:00,Instagram,Story,Lifestyle,543,451,213,49129,163,218302,0.55,0,Sunday,12,1505,Positive,Macro,True,False,False,False,3
POST_02665,2024-03-10 09:19:00,Facebook,Video,Health,6435,163,66,31062,430,246642,2.7,9,Sunday,10,155,Positive,Macro,True,False,False,False,3
POST_00759,2024-03-10 11:15:00,TikTok,Video,Lifestyle,33547,212,3732,148092,1179,113597,33.0,11,Sunday,11,185,Neutral,Macro,True,False,False,True,3
POST_00753,2024-03-10 16:34:00,Facebook,Story,Business,7933,251,244,44181,211,272208,3.1,16,Sunday,12,273,Neutral,Macro,True,False,False,False,3
POST_02544,2024-03-10 17:34:00,Facebook,Post,Gaming,3793,33,601,45388,510,59540,7.44,17,Sunday,3,1677,Neutral,Mid-tier,True,True,False,False,3
POST_00127,2024-03-10 21:55:00,TikTok,Duet,Education,25202,1675,1158,62803,2929,74163,37.8,21,Sunday,5,340,Negative,Mid-tier,True,False,False,True,3
POST_02176,2024-03-11 02:35:00,TikTok,Stitch,Business,10767,737,1175,421675,547,12239,103.6,2,Monday,28,85,Positive,Micro,False,False,False,True,3
POST_03923,2024-03-11 10:12:00,TikTok,Stitch,Education,41949,188,1999,77721,2560,417945,10.56,10,Monday,17,224,Positive,Macro,True,True,False,False,3
POST_04053,2024-03-11 12:57:00,TikTok,Video,Health,30687,632,3844,343655,347,437567,8.04,12,Monday,3,508,Positive,Macro,True,False,False,False,3
POST_01448,2024-03-11 14:55:00,TikTok,Video,Food,10786,1162,1314,315360,515,384969,3.44,14,Monday,18,125,Neutral,Macro,True,False,False,False,3
POST_00540,2024-03-11 17:13:00,Instagram,Carousel,Travel,9918,276,215,40903,278,454249,2.29,17,Monday,16,1366,Neutral,Macro,True,False,False,False,3
POST_03252,2024-03-12 15:43:00,Instagram,Story,Travel,6503,53,285,35353,805,22103,30.95,15,Tuesday,17,509,Positive,Micro,True,False,False,True,3
POST_02900,2024-03-12 15:59:00,Instagram,Carousel,Gaming,2914,126,36,34285,604,109491,2.81,15,Tuesday,7,962,Negative,Macro,True,True,False,False,3
POST_02918,2024-03-12 17:14:00,TikTok,Video,Sports,3637,294,741,480521,999,224976,2.08,17,Tuesday,14,244,Neutral,Macro,True,False,False,False,3
POST_02402,2024-03-13 00:59:00,Instagram,Photo,Education,5312,350,43,34942,594,496451,1.15,0,Wednesday,29,109,Positive,Macro,True,True,False,False,3
POST_04201,2024-03-13 13:56:00,TikTok,Video,Education,40867,75,2312,383936,1117,184846,23.4,13,Wednesday,28,259,Positive,Macro,True,False,False,True,3
POST_02908,2024-03-13 18:46:00,Instagram,Story,Food,1362,494,63,45033,789,373877,0.51,18,Wednesday,1,1907,Positive,Macro,True,True,False,False,3
POST_02946,2024-03-14 01:47:00,Instagram,Carousel,Gaming,8889,366,155,43526,983,464173,2.03,1,Thursday,9,1914,Neutral,Macro,True,False,False,False,3
POST_02480,2024-03-14 08:49:00,TikTok,Stitch,Gaming,11037,1507,3013,478354,830,305265,5.1,8,Thursday,22,199,Neutral,Macro,True,False,False,False,3
POST_01983,2024-03-14 23:43:00,Facebook,Post,Entertainment,7568,167,613,31112,31,75022,11.13,23,Thursday,2,1124,Neutral,Mid-tier,True,False,False,False,3
POST_01082,2024-03-15 06:51:00,Instagram,Photo,Entertainment,5253,19,135,9169,642,19871,27.21,6,Friday,15,1129,Positive,Micro,True,False,False,True,3
POST_04801,2024-03-15 07:24:00,Instagram,Reel,Sports,9305,473,180,47220,968,383117,2.6,7,Friday,24,281,Neutral,Macro,True,False,False,False,3
POST_01953,2024-03-15 22:20:00,Facebook,Live,Gaming,6579,318,232,33978,698,267106,2.67,22,Friday,23,354,Neutral,Macro,True,False,False,False,3
POST_01986,2024-03-16 01:11:00,Instagram,Story,Travel,7788,269,189,22066,829,288913,2.85,1,Saturday,8,697,Negative,Macro,True,False,False,False,3
POST_03938,2024-03-16 11:01:00,Instagram,Story,Lifestyle,3166,294,206,22734,849,442145,0.83,11,Saturday,27,1871,Negative,Macro,True,False,False,False,3
POST_00815,2024-03-16 14:11:00,TikTok,Video,Fashion,23604,429,3699,454657,811,8572,200.0,14,Saturday,25,287,Negative,Nano,True,False,False,True,3
POST_00833,2024-03-16 14:29:00,Instagram,Reel,Food,1130,101,199,8314,156,198854,0.72,14,Saturday,2,390,Neutral,Macro,True,False,False,False,3
POST_04923,2024-03-16 15:40:00,Facebook,Live,Lifestyle,3357,236,972,22425,457,418867,1.09,15,Saturday,21,588,Negative,Macro,True,True,False,False,3
POST_04709,2024-03-16 15:53:00,TikTok,Stitch,Food,15271,1254,2194,352938,2824,356786,5.25,15,Saturday,9,438,Neutral,Macro,False,False,False,False,3
POST_00348,2024-03-16 18:40:00,Instagram,Carousel,Gaming,6374,18,181,45335,785,424973,1.55,18,Saturday,18,725,Neutral,Macro,True,False,False,False,3
POST_01594,2024-03-17 17:57:00,Instagram,Photo,Fashion,9482,227,99,34747,540,409372,2.4,17,Sunday,29,665,Neutral,Macro,False,False,False,False,3
POST_01114,2024-03-17 21:03:00,Facebook,Live,Business,7826,306,609,77002,663,411990,2.12,21,Sunday,12,148,Positive,Macro,False,False,False,False,3
POST_01149,2024-03-17 21:59:00,TikTok,Video,Food,21718,60,3774,414355,1588,107077,23.86,21,Sunday,7,220,Positive,Macro,True,True,False,True,3
POST_02044,2024-03-18 00:54:00,Instagram,Reel,Education,3167,5,167,48872,228,266352,1.25,0,Monday,23,62,Positive,Macro,True,False,False,False,3
POST_02893,2024-03-18 20:29:00,TikTok,Video,Fashion,45300,1860,754,285981,2910,272990,17.55,20,Monday,12,263,Positive,Macro,True,False,False,True,3
POST_00164,2024-03-18 22:57:00,Facebook,Live,Fashion,587,16,601,25378,35,432748,0.28,22,Monday,16,340,Positive,Macro,True,False,False,False,3
POST_04674,2024-03-19 00:55:00,Instagram,Story,Lifestyle,2660,67,81,3569,352,404464,0.69,0,Tuesday,11,1645,Positive,Macro,True,False,False,False,3
POST_03201,2024-03-19 03:52:00,Facebook,Story,Travel,3173,182,563,66065,366,41003,9.56,3,Tuesday,26,1061,Positive,Micro,True,False,False,False,3
POST_04924,2024-03-19 06:43:00,TikTok,Video,Travel,9018,1841,1841,105120,141,219831,5.78,6,Tuesday,6,408,Negative,Macro,True,False,False,False,3
POST_01196,2024-03-19 11:16:00,TikTok,Video,Entertainment,21487,998,134,469995,2535,224061,10.1,11,Tuesday,13,48,Negative,Macro,True,True,False,False,3
POST_01574,2024-03-20 07:22:00,TikTok,Video,Lifestyle,42008,53,2099,318062,77,297356,14.85,7,Wednesday,20,581,Positive,Macro,False,False,False,True,3
POST_00699,2024-03-20 09:54:00,Instagram,Carousel,Technology,2540,218,221,21265,765,173313,1.72,9,Wednesday,11,767,Positive,Macro,True,False,False,False,3
POST_04712,2024-03-21 07:04:00,Facebook,Story,Sports,737,50,895,18289,116,357917,0.47,7,Thursday,10,1665,Positive,Macro,True,False,False,False,3
POST_00843,2024-03-21 08:12:00,Instagram,Reel,Entertainment,2448,75,231,45680,799,355916,0.77,8,Thursday,1,256,Neutral,Macro,False,True,False,False,3
POST_04174,2024-03-21 13:46:00,Facebook,Live,Food,7279,344,990,22724,56,59384,14.5,13,Thursday,0,200,Positive,Mid-tier,True,False,False,True,3
POST_04764,2024-03-21 20:05:00,Instagram,Story,Entertainment,4628,220,159,19598,250,306083,1.64,20,Thursday,28,81,Positive,Macro,True,False,False,False,3
POST_02211,2024-03-21 21:42:00,TikTok,Duet,Health,31451,1311,1089,215087,2719,47037,71.97,21,Thursday,7,156,Positive,Micro,True,True,False,True,3
POST_03562,2024-03-21 23:38:00,TikTok,Video,Education,16915,1996,967,493812,1717,378890,5.25,23,Thursday,19,120,Positive,Macro,True,False,False,False,3
POST_00738,2024-03-22 00:16:00,TikTok,Duet,Travel,2940,1773,2967,203382,1024,379338,2.02,0,Friday,29,232,Negative,Macro,True,False,False,False,3
POST_04150,2024-03-22 01:08:00,TikTok,Stitch,Sports,36594,688,1303,166424,791,40992,94.13,1,Friday,9,446,Positive,Micro,True,False,False,True,3
POST_03543,2024-03-22 15:19:00,Instagram,Reel,Lifestyle,3584,354,18,6085,744,79161,5.0,15,Friday,28,161,Neutral,Mid-tier,True,False,False,False,3
POST_02619,2024-03-22 19:38:00,TikTok,Video,Travel,17852,1675,3820,71573,1432,381044,6.13,19,Friday,11,210,Negative,Macro,False,False,False,False,3
POST_02335,2024-03-23 04:03:00,Instagram,Story,Food,1795,414,297,20661,77,278925,0.9,4,Saturday,1,917,Positive,Macro,True,False,False,False,3
POST_00562,2024-03-23 10:38:00,Instagram,Reel,Travel,975,348,85,39851,680,19056,7.39,10,Saturday,8,508,Positive,Micro,True,False,False,False,3
POST_01137,2024-03-23 20:54:00,TikTok,Stitch,Gaming,28905,780,3617,400771,1139,20354,163.61,20,Saturday,19,526,Positive,Micro,True,True,False,True,3
POST_00730,2024-03-24 11:14:00,Instagram,Carousel,Travel,7207,320,259,22709,356,396871,1.96,11,Sunday,2,224,Positive,Macro,True,False,False,False,3
POST_00273,2024-03-24 15:01:00,TikTok,Video,Sports,25462,748,969,452812,571,489062,5.56,15,Sunday,17,35,Positive,Macro,True,False,False,False,3
POST_03969,2024-03-24 15:50:00,Facebook,Post,Lifestyle,7167,341,756,48409,172,335652,2.46,15,Sunday,9,1581,Negative,Macro,True,False,False,False,3
POST_03421,2024-03-25 03:10:00,TikTok,Video,Education,34926,1449,3341,354835,1920,27992,141.88,3,Monday,9,286,Positive,Micro,True,False,False,True,3
POST_01173,2024-03-25 08:09:00,Facebook,Post,Health,3671,151,409,6050,76,485841,0.87,8,Monday,9,353,Positive,Macro,True,False,False,False,3
POST_00782,2024-03-25 23:27:00,Facebook,Video,Business,7911,212,503,32945,436,124002,6.96,23,Monday,14,439,Negative,Macro,True,False,False,False,3
POST_02283,2024-03-26 03:16:00,Facebook,Live,Entertainment,668,32,28,63734,208,336564,0.22,3,Tuesday,24,419,Neutral,Macro,True,False,False,False,3
POST_01407,2024-03-26 09:05:00,TikTok,Stitch,Business,38307,721,1223,61152,1441,127710,31.52,9,Tuesday,9,341,Neutral,Macro,True,False,False,True,3
POST_02128,2024-03-26 09:38:00,Instagram,Carousel,Business,4420,362,21,41598,959,80845,5.94,9,Tuesday,3,556,Positive,Mid-tier,False,False,False,False,3
POST_04187,2024-03-26 09:38:00,Instagram,Photo,Entertainment,925,19,212,12593,552,318853,0.36,9,Tuesday,4,389,Neutral,Macro,True,False,False,False,3
POST_03132,2024-03-26 17:54:00,TikTok,Video,Fashion,21177,913,4600,467745,2648,55301,48.26,17,Tuesday,4,202,Positive,Mid-tier,True,False,False,True,3
POST_04793,2024-03-26 21:26:00,Instagram,Reel,Gaming,3763,64,120,35066,480,393133,1.0,21,Tuesday,21,370,Neutral,Macro,True,True,False,False,3
POST_03987,2024-03-27 09:28:00,Instagram,Reel,Gaming,2583,371,17,46427,444,214849,1.38,9,Wednesday,5,584,Negative,Macro,True,False,False,False,3
POST_00689,2024-03-27 09:35:00,TikTok,Duet,Food,48063,1256,4979,212537,1221,431285,12.59,9,Wednesday,24,433,Neutral,Macro,True,False,False,False,3
POST_03429,2024-03-27 13:23:00,TikTok,Stitch,Health,10104,1622,4446,460216,297,418587,3.86,13,Wednesday,5,545,Positive,Macro,True,False,False,False,3
POST_01470,2024-03-27 18:06:00,TikTok,Stitch,Lifestyle,31658,947,4470,48585,2944,441067,8.41,18,Wednesday,8,240,Positive,Macro,True,False,False,False,3
POST_01502,2024-03-27 18:37:00,Facebook,Video,Fashion,5023,273,405,11823,163,172617,3.3,18,Wednesday,18,352,Neutral,Macro,True,True,False,False,3
POST_01188,2024-03-27 23:57:00,Instagram,Carousel,Business,9913,172,238,26704,14,21619,47.75,23,Wednesday,21,613,Positive,Micro,True,True,False,True,3
POST_00579,2024-03-28 02:27:00,Facebook,Story,Sports,2893,343,559,30227,188,476833,0.8,2,Thursday,29,156,Neutral,Macro,False,False,False,False,3
POST_02492,2024-03-28 03:47:00,Instagram,Carousel,Gaming,5649,79,231,46709,64,336128,1.77,3,Thursday,5,354,Positive,Macro,True,True,False,False,3
POST_01245,2024-03-28 03:53:00,TikTok,Stitch,Lifestyle,30757,737,580,122339,1202,390792,8.21,3,Thursday,5,17,Positive,Macro,True,False,False,False,3
POST_00351,2024-03-28 07:07:00,Facebook,Live,Health,3122,221,597,11328,550,465020,0.85,7,Thursday,24,545,Negative,Macro,True,True,False,False,3
POST_04018,2024-03-28 10:54:00,TikTok,Stitch,Entertainment,15804,1927,1376,429388,207,404820,4.72,10,Thursday,3,408,Neutral,Macro,True,False,False,False,3
POST_01625,2024-03-28 21:22:00,Instagram,Story,Business,5353,49,244,23854,955,461273,1.22,21,Thursday,27,128,Negative,Macro,True,False,False,False,3
POST_00074,2024-03-28 23:31:00,TikTok,Stitch,Lifestyle,6157,1293,2712,180050,2352,144042,7.05,23,Thursday,26,397,Negative,Macro,True,False,False,False,3
POST_01999,2024-03-29 09:48:00,Instagram,Story,Food,1592,259,76,15030,196,109105,1.77,9,Friday,13,539,Positive,Macro,True,False,False,False,3
POST_03581,2024-03-29 09:49:00,Facebook,Video,Gaming,6318,237,695,15855,143,311281,2.33,9,Friday,12,364,Positive,Macro,True,False,False,False,3
POST_01415,2024-03-29 13:07:00,Facebook,Story,Entertainment,4551,383,490,10747,192,12350,43.92,13,Friday,20,263,Neutral,Micro,False,False,False,True,3
POST_02887,2024-03-29 19:08:00,Facebook,Video,Technology,7625,387,57,50221,414,456802,1.77,19,Friday,6,383,Neutral,Macro,True,False,False,False,3
POST_03618,2024-03-29 21:30:00,TikTok,Stitch,Technology,48699,671,3192,349638,1678,97037,54.17,21,Friday,9,399,Positive,Mid-tier,False,False,False,True,3
POST_01180,2024-03-30 05:27:00,Facebook,Live,Travel,7171,40,875,49303,567,31302,25.83,5,Saturday,18,441,Positive,Micro,True,False,False,True,3
POST_01519,2024-03-30 08:24:00,Instagram,Story,Entertainment,5232,414,280,38846,595,364561,1.63,8,Saturday,5,774,Neutral,Macro,True,False,False,False,3
POST_01609,2024-03-30 09:52:00,Instagram,Reel,Fitness,511,346,118,39053,373,148121,0.66,9,Saturday,28,483,Neutral,Macro,False,False,False,False,3
POST_04779,2024-03-30 15:06:00,Instagram,Story,Education,546,58,176,43805,800,395107,0.2,15,Saturday,19,680,Neutral,Macro,False,True,False,False,3
POST_03134,2024-03-30 16:25:00,Facebook,Story,Health,4787,69,709,12160,538,176550,3.15,16,Saturday,21,1145,Positive,Macro,True,False,False,False,3
POST_01753,2024-03-31 04:39:00,Instagram,Photo,Fashion,2843,391,171,38193,707,63970,5.32,4,Sunday,0,1114,Positive,Mid-tier,False,False,False,False,3
POST_01857,2024-03-31 15:28:00,TikTok,Video,Gaming,49949,41,4894,67355,598,204123,26.89,15,Sunday,27,212,Positive,Macro,True,False,False,True,3
POST_01576,2024-03-31 22:42:00,Instagram,Carousel,Sports,4163,107,71,24682,660,34828,12.46,22,Sunday,4,1333,Positive,Micro,True,True,False,False,3
POST_03475,2024-04-01 10:45:00,TikTok,Video,Health,17244,783,1572,28115,1007,17755,110.39,10,Monday,16,71,Neutral,Micro,False,False,False,True,4
POST_03810,2024-04-01 12:44:00,Instagram,Carousel,Gaming,1675,376,176,30325,575,33048,6.74,12,Monday,21,1126,Positive,Micro,True,True,False,False,4
POST_02973,2024-04-01 22:41:00,TikTok,Stitch,Food,6493,1424,740,157531,2279,168516,5.14,22,Monday,8,429,Positive,Macro,True,True,False,False,4
POST_02924,2024-04-02 11:34:00,Instagram,Photo,Health,5987,51,280,30931,739,37309,16.93,11,Tuesday,19,401,Negative,Micro,True,False,False,True,4
POST_00879,2024-04-02 12:32:00,Instagram,Story,Entertainment,8608,436,159,14381,95,351092,2.62,12,Tuesday,29,162,Positive,Macro,True,False,False,False,4
POST_00455,2024-04-02 13:06:00,Instagram,Carousel,Lifestyle,6842,344,33,20512,274,285501,2.53,13,Tuesday,0,1713,Negative,Macro,True,False,False,False,4
POST_00663,2024-04-02 19:38:00,Facebook,Story,Entertainment,5439,52,514,72654,309,50120,11.98,19,Tuesday,3,1521,Positive,Mid-tier,True,False,False,False,4
POST_02155,2024-04-03 04:30:00,Instagram,Carousel,Gaming,2089,296,256,30449,394,382968,0.69,4,Wednesday,25,1755,Negative,Macro,True,False,False,False,4
POST_00384,2024-04-03 07:43:00,TikTok,Video,Health,38849,1991,767,313697,850,232446,17.9,7,Wednesday,26,76,Positive,Macro,True,False,False,True,4
POST_04066,2024-04-03 09:41:00,Instagram,Carousel,Technology,5032,270,76,11853,514,46332,11.61,9,Wednesday,0,137,Neutral,Micro,True,False,False,False,4
POST_02694,2024-04-04 14:32:00,Facebook,Post,Lifestyle,7117,149,96,39538,792,334536,2.2,14,Thursday,11,1533,Positive,Macro,True,False,False,False,4
POST_04730,2024-04-04 16:24:00,Instagram,Carousel,Education,6862,265,196,9533,360,220263,3.32,16,Thursday,22,992,Positive,Macro,True,False,False,False,4
POST_04901,2024-04-05 00:27:00,Instagram,Carousel,Lifestyle,2741,463,20,21932,796,493485,0.65,0,Friday,16,791,Negative,Macro,True,True,False,False,4
POST_03536,2024-04-05 01:32:00,Instagram,Carousel,Travel,6526,457,52,35741,145,428857,1.64,1,Friday,3,326,Positive,Macro,True,True,False,False,4
POST_00007,2024-04-05 06:14:00,Instagram,Photo,Health,157,76,109,29992,407,480704,0.07,6,Friday,6,156,Positive,Macro,True,True,False,False,4
POST_03496,2024-04-05 06:55:00,Instagram,Carousel,Fitness,3658,68,238,47894,814,232457,1.71,6,Friday,16,1976,Positive,Macro,True,True,False,False,4
POST_00219,2024-04-05 07:43:00,Facebook,Video,Sports,2016,312,30,30964,483,375602,0.63,7,Friday,11,304,Positive,Macro,True,False,False,False,4
POST_01819,2024-04-05 11:52:00,Facebook,Story,Fashion,4406,252,231,28062,65,75833,6.45,11,Friday,2,1314,Positive,Mid-tier,True,True,False,False,4
POST_01333,2024-04-05 12:32:00,Instagram,Reel,Fitness,1747,132,256,11180,878,340852,0.63,12,Friday,25,31,Neutral,Macro,True,False,False,False,4
POST_02736,2024-04-05 22:29:00,TikTok,Video,Travel,34898,551,637,296174,1391,76939,46.9,22,Friday,14,124,Positive,Mid-tier,True,True,False,True,4
POST_01337,2024-04-05 23:29:00,Instagram,Reel,Fitness,7710,138,240,20420,589,86087,9.4,23,Friday,0,360,Negative,Mid-tier,True,False,False,False,4
POST_02442,2024-04-06 01:29:00,Facebook,Video,Sports,5693,211,648,45449,40,80866,8.1,1,Saturday,26,265,Positive,Mid-tier,True,False,False,False,4
POST_03550,2024-04-06 14:42:00,Facebook,Live,Fitness,3085,383,16,11122,39,26854,12.97,14,Saturday,4,31,Positive,Micro,True,False,False,False,4
POST_02343,2024-04-06 16:42:00,Instagram,Reel,Business,2903,405,294,48522,698,325082,1.11,16,Saturday,3,106,Positive,Macro,True,False,False,False,4
POST_00681,2024-04-06 17:43:00,TikTok,Stitch,Fitness,27295,1327,199,71332,1517,278487,10.35,17,Saturday,16,385,Positive,Macro,True,False,False,False,4
POST_03185,2024-04-06 19:48:00,Facebook,Post,Gaming,2410,368,791,49386,137,137227,2.6,19,Saturday,21,383,Neutral,Macro,True,False,False,False,4
POST_01360,2024-04-07 00:13:00,Facebook,Post,Education,4779,124,289,20993,367,118391,4.39,0,Sunday,19,1115,Negative,Macro,False,True,False,False,4
POST_01323,2024-04-07 04:48:00,TikTok,Stitch,Technology,36687,1326,1777,468070,2890,38522,103.29,4,Sunday,6,307,Negative,Micro,True,False,False,True,4
POST_00575,2024-04-07 10:27:00,TikTok,Duet,Food,47307,1839,3771,146295,2555,390184,13.56,10,Sunday,8,47,Neutral,Macro,True,False,False,False,4
POST_03462,2024-04-07 17:03:00,Instagram,Photo,Fitness,1948,124,134,2927,611,458021,0.48,17,Sunday,22,591,Positive,Macro,True,True,False,False,4
POST_04136,2024-04-07 19:20:00,Instagram,Reel,Gaming,6836,186,195,41477,480,159666,4.52,19,Sunday,14,218,Neutral,Macro,True,True,False,False,4
POST_01605,2024-04-08 01:25:00,Instagram,Reel,Fitness,8692,390,57,29912,666,496986,1.84,1,Monday,7,211,Positive,Macro,True,False,False,False,4
POST_02392,2024-04-08 16:42:00,Instagram,Carousel,Lifestyle,9700,117,270,30864,963,230006,4.39,16,Monday,15,851,Neutral,Macro,False,False,False,False,4
POST_03190,2024-04-08 17:37:00,TikTok,Stitch,Lifestyle,46828,683,612,160091,2829,153852,31.28,17,Monday,10,365,Neutral,Macro,False,False,False,True,4
POST_04777,2024-04-09 00:09:00,Instagram,Story,Sports,1936,315,10,18488,549,111940,2.02,0,Tuesday,5,353,Positive,Macro,True,False,False,False,4
POST_03875,2024-04-09 00:30:00,Instagram,Photo,Sports,2563,293,119,49493,101,215721,1.38,0,Tuesday,13,242,Positive,Macro,True,False,False,False,4
POST_04845,2024-04-09 01:13:00,Instagram,Carousel,Gaming,3882,477,218,5221,535,363595,1.26,1,Tuesday,5,624,Positive,Macro,True,False,False,False,4
POST_00521,2024-04-09 07:56:00,Facebook,Post,Fitness,4024,125,599,38846,501,291790,1.63,7,Tuesday,26,1035,Positive,Macro,True,False,False,False,4
POST_04758,2024-04-09 10:26:00,TikTok,Stitch,Lifestyle,14539,629,1551,227552,2484,215224,7.77,10,Tuesday,17,127,Neutral,Macro,True,True,False,False,4
POST_01730,2024-04-09 15:08:00,Facebook,Post,Gaming,5436,309,671,42304,444,346947,1.85,15,Tuesday,9,427,Neutral,Macro,True,False,False,False,4
POST_00102,2024-04-10 01:25:00,Facebook,Post,Entertainment,3568,392,279,50900,250,128737,3.29,1,Wednesday,15,1275,Positive,Macro,True,True,False,False,4
POST_03006,2024-04-10 07:47:00,TikTok,Duet,Education,44650,731,2320,320795,2230,303171,15.73,7,Wednesday,3,515,Negative,Macro,False,True,False,True,4
POST_02879,2024-04-10 16:06:00,Facebook,Post,Gaming,5117,233,106,24311,239,474729,1.15,16,Wednesday,20,988,Neutral,Macro,True,True,False,False,4
POST_02700,2024-04-10 16:43:00,TikTok,Video,Lifestyle,46998,801,2942,322649,2353,264047,19.22,16,Wednesday,6,347,Neutral,Macro,True,False,False,True,4
POST_03645,2024-04-11 04:41:00,TikTok,Duet,Fitness,5592,453,1691,163564,1863,499675,1.55,4,Thursday,18,568,Positive,Macro,True,True,False,False,4
POST_03233,2024-04-11 06:58:00,Instagram,Story,Gaming,238,278,72,7645,817,49848,1.18,6,Thursday,23,1391,Neutral,Micro,True,False,False,False,4
POST_02515,2024-04-11 10:31:00,Facebook,Video,Fashion,1097,274,906,50989,378,60388,3.77,10,Thursday,17,232,Positive,Mid-tier,True,True,False,False,4
POST_02249,2024-04-11 22:10:00,Facebook,Post,Entertainment,5542,56,450,44656,400,306176,1.98,22,Thursday,15,1471,Negative,Macro,True,False,False,False,4
POST_00732,2024-04-11 22:41:00,TikTok,Video,Technology,43887,1769,2799,219838,1485,453410,10.69,22,Thursday,26,29,Positive,Macro,True,False,False,False,4
POST_00441,2024-04-12 14:06:00,Instagram,Story,Gaming,3824,302,183,4929,520,432693,1.0,14,Friday,13,1928,Neutral,Macro,True,False,False,False,4
POST_00457,2024-04-12 14:10:00,Instagram,Story,Fitness,9526,67,165,12084,855,248709,3.92,14,Friday,26,1230,Neutral,Macro,True,False,False,False,4
POST_03949,2024-04-13 00:53:00,Instagram,Story,Travel,1567,243,75,13675,341,324477,0.58,0,Saturday,23,96,Positive,Macro,False,False,False,False,4
POST_01808,2024-04-13 08:41:00,Instagram,Carousel,Entertainment,9181,151,112,22878,367,92545,10.2,8,Saturday,5,1734,Positive,Mid-tier,True,False,False,False,4
POST_01651,2024-04-13 09:55:00,Instagram,Story,Gaming,2431,110,188,43154,719,255389,1.07,9,Saturday,23,1302,Neutral,Macro,True,False,False,False,4
POST_01600,2024-04-13 10:13:00,TikTok,Video,Entertainment,37848,1840,1969,221452,2178,122204,34.09,10,Saturday,10,282,Positive,Macro,False,True,False,True,4
POST_02228,2024-04-13 10:23:00,Facebook,Video,Lifestyle,1567,252,738,18130,145,187716,1.36,10,Saturday,0,67,Negative,Macro,False,False,False,False,4
POST_04497,2024-04-13 13:31:00,Facebook,Post,Fashion,1542,101,186,60360,240,65998,2.77,13,Saturday,14,1492,Positive,Mid-tier,True,True,False,False,4
POST_00700,2024-04-13 16:49:00,Facebook,Post,Travel,6017,260,574,53571,497,98714,6.94,16,Saturday,11,776,Positive,Mid-tier,True,True,False,False,4
POST_01790,2024-04-13 21:33:00,Facebook,Story,Fitness,7996,213,957,49847,65,135461,6.77,21,Saturday,9,320,Positive,Macro,True,True,False,False,4
POST_01706,2024-04-14 00:32:00,Instagram,Carousel,Sports,4144,367,110,10024,61,6118,75.53,0,Sunday,19,677,Negative,Nano,False,False,False,True,4
POST_04134,2024-04-14 22:34:00,Facebook,Live,Fitness,1290,89,612,61654,296,202012,0.99,22,Sunday,21,90,Negative,Macro,True,False,False,False,4
POST_00290,2024-04-14 22:49:00,Facebook,Live,Entertainment,7660,122,980,54960,135,482156,1.82,22,Sunday,9,366,Neutral,Macro,True,False,False,False,4
POST_01308,2024-04-14 23:53:00,TikTok,Duet,Fitness,30956,776,1007,174695,1253,304110,10.77,23,Sunday,19,51,Neutral,Macro,True,True,False,False,4
POST_02280,2024-04-15 03:04:00,Instagram,Story,Sports,4871,202,8,27009,20,24438,20.79,3,Monday,15,1979,Neutral,Micro,False,False,False,True,4
POST_00647,2024-04-15 04:16:00,Facebook,Video,Gaming,5023,30,158,71478,726,462412,1.13,4,Monday,17,220,Positive,Macro,True,False,False,False,4
POST_01764,2024-04-15 12:32:00,Facebook,Video,Entertainment,1690,118,395,24012,194,294790,0.75,12,Monday,27,88,Neutral,Macro,True,False,False,False,4
POST_04866,2024-04-16 02:41:00,Facebook,Live,Health,3543,309,784,78334,133,323254,1.43,2,Tuesday,7,128,Positive,Macro,True,False,False,False,4
POST_02421,2024-04-16 05:50:00,Instagram,Story,Lifestyle,7934,405,227,46285,220,390912,2.19,5,Tuesday,15,128,Neutral,Macro,False,False,False,False,4
POST_01980,2024-04-16 06:34:00,TikTok,Stitch,Entertainment,6189,1352,4911,490357,778,396720,3.14,6,Tuesday,13,585,Positive,Macro,True,False,False,False,4
POST_04041,2024-04-16 21:35:00,TikTok,Stitch,Entertainment,28510,352,4447,131407,1510,386463,8.62,21,Tuesday,6,468,Positive,Macro,True,False,False,False,4
POST_03635,2024-04-16 22:03:00,Instagram,Carousel,Lifestyle,9563,337,250,12744,694,175578,5.78,22,Tuesday,11,357,Negative,Macro,True,True,False,False,4
POST_02997,2024-04-16 23:03:00,Instagram,Carousel,Sports,8018,425,180,44956,550,356918,2.42,23,Tuesday,6,348,Positive,Macro,True,False,False,False,4
POST_01793,2024-04-17 16:46:00,Facebook,Post,Technology,2702,65,376,70615,284,19476,16.14,16,Wednesday,12,1567,Negative,Micro,True,False,False,True,4
POST_01876,2024-04-18 01:57:00,Facebook,Live,Sports,783,237,692,50674,550,367770,0.47,1,Thursday,11,160,Positive,Macro,True,True,False,False,4
POST_04566,2024-04-18 04:40:00,TikTok,Duet,Education,12193,1470,320,492450,2751,321866,4.34,4,Thursday,24,176,Negative,Macro,True,False,False,False,4
POST_01481,2024-04-18 05:28:00,TikTok,Duet,Technology,3669,1252,4349,297229,2345,348195,2.66,5,Thursday,15,392,Neutral,Macro,True,False,False,False,4
POST_03508,2024-04-18 10:09:00,Facebook,Live,Business,372,208,417,45496,191,380920,0.26,10,Thursday,19,298,Neutral,Macro,True,False,False,False,4
POST_00868,2024-04-18 10:15:00,Instagram,Photo,Food,2119,291,106,37512,281,366450,0.69,10,Thursday,19,1814,Positive,Macro,True,False,False,False,4
POST_04292,2024-04-18 13:45:00,Instagram,Carousel,Travel,6926,210,99,8782,485,98726,7.33,13,Thursday,13,1184,Positive,Mid-tier,True,False,False,False,4
POST_04643,2024-04-18 17:47:00,TikTok,Video,Food,48764,266,3826,149836,1497,19931,200.0,17,Thursday,1,187,Neutral,Micro,True,False,False,True,4
POST_02418,2024-04-18 20:36:00,Instagram,Carousel,Business,3067,323,133,40611,61,91371,3.86,20,Thursday,28,1137,Positive,Mid-tier,True,False,False,False,4
POST_04708,2024-04-18 21:37:00,Instagram,Reel,Travel,3504,120,150,37555,754,117013,3.23,21,Thursday,21,269,Positive,Macro,True,False,False,False,4
POST_01177,2024-04-19 02:00:00,TikTok,Stitch,Lifestyle,32639,1752,4916,397070,180,221695,17.73,2,Friday,21,404,Negative,Macro,True,False,False,True,4
POST_02365,2024-04-19 04:31:00,Facebook,Story,Lifestyle,2737,294,854,67245,449,185617,2.09,4,Friday,23,748,Neutral,Macro,True,True,False,False,4
POST_03237,2024-04-19 05:53:00,Instagram,Reel,Entertainment,8882,338,293,21586,549,201096,4.73,5,Friday,13,125,Neutral,Macro,True,False,False,False,4
POST_00229,2024-04-19 13:14:00,TikTok,Video,Gaming,49194,299,1311,441374,1792,424287,11.97,13,Friday,7,355,Positive,Macro,True,False,False,False,4
POST_04520,2024-04-20 00:08:00,Instagram,Story,Travel,5154,301,158,16569,956,203324,2.76,0,Saturday,24,1216,Positive,Macro,False,False,False,False,4
POST_02512,2024-04-20 00:18:00,TikTok,Duet,Lifestyle,37945,1226,2317,112532,2664,472400,8.78,0,Saturday,14,596,Positive,Macro,True,False,False,False,4
POST_00560,2024-04-20 15:45:00,Facebook,Story,Business,1515,58,234,40763,590,46816,3.86,15,Saturday,3,1991,Positive,Micro,True,True,False,False,4
POST_00285,2024-04-20 18:01:00,Facebook,Video,Business,7986,16,989,29191,643,59204,15.19,18,Saturday,7,254,Positive,Mid-tier,True,False,False,True,4
POST_02903,2024-04-21 04:34:00,Instagram,Carousel,Lifestyle,8504,74,150,40649,881,414573,2.11,4,Sunday,18,1307,Positive,Macro,True,False,False,False,4
POST_04038,2024-04-21 10:36:00,TikTok,Stitch,Technology,9028,909,1948,348937,2220,225095,5.28,10,Sunday,1,340,Positive,Macro,True,False,False,False,4
POST_02576,2024-04-21 14:29:00,Facebook,Live,Fashion,1005,77,666,35651,249,29194,5.99,14,Sunday,18,24,Neutral,Micro,True,False,False,False,4
POST_00554,2024-04-21 14:32:00,Facebook,Story,Travel,1158,165,583,49729,565,491940,0.39,14,Sunday,10,1715,Positive,Macro,True,False,False,False,4
POST_02769,2024-04-21 21:52:00,Facebook,Video,Fitness,5155,32,451,43780,392,165850,3.4,21,Sunday,10,248,Neutral,Macro,False,True,False,False,4
POST_04698,2024-04-22 01:58:00,Facebook,Video,Fitness,890,209,152,51975,556,203580,0.61,1,Monday,19,583,Neutral,Macro,True,False,False,False,4
POST_04661,2024-04-22 07:06:00,Facebook,Live,Travel,3733,14,126,64776,258,261407,1.48,7,Monday,20,343,Neutral,Macro,True,False,False,False,4
POST_04548,2024-04-22 08:23:00,Facebook,Live,Food,2117,155,110,73032,683,295435,0.81,8,Monday,16,150,Positive,Macro,True,True,False,False,4
POST_03005,2024-04-22 10:14:00,Facebook,Live,Fashion,3331,25,992,40387,288,187937,2.31,10,Monday,10,202,Neutral,Macro,True,False,False,False,4
POST_04429,2024-04-22 21:35:00,Instagram,Photo,Lifestyle,764,280,243,9731,418,290168,0.44,21,Monday,27,1190,Neutral,Macro,False,False,False,False,4
POST_00741,2024-04-23 09:15:00,Facebook,Video,Sports,7832,218,294,58588,559,19483,42.83,9,Tuesday,20,399,Positive,Micro,True,True,False,True,4
POST_00745,2024-04-23 15:38:00,Instagram,Photo,Education,2110,194,265,36048,113,191055,1.34,15,Tuesday,3,1684,Positive,Macro,True,False,False,False,4
POST_01554,2024-04-23 16:55:00,TikTok,Stitch,Education,16624,1341,4559,462199,2523,215182,10.47,16,Tuesday,3,93,Positive,Macro,True,False,False,False,4
POST_03213,2024-04-24 02:01:00,Instagram,Reel,Education,6682,104,241,45940,721,192554,3.65,2,Wednesday,4,339,Positive,Macro,True,False,False,False,4
POST_04308,2024-04-24 02:21:00,Facebook,Live,Health,1374,284,142,54402,77,92131,1.95,2,Wednesday,26,299,Positive,Mid-tier,False,True,False,False,4
POST_02692,2024-04-24 11:50:00,Facebook,Live,Entertainment,3035,342,865,33496,309,256476,1.65,11,Wednesday,1,268,Neutral,Macro,False,False,False,False,4
POST_00071,2024-04-24 11:56:00,TikTok,Duet,Business,10637,1013,3618,238705,2672,131051,11.65,11,Wednesday,2,515,Neutral,Macro,True,True,False,False,4
POST_02842,2024-04-24 19:11:00,TikTok,Stitch,Lifestyle,42598,1920,4069,282091,2692,65626,74.04,19,Wednesday,5,450,Positive,Mid-tier,True,False,False,True,4
POST_01044,2024-04-25 01:51:00,Facebook,Live,Health,7520,86,974,69587,793,416380,2.06,1,Thursday,5,228,Positive,Macro,True,False,False,False,4
POST_02990,2024-04-25 04:43:00,TikTok,Video,Entertainment,22258,1277,3110,432047,1683,460438,5.79,4,Thursday,28,82,Neutral,Macro,True,False,False,False,4
POST_01392,2024-04-25 07:31:00,Instagram,Photo,Fitness,3241,65,27,15462,484,323955,1.03,7,Thursday,8,1071,Positive,Macro,True,False,False,False,4
POST_00977,2024-04-25 10:10:00,Facebook,Video,Business,2803,34,190,28621,573,112738,2.68,10,Thursday,17,334,Negative,Macro,True,False,False,False,4
POST_04482,2024-04-25 10:58:00,Facebook,Post,Fitness,6756,264,753,46674,470,222864,3.49,10,Thursday,26,760,Positive,Macro,True,False,False,False,4
POST_02746,2024-04-25 11:30:00,TikTok,Duet,Entertainment,17038,1726,2454,325168,2873,313509,6.77,11,Thursday,23,32,Neutral,Macro,True,False,False,False,4
POST_01303,2024-04-25 18:07:00,Instagram,Reel,Food,2795,186,144,18329,727,445618,0.7,18,Thursday,8,95,Neutral,Macro,True,True,False,False,4
POST_02816,2024-04-25 18:30:00,TikTok,Duet,Fitness,1097,829,2339,106511,648,162498,2.62,18,Thursday,24,595,Neutral,Macro,False,True,False,False,4
POST_03123,2024-04-25 23:30:00,Instagram,Reel,Gaming,2309,207,215,29280,977,75950,3.6,23,Thursday,16,348,Positive,Mid-tier,True,False,False,False,4
POST_03494,2024-04-25 23:55:00,TikTok,Stitch,Technology,46732,212,3507,445959,191,174531,28.91,23,Thursday,11,303,Negative,Macro,False,False,False,True,4
POST_01795,2024-04-26 03:31:00,Instagram,Story,Food,5482,398,294,33955,897,206319,2.99,3,Friday,11,512,Positive,Macro,True,False,False,False,4
POST_03361,2024-04-26 04:12:00,TikTok,Duet,Health,20522,1060,4042,46104,2684,361187,7.09,4,Friday,5,590,Positive,Macro,False,False,False,False,4
POST_01274,2024-04-26 11:22:00,Instagram,Reel,Health,4810,354,188,14896,806,372402,1.44,11,Friday,9,307,Positive,Macro,True,False,False,False,4
POST_02087,2024-04-26 15:43:00,Instagram,Reel,Lifestyle,2579,193,240,46980,855,291190,1.03,15,Friday,13,195,Negative,Macro,True,False,False,False,4
POST_03628,2024-04-26 19:14:00,TikTok,Stitch,Travel,6477,1721,2545,491974,2080,313820,3.42,19,Friday,20,162,Positive,Macro,True,False,False,False,4
POST_03065,2024-04-26 20:30:00,Facebook,Video,Food,1411,359,882,28363,436,35000,7.58,20,Friday,1,351,Negative,Micro,True,False,False,False,4
POST_00284,2024-04-27 05:19:00,Instagram,Story,Sports,208,448,126,38497,558,99566,0.79,5,Saturday,13,403,Neutral,Mid-tier,False,True,False,False,4
POST_00371,2024-04-27 17:14:00,Instagram,Story,Business,4704,363,92,14825,62,271673,1.9,17,Saturday,18,403,Negative,Macro,True,True,False,False,4
POST_00058,2024-04-27 21:56:00,Instagram,Carousel,Fitness,612,182,140,3499,848,388323,0.24,21,Saturday,3,53,Negative,Macro,True,False,False,False,4
POST_04090,2024-04-27 22:58:00,Instagram,Photo,Sports,9534,348,41,41185,423,220385,4.5,22,Saturday,19,1962,Neutral,Macro,True,False,False,False,4
POST_03000,2024-04-28 02:57:00,TikTok,Duet,Travel,23926,96,173,449912,364,82939,29.17,2,Sunday,15,243,Positive,Mid-tier,True,False,False,True,4
POST_01814,2024-04-28 03:54:00,Instagram,Reel,Education,8396,169,183,9954,658,201065,4.35,3,Sunday,21,218,Negative,Macro,True,True,False,False,4
POST_01435,2024-04-28 07:47:00,Instagram,Photo,Education,3237,408,203,5995,259,31337,12.28,7,Sunday,15,1653,Positive,Micro,True,False,False,False,4
POST_04307,2024-04-28 09:05:00,Facebook,Post,Health,5547,197,855,10752,732,381924,1.73,9,Sunday,19,1850,Positive,Macro,True,True,False,False,4
POST_01784,2024-04-28 13:28:00,Facebook,Story,Business,4403,208,594,61104,335,173132,3.01,13,Sunday,19,1017,Neutral,Macro,True,False,False,False,4
POST_04310,2024-04-28 18:23:00,TikTok,Duet,Gaming,488,1886,3442,69333,2966,261921,2.22,18,Sunday,17,138,Positive,Macro,True,False,False,False,4
POST_04218,2024-04-29 02:41:00,Facebook,Live,Entertainment,5846,82,17,20754,452,494565,1.2,2,Monday,5,395,Neutral,Macro,True,True,False,False,4
POST_02686,2024-04-29 09:45:00,Instagram,Photo,Gaming,2320,496,12,16560,521,55878,5.06,9,Monday,18,653,Positive,Mid-tier,True,False,False,False,4
POST_02116,2024-04-30 02:30:00,Instagram,Photo,Lifestyle,5381,12,123,6685,342,454105,1.21,2,Tuesday,0,1600,Neutral,Macro,True,False,False,False,4
POST_04390,2024-04-30 05:55:00,Instagram,Story,Technology,5875,196,68,44228,887,52584,11.67,5,Tuesday,13,661,Positive,Mid-tier,True,True,False,False,4
POST_01312,2024-04-30 07:13:00,TikTok,Stitch,Entertainment,6690,1699,1037,425945,1130,469033,2.01,7,Tuesday,4,135,Positive,Macro,True,True,False,False,4
POST_03730,2024-04-30 11:19:00,Facebook,Story,Food,2918,14,485,33344,327,37459,9.12,11,Tuesday,19,621,Neutral,Micro,True,True,False,False,4
POST_01738,2024-04-30 15:03:00,Instagram,Story,Education,774,308,201,40978,811,342753,0.37,15,Tuesday,14,1596,Neutral,Macro,True,True,False,False,4
POST_02132,2024-04-30 16:00:00,Instagram,Photo,Technology,3228,431,290,33453,567,401572,0.98,16,Tuesday,3,1829,Positive,Macro,True,False,False,False,4
POST_04360,2024-04-30 16:41:00,Instagram,Reel,Food,8685,424,206,30683,788,157724,5.91,16,Tuesday,21,131,Neutral,Macro,False,False,False,False,4
POST_00415,2024-04-30 20:53:00,Facebook,Post,Fitness,1952,235,732,54544,213,449687,0.65,20,Tuesday,6,842,Positive,Macro,False,False,False,False,4
POST_02658,2024-04-30 23:54:00,TikTok,Video,Business,31408,776,1313,57018,1724,283466,11.82,23,Tuesday,28,79,Neutral,Macro,True,False,False,False,4
POST_02545,2024-05-01 05:20:00,Instagram,Story,Fitness,4468,336,244,49179,439,101970,4.95,5,Wednesday,6,885,Neutral,Macro,True,False,False,False,5
POST_04364,2024-05-01 07:25:00,Facebook,Video,Lifestyle,5962,36,216,12166,725,202920,3.06,7,Wednesday,24,53,Positive,Macro,False,True,False,False,5
POST_04897,2024-05-01 20:36:00,Instagram,Photo,Business,5093,120,156,42824,838,35651,15.06,20,Wednesday,2,1337,Neutral,Micro,True,True,False,True,5
POST_02085,2024-05-01 21:14:00,Facebook,Live,Entertainment,3856,108,587,59756,61,319525,1.42,21,Wednesday,18,78,Positive,Macro,True,False,False,False,5
POST_01419,2024-05-02 00:45:00,Facebook,Story,Fitness,7427,23,112,7819,248,73223,10.33,0,Thursday,27,1446,Neutral,Mid-tier,True,False,False,False,5
POST_03174,2024-05-02 11:32:00,Instagram,Reel,Fitness,3334,325,20,38374,128,260376,1.41,11,Thursday,7,280,Positive,Macro,True,False,False,False,5
POST_01445,2024-05-02 16:43:00,TikTok,Duet,Health,20052,1170,2422,449015,2243,445662,5.31,16,Thursday,17,435,Positive,Macro,True,False,False,False,5
POST_03783,2024-05-03 01:12:00,Instagram,Reel,Fashion,2459,207,5,13940,35,173630,1.54,1,Friday,12,373,Positive,Macro,True,False,False,False,5
POST_02456,2024-05-03 07:47:00,Instagram,Story,Fashion,2076,325,208,35123,737,284847,0.92,7,Friday,10,1219,Neutral,Macro,True,False,False,False,5
POST_01880,2024-05-03 12:13:00,Facebook,Video,Fitness,4043,34,181,11956,72,398368,1.07,12,Friday,24,183,Neutral,Macro,False,False,False,False,5
POST_03629,2024-05-03 17:14:00,TikTok,Video,Health,17540,222,2446,194441,958,196151,10.3,17,Friday,9,50,Positive,Macro,True,True,False,False,5
POST_01483,2024-05-03 17:22:00,Facebook,Live,Business,5261,186,876,8998,570,330523,1.91,17,Friday,10,479,Neutral,Macro,True,False,False,False,5
POST_00292,2024-05-03 18:50:00,Instagram,Story,Gaming,9771,18,51,30779,78,48397,20.33,18,Friday,6,1000,Positive,Micro,True,False,False,True,5
POST_02224,2024-05-03 22:33:00,Instagram,Story,Entertainment,7227,475,45,43246,395,16479,47.01,22,Friday,7,595,Positive,Micro,True,False,False,True,5
POST_03114,2024-05-04 00:25:00,Instagram,Carousel,Food,4062,49,121,18559,574,60057,7.05,0,Saturday,0,968,Positive,Mid-tier,False,True,False,False,5
POST_04373,2024-05-04 15:41:00,Instagram,Reel,Entertainment,2972,133,219,43330,951,132555,2.51,15,Saturday,10,457,Negative,Macro,True,False,False,False,5
POST_00535,2024-05-05 14:05:00,TikTok,Stitch,Travel,35943,1666,2712,314046,1814,433699,9.3,14,Sunday,16,113,Neutral,Macro,True,True,False,False,5
POST_04651,2024-05-06 00:52:00,Instagram,Reel,Travel,8352,491,90,22121,443,484126,1.85,0,Monday,13,586,Positive,Macro,True,False,False,False,5
POST_02008,2024-05-06 01:00:00,TikTok,Duet,Fashion,16427,730,3373,269952,1613,152067,13.5,1,Monday,8,237,Positive,Macro,False,False,False,False,5
POST_03694,2024-05-06 01:48:00,Instagram,Carousel,Food,401,417,152,11123,45,471522,0.21,1,Monday,3,264,Positive,Macro,True,False,False,False,5
POST_01380,2024-05-06 18:46:00,Facebook,Video,Sports,2301,25,661,36339,560,426728,0.7,18,Monday,21,498,Positive,Macro,True,False,False,False,5
POST_00377,2024-05-07 14:44:00,TikTok,Video,Fashion,31194,1253,3345,133721,237,275298,13.0,14,Tuesday,9,323,Positive,Macro,True,True,False,False,5
POST_04853,2024-05-07 22:31:00,TikTok,Stitch,Lifestyle,14157,1519,4558,476963,2148,357489,5.66,22,Tuesday,5,319,Negative,Macro,True,False,False,False,5
POST_04381,2024-05-08 03:20:00,Instagram,Reel,Entertainment,500,267,206,35160,418,199235,0.49,3,Wednesday,6,428,Positive,Macro,True,False,False,False,5
POST_00539,2024-05-08 18:13:00,Facebook,Live,Fashion,3407,74,223,7662,180,424468,0.87,18,Wednesday,18,198,Positive,Macro,True,False,False,False,5
POST_00845,2024-05-08 20:19:00,Instagram,Photo,Business,5322,57,150,41962,879,8652,63.9,20,Wednesday,24,1952,Positive,Nano,True,False,False,True,5
POST_04731,2024-05-08 23:13:00,Instagram,Carousel,Technology,6393,376,69,21724,707,365636,1.87,23,Wednesday,7,1352,Negative,Macro,True,True,False,False,5
POST_02976,2024-05-09 06:09:00,Instagram,Carousel,Health,7784,23,268,22145,325,431738,1.87,6,Thursday,28,447,Positive,Macro,False,False,False,False,5
POST_00339,2024-05-09 08:02:00,Facebook,Video,Sports,4895,18,610,26757,653,214589,2.57,8,Thursday,26,592,Positive,Macro,True,False,False,False,5
POST_03683,2024-05-09 16:34:00,TikTok,Stitch,Lifestyle,8170,810,1180,124837,2243,22893,44.38,16,Thursday,17,382,Negative,Micro,True,False,False,True,5
POST_01424,2024-05-09 23:49:00,Instagram,Story,Fitness,2274,261,23,23425,505,195923,1.31,23,Thursday,23,904,Neutral,Macro,False,True,False,False,5
POST_04517,2024-05-10 10:48:00,Facebook,Live,Entertainment,1263,349,105,28893,790,432926,0.4,10,Friday,10,134,Neutral,Macro,True,False,False,False,5
POST_02749,2024-05-10 16:06:00,TikTok,Duet,Travel,7270,112,1577,255714,2561,270746,3.31,16,Friday,22,139,Positive,Macro,True,False,False,False,5
POST_01893,2024-05-11 03:24:00,TikTok,Duet,Sports,5480,994,4525,63770,1743,42793,25.7,3,Saturday,28,316,Positive,Micro,False,False,False,True,5
POST_04024,2024-05-11 09:47:00,TikTok,Duet,Education,24676,176,3274,485196,2995,109593,25.66,9,Saturday,16,142,Positive,Macro,True,False,False,True,5
POST_03303,2024-05-11 11:22:00,Facebook,Story,Gaming,7272,216,370,20801,660,115598,6.8,11,Saturday,14,550,Positive,Macro,False,False,False,False,5
POST_00835,2024-05-11 17:40:00,Facebook,Story,Sports,3895,174,16,21173,340,467422,0.87,17,Saturday,9,1007,Positive,Macro,True,False,False,False,5
POST_04394,2024-05-11 18:13:00,Instagram,Carousel,Entertainment,4052,217,6,41578,865,179439,2.38,18,Saturday,3,1833,Positive,Macro,True,False,False,False,5
POST_03619,2024-05-12 05:12:00,TikTok,Stitch,Lifestyle,10034,484,4036,81086,580,186045,7.82,5,Sunday,3,472,Neutral,Macro,True,True,False,False,5
POST_02394,2024-05-12 05:55:00,Instagram,Story,Entertainment,3647,359,110,34197,410,489595,0.84,5,Sunday,25,439,Positive,Macro,False,False,False,False,5
POST_04583,2024-05-12 09:02:00,TikTok,Stitch,Sports,20836,209,4725,112623,1445,213011,12.1,9,Sunday,1,128,Positive,Macro,True,False,False,False,5
POST_02651,2024-05-12 19:36:00,Instagram,Photo,Fashion,6082,294,237,12054,48,439089,1.51,19,Sunday,19,1243,Neutral,Macro,True,False,False,False,5
POST_04757,2024-05-12 22:43:00,Instagram,Story,Fashion,238,340,190,21330,590,168975,0.45,22,Sunday,0,762,Neutral,Macro,True,False,False,False,5
POST_01550,2024-05-13 10:45:00,Facebook,Video,Fashion,2351,179,268,58120,286,372943,0.75,10,Monday,16,61,Positive,Macro,True,False,False,False,5
POST_03711,2024-05-13 15:13:00,Instagram,Carousel,Lifestyle,1894,273,132,37612,457,440143,0.52,15,Monday,6,1293,Positive,Macro,True,False,False,False,5
POST_01832,2024-05-13 15:58:00,Facebook,Live,Fashion,5559,259,914,64274,72,405761,1.66,15,Monday,20,218,Neutral,Macro,True,True,False,False,5
POST_03202,2024-05-14 00:30:00,Facebook,Video,Fitness,5426,373,317,40682,102,277192,2.21,0,Tuesday,20,132,Positive,Macro,True,False,False,False,5
POST_00495,2024-05-14 02:58:00,Facebook,Live,Fashion,7310,170,869,69660,448,342664,2.44,2,Tuesday,22,472,Positive,Macro,True,False,False,False,5
POST_02611,2024-05-14 06:00:00,TikTok,Video,Travel,45035,1438,2371,324367,2945,137345,35.56,6,Tuesday,20,221,Negative,Macro,True,False,False,True,5
POST_03528,2024-05-14 11:42:00,TikTok,Duet,Entertainment,14830,1070,3342,48654,2360,403502,4.77,11,Tuesday,17,362,Negative,Macro,True,True,False,False,5
POST_02701,2024-05-15 06:46:00,Facebook,Post,Sports,1736,75,151,41075,324,107195,1.83,6,Wednesday,16,770,Positive,Macro,True,False,False,False,5
POST_02469,2024-05-15 10:05:00,Facebook,Post,Gaming,7594,212,478,62904,691,339881,2.44,10,Wednesday,19,1839,Positive,Macro,True,False,False,False,5
POST_01366,2024-05-15 15:04:00,Instagram,Story,Health,5479,367,247,30008,679,123271,4.94,15,Wednesday,25,716,Positive,Macro,True,True,False,False,5
POST_00498,2024-05-15 17:56:00,Instagram,Reel,Food,5330,165,129,38538,453,244556,2.3,17,Wednesday,8,385,Neutral,Macro,True,False,False,False,5
POST_01697,2024-05-15 20:11:00,Instagram,Reel,Health,7971,36,264,49350,80,308567,2.68,20,Wednesday,9,585,Neutral,Macro,True,False,False,False,5
POST_03426,2024-05-16 08:11:00,Facebook,Story,Business,1656,19,641,69667,362,211144,1.1,8,Thursday,20,1462,Neutral,Macro,True,False,False,False,5
POST_04511,2024-05-16 12:26:00,Instagram,Reel,Gaming,9513,170,146,38898,552,235917,4.17,12,Thursday,16,360,Neutral,Macro,True,False,False,False,5
POST_00233,2024-05-16 14:42:00,Facebook,Post,Business,473,354,759,28980,671,62923,2.52,14,Thursday,14,1324,Neutral,Mid-tier,True,True,False,False,5
POST_04479,2024-05-16 16:22:00,Facebook,Video,Lifestyle,4369,315,80,76837,238,130705,3.64,16,Thursday,10,372,Positive,Macro,True,False,False,False,5
POST_04238,2024-05-17 06:31:00,TikTok,Video,Entertainment,46981,1648,1672,285395,2919,311889,16.13,6,Friday,0,237,Neutral,Macro,True,False,False,True,5
POST_00886,2024-05-17 08:46:00,Instagram,Carousel,Health,3046,400,277,48040,713,399621,0.93,8,Friday,10,1594,Positive,Macro,True,False,False,False,5
POST_01887,2024-05-17 15:00:00,Instagram,Carousel,Lifestyle,5739,263,163,6944,315,258681,2.38,15,Friday,28,667,Positive,Macro,True,False,False,False,5
POST_00975,2024-05-17 16:29:00,Instagram,Reel,Entertainment,8519,324,22,23924,506,75943,11.67,16,Friday,20,382,Positive,Mid-tier,True,True,False,False,5
POST_00767,2024-05-18 02:45:00,TikTok,Duet,Education,18648,977,211,253595,2715,343601,5.77,2,Saturday,15,469,Neutral,Macro,True,False,False,False,5
POST_01200,2024-05-18 09:00:00,Instagram,Carousel,Fashion,1409,285,5,32144,136,235732,0.72,9,Saturday,17,231,Positive,Macro,False,False,False,False,5
POST_02475,2024-05-18 15:35:00,Facebook,Post,Fashion,3963,151,772,11651,574,116965,4.18,15,Saturday,28,479,Positive,Macro,True,False,False,False,5
POST_01675,2024-05-18 16:56:00,TikTok,Video,Entertainment,6768,1018,23,480313,795,238116,3.28,16,Saturday,25,241,Positive,Macro,True,False,False,False,5
POST_00423,2024-05-19 02:17:00,Instagram,Carousel,Sports,8788,18,196,36645,343,126662,7.11,2,Sunday,0,136,Negative,Macro,True,False,False,False,5
POST_01292,2024-05-19 06:52:00,Instagram,Story,Sports,6523,223,209,34961,854,8497,81.85,6,Sunday,13,1219,Positive,Nano,True,False,False,True,5
POST_01205,2024-05-19 09:20:00,Facebook,Live,Gaming,1268,219,400,32752,508,128768,1.47,9,Sunday,7,513,Neutral,Macro,True,True,False,False,5
POST_04467,2024-05-19 15:31:00,Instagram,Reel,Health,1067,410,182,10760,684,138665,1.2,15,Sunday,13,337,Neutral,Macro,True,False,False,False,5
POST_04298,2024-05-19 17:40:00,Instagram,Carousel,Business,3976,413,273,33490,596,426722,1.09,17,Sunday,19,78,Positive,Macro,True,True,False,False,5
POST_00953,2024-05-20 03:39:00,Instagram,Reel,Education,8872,172,190,24503,260,355567,2.6,3,Monday,7,72,Neutral,Macro,True,False,False,False,5
POST_02561,2024-05-20 05:12:00,TikTok,Stitch,Travel,5236,603,1057,261080,253,422708,1.63,5,Monday,14,18,Negative,Macro,True,False,False,False,5
POST_02961,2024-05-20 10:53:00,Instagram,Photo,Lifestyle,7193,54,281,22987,763,69631,10.81,10,Monday,0,1064,Negative,Mid-tier,True,False,False,False,5
POST_04350,2024-05-20 14:44:00,Facebook,Post,Health,2570,238,499,57975,395,130718,2.53,14,Monday,25,789,Positive,Macro,True,True,False,False,5
POST_00491,2024-05-20 20:06:00,Facebook,Story,Sports,2016,252,573,79453,603,387226,0.73,20,Monday,24,211,Positive,Macro,True,True,False,False,5
POST_00900,2024-05-20 22:21:00,Instagram,Reel,Fashion,2857,299,159,8072,10,89854,3.69,22,Monday,21,365,Positive,Mid-tier,True,False,False,False,5
POST_04704,2024-05-21 03:44:00,Facebook,Story,Lifestyle,1452,7,986,29901,530,43816,5.58,3,Tuesday,15,1316,Positive,Micro,True,False,False,False,5
POST_03647,2024-05-21 03:54:00,Facebook,Video,Fashion,4590,24,506,76392,723,246009,2.08,3,Tuesday,2,219,Neutral,Macro,False,False,False,False,5
POST_03744,2024-05-21 16:40:00,Instagram,Photo,Food,811,175,108,20610,529,479650,0.23,16,Tuesday,21,1154,Positive,Macro,True,False,False,False,5
POST_02147,2024-05-21 21:07:00,Facebook,Story,Business,7540,331,10,66529,749,175928,4.48,21,Tuesday,6,1215,Positive,Macro,False,True,False,False,5
POST_02773,2024-05-22 18:57:00,TikTok,Video,Education,26073,1784,4417,311534,2027,103316,31.24,18,Wednesday,14,306,Positive,Macro,True,True,False,True,5
POST_00736,2024-05-22 22:30:00,TikTok,Video,Fashion,1611,440,878,488557,2467,347611,0.84,22,Wednesday,24,483,Positive,Macro,True,True,False,False,5
POST_01498,2024-05-23 03:00:00,Facebook,Video,Fitness,1723,365,571,39027,609,410078,0.65,3,Thursday,1,463,Neutral,Macro,True,True,False,False,5
POST_04787,2024-05-23 03:36:00,TikTok,Stitch,Lifestyle,24900,1419,83,72323,1010,201379,13.11,3,Thursday,12,64,Positive,Macro,True,True,False,False,5
POST_03376,2024-05-23 07:07:00,TikTok,Stitch,Technology,32994,1520,1640,78230,531,58675,61.62,7,Thursday,8,74,Neutral,Mid-tier,True,False,False,True,5
POST_00986,2024-05-23 15:20:00,Facebook,Video,Health,6864,248,494,18979,627,201575,3.77,15,Thursday,18,446,Positive,Macro,True,False,False,False,5
POST_01159,2024-05-23 22:46:00,TikTok,Duet,Health,27118,723,3565,423014,913,472288,6.65,22,Thursday,8,181,Neutral,Macro,True,False,False,False,5
POST_02947,2024-05-24 15:41:00,Facebook,Video,Entertainment,1893,245,133,26575,416,248741,0.91,15,Friday,6,247,Neutral,Macro,False,True,False,False,5
POST_02502,2024-05-24 22:44:00,TikTok,Video,Travel,46227,868,389,182338,1597,92102,51.56,22,Friday,26,579,Positive,Mid-tier,True,True,False,True,5
POST_01246,2024-05-25 11:19:00,Facebook,Live,Fashion,3934,30,360,23143,72,12843,33.67,11,Saturday,23,463,Negative,Micro,True,True,False,True,5
POST_03797,2024-05-25 11:34:00,Facebook,Story,Business,1808,108,299,58788,458,52715,4.2,11,Saturday,11,1336,Positive,Mid-tier,True,False,False,False,5
POST_02586,2024-05-25 14:53:00,Facebook,Story,Gaming,519,270,17,64936,322,285509,0.28,14,Saturday,16,201,Positive,Macro,True,True,False,False,5
POST_04229,2024-05-26 08:47:00,Facebook,Story,Fitness,1557,375,155,28557,592,307310,0.68,8,Sunday,18,242,Neutral,Macro,True,False,False,False,5
POST_02103,2024-05-26 18:52:00,Instagram,Story,Entertainment,3946,93,159,17611,905,232068,1.81,18,Sunday,25,142,Neutral,Macro,True,False,False,False,5
POST_03385,2024-05-27 03:11:00,Instagram,Carousel,Food,7383,346,79,25794,832,226592,3.45,3,Monday,13,871,Negative,Macro,True,False,False,False,5
POST_03149,2024-05-27 06:19:00,TikTok,Stitch,Gaming,602,478,2433,158488,673,389209,0.9,6,Monday,28,298,Positive,Macro,False,False,False,False,5
POST_00748,2024-05-27 09:27:00,Facebook,Story,Food,4327,246,673,5808,444,485585,1.08,9,Monday,25,1583,Neutral,Macro,True,False,False,False,5
POST_04701,2024-05-27 17:59:00,Instagram,Carousel,Entertainment,9925,62,238,20537,975,120145,8.51,17,Monday,10,391,Positive,Macro,True,False,False,False,5
POST_01657,2024-05-27 19:38:00,Facebook,Story,Fashion,5507,194,652,61466,443,441627,1.44,19,Monday,20,1497,Neutral,Macro,True,False,False,False,5
POST_04914,2024-05-27 20:01:00,Instagram,Story,Fitness,6875,430,103,24857,518,158828,4.66,20,Monday,14,1451,Neutral,Macro,False,False,False,False,5
POST_02606,2024-05-28 05:49:00,Facebook,Live,Fashion,5848,118,449,13657,589,51919,12.36,5,Tuesday,15,107,Neutral,Mid-tier,True,False,False,False,5
POST_04321,2024-05-28 09:53:00,Facebook,Post,Travel,2531,35,736,36958,704,53769,6.14,9,Tuesday,3,1736,Positive,Mid-tier,True,False,False,False,5
POST_03393,2024-05-28 11:30:00,TikTok,Duet,Travel,3622,1412,2077,368169,775,424038,1.68,11,Tuesday,25,535,Neutral,Macro,True,True,False,False,5
POST_02849,2024-05-28 19:59:00,Facebook,Live,Lifestyle,1523,114,529,43180,592,300367,0.72,19,Tuesday,28,499,Neutral,Macro,True,True,False,False,5
POST_02542,2024-05-28 20:59:00,TikTok,Stitch,Entertainment,49606,1615,4493,172035,2177,205607,27.1,20,Tuesday,16,127,Neutral,Macro,True,False,False,True,5
POST_00946,2024-05-29 09:02:00,Instagram,Photo,Lifestyle,1996,488,144,39085,270,263141,1.0,9,Wednesday,24,927,Neutral,Macro,True,False,False,False,5
POST_04540,2024-05-29 13:01:00,Instagram,Photo,Gaming,1401,143,30,17392,260,144831,1.09,13,Wednesday,18,318,Positive,Macro,True,False,False,False,5
POST_02489,2024-05-29 14:02:00,Facebook,Story,Technology,4892,167,376,17385,609,71171,7.64,14,Wednesday,14,1975,Neutral,Mid-tier,True,True,False,False,5
POST_02546,2024-05-29 23:01:00,Facebook,Story,Health,5331,299,477,68759,88,353164,1.73,23,Wednesday,16,1829,Negative,Macro,True,False,False,False,5
POST_03224,2024-05-29 23:17:00,Instagram,Carousel,Fashion,6104,37,299,30644,937,282011,2.28,23,Wednesday,2,881,Positive,Macro,True,False,False,False,5
POST_02061,2024-05-29 23:46:00,Instagram,Reel,Health,3551,167,265,49637,77,373708,1.07,23,Wednesday,28,99,Negative,Macro,True,False,False,False,5
POST_02775,2024-05-30 21:09:00,Facebook,Story,Health,1693,306,932,78704,268,195400,1.5,21,Thursday,13,139,Neutral,Macro,True,False,False,False,5
POST_03674,2024-05-30 22:25:00,Instagram,Story,Fitness,805,150,240,20458,613,368150,0.32,22,Thursday,1,1688,Neutral,Macro,False,False,False,False,5
POST_00563,2024-05-31 02:08:00,Instagram,Story,Food,3977,11,137,5802,718,159534,2.59,2,Friday,14,538,Positive,Macro,True,False,False,False,5
POST_04356,2024-05-31 12:27:00,Facebook,Post,Entertainment,5023,263,449,49181,27,372074,1.54,12,Friday,13,1308,Positive,Macro,False,False,False,False,5
POST_03082,2024-05-31 15:09:00,TikTok,Stitch,Food,29768,656,3615,137339,471,106831,31.86,15,Friday,17,78,Positive,Macro,True,True,False,True,5
POST_00543,2024-05-31 19:00:00,Instagram,Reel,Fitness,4277,346,244,21719,683,280354,1.74,19,Friday,11,483,Neutral,Macro,True,False,False,False,5
POST_01806,2024-06-01 02:49:00,TikTok,Stitch,Fashion,20401,1173,2181,34251,1580,467749,5.08,2,Saturday,28,174,Positive,Macro,True,False,False,False,6
POST_03964,2024-06-01 10:15:00,Facebook,Live,Education,3752,14,129,72266,666,462911,0.84,10,Saturday,20,504,Positive,Macro,False,True,False,False,6
POST_00350,2024-06-01 18:19:00,Facebook,Live,Health,4378,62,270,30904,38,362667,1.3,18,Saturday,8,454,Positive,Macro,True,True,False,False,6
POST_00902,2024-06-01 19:57:00,Instagram,Carousel,Gaming,2617,373,276,37855,836,482956,0.68,19,Saturday,28,664,Positive,Macro,True,False,False,False,6
POST_04362,2024-06-01 20:46:00,Facebook,Video,Entertainment,3970,318,65,55297,342,335303,1.3,20,Saturday,24,443,Neutral,Macro,True,False,False,False,6
POST_01439,2024-06-02 05:59:00,Instagram,Photo,Gaming,3357,281,42,27756,284,492396,0.75,5,Sunday,5,1455,Neutral,Macro,True,False,False,False,6
POST_02462,2024-06-02 10:32:00,TikTok,Video,Travel,30809,367,4559,484344,1103,272130,13.13,10,Sunday,24,306,Neutral,Macro,True,True,False,False,6
POST_02242,2024-06-02 15:51:00,Instagram,Carousel,Fashion,8806,464,282,47412,142,438354,2.18,15,Sunday,0,604,Neutral,Macro,True,False,False,False,6
POST_01715,2024-06-02 16:48:00,Instagram,Photo,Sports,2477,94,233,5430,267,437772,0.64,16,Sunday,24,1761,Positive,Macro,True,False,False,False,6
POST_02112,2024-06-02 19:06:00,Instagram,Story,Education,6714,75,91,26635,149,195994,3.51,19,Sunday,17,1413,Positive,Macro,True,False,False,False,6
POST_01744,2024-06-03 04:12:00,Instagram,Story,Sports,3692,199,51,10122,305,387295,1.02,4,Monday,11,264,Positive,Macro,True,False,False,False,6
POST_03633,2024-06-03 22:55:00,Facebook,Post,Business,3685,161,908,10442,439,276863,1.72,22,Monday,8,1039,Neutral,Macro,True,True,False,False,6
POST_02550,2024-06-04 06:06:00,Instagram,Story,Technology,7171,8,92,7756,329,436810,1.66,6,Tuesday,13,1763,Negative,Macro,True,True,False,False,6
POST_01376,2024-06-04 13:39:00,TikTok,Duet,Education,9432,625,4672,345081,2952,206685,7.13,13,Tuesday,20,129,Neutral,Macro,True,True,False,False,6
POST_04763,2024-06-04 21:29:00,TikTok,Duet,Education,9351,766,3515,355558,237,498323,2.74,21,Tuesday,22,550,Positive,Macro,True,False,False,False,6
POST_01787,2024-06-05 06:44:00,Facebook,Live,Food,3235,198,982,61605,620,346587,1.27,6,Wednesday,5,28,Positive,Macro,True,True,False,False,6
POST_04938,2024-06-05 06:55:00,Facebook,Video,Fashion,2576,176,667,60791,516,479786,0.71,6,Wednesday,23,448,Neutral,Macro,False,False,False,False,6
POST_00839,2024-06-05 09:10:00,Facebook,Video,Fitness,3987,337,164,40576,537,322805,1.39,9,Wednesday,21,212,Positive,Macro,True,False,False,False,6
POST_00649,2024-06-05 20:04:00,TikTok,Video,Sports,19462,1261,3912,267120,1111,262570,9.38,20,Wednesday,27,443,Neutral,Macro,True,False,False,False,6
POST_01984,2024-06-06 00:29:00,Facebook,Post,Fitness,4837,37,518,37440,468,64584,8.35,0,Thursday,19,1206,Neutral,Mid-tier,True,True,False,False,6
POST_04574,2024-06-06 01:08:00,TikTok,Video,Fashion,14551,1728,1802,256979,2853,449333,4.02,1,Thursday,13,584,Neutral,Macro,True,False,False,False,6
POST_01222,2024-06-06 22:27:00,Instagram,Photo,Education,1991,306,31,37489,366,70723,3.29,22,Thursday,11,301,Negative,Mid-tier,True,False,False,False,6
POST_01948,2024-06-07 01:09:00,Instagram,Carousel,Health,2933,257,240,37853,891,150525,2.28,1,Friday,29,1414,Neutral,Macro,True,False,False,False,6
POST_00173,2024-06-07 07:55:00,Facebook,Story,Sports,6846,89,25,64875,660,336760,2.07,7,Friday,23,417,Negative,Macro,True,False,False,False,6
POST_00526,2024-06-07 13:41:00,Facebook,Post,Fashion,5797,233,12,69851,335,38138,15.84,13,Friday,28,273,Positive,Micro,True,True,False,True,6
POST_00589,2024-06-07 21:30:00,Instagram,Carousel,Travel,2099,237,252,26021,842,98831,2.62,21,Friday,29,1167,Positive,Mid-tier,True,False,False,False,6
POST_00015,2024-06-08 06:48:00,Instagram,Reel,Food,1315,162,99,13438,804,148077,1.06,6,Saturday,0,267,Positive,Macro,False,False,False,False,6
POST_00152,2024-06-08 08:18:00,Instagram,Reel,Lifestyle,897,207,289,47648,838,218790,0.64,8,Saturday,13,104,Positive,Macro,True,False,False,False,6
POST_04521,2024-06-08 11:32:00,TikTok,Duet,Fashion,49123,416,2354,102772,541,286913,18.09,11,Saturday,21,107,Positive,Macro,True,False,False,True,6
POST_04813,2024-06-08 15:09:00,Instagram,Photo,Business,2683,332,277,49860,276,481081,0.68,15,Saturday,7,1111,Positive,Macro,True,False,False,False,6
POST_01409,2024-06-08 17:20:00,Facebook,Post,Education,7416,62,995,20914,626,334650,2.53,17,Saturday,8,1008,Positive,Macro,True,False,False,False,6
POST_04501,2024-06-08 21:16:00,Facebook,Post,Fashion,1688,91,611,78486,307,231388,1.03,21,Saturday,28,1937,Positive,Macro,True,False,False,False,6
POST_02522,2024-06-09 00:22:00,Instagram,Photo,Health,7478,310,298,36177,249,256342,3.15,0,Sunday,18,824,Neutral,Macro,False,False,False,False,6
POST_01848,2024-06-09 16:54:00,Instagram,Story,Travel,3438,488,145,30530,27,23802,17.1,16,Sunday,1,522,Positive,Micro,False,False,False,True,6
POST_02002,2024-06-09 17:14:00,Instagram,Carousel,Business,4340,255,49,13932,508,369777,1.26,17,Sunday,19,475,Positive,Macro,False,True,False,False,6
POST_03620,2024-06-09 19:31:00,Instagram,Reel,Fashion,1040,77,247,43988,482,9710,14.05,19,Sunday,10,239,Neutral,Nano,True,False,False,False,6
POST_00473,2024-06-10 02:28:00,Instagram,Photo,Gaming,3107,224,72,15804,863,228122,1.49,2,Monday,24,1116,Negative,Macro,True,False,False,False,6
POST_01433,2024-06-10 08:49:00,Facebook,Post,Business,6192,154,264,16835,596,384048,1.72,8,Monday,3,1675,Negative,Macro,True,False,False,False,6
POST_04076,2024-06-10 08:56:00,Facebook,Story,Fitness,998,156,157,64578,149,256096,0.51,8,Monday,10,612,Positive,Macro,True,False,False,False,6
POST_00606,2024-06-10 11:19:00,Facebook,Live,Technology,7534,28,984,32952,84,465010,1.84,11,Monday,12,419,Neutral,Macro,True,False,False,False,6
POST_02360,2024-06-10 15:05:00,Instagram,Reel,Lifestyle,1825,299,113,11851,749,373506,0.6,15,Monday,11,423,Positive,Macro,True,False,False,False,6
POST_02424,2024-06-10 17:38:00,Facebook,Video,Fashion,4593,72,205,5203,259,409478,1.19,17,Monday,27,75,Negative,Macro,True,True,False,False,6
POST_00609,2024-06-10 19:03:00,Facebook,Post,Business,1468,136,271,30828,787,4928,38.05,19,Monday,0,1829,Positive,Nano,True,False,False,True,6
POST_01559,2024-06-10 23:27:00,TikTok,Stitch,Fitness,19437,1045,1378,96150,77,479924,4.55,23,Monday,17,452,Positive,Macro,True,False,False,False,6
POST_01673,2024-06-11 02:19:00,TikTok,Duet,Travel,43452,1793,4633,135078,1782,396412,12.58,2,Tuesday,17,405,Positive,Macro,True,True,False,False,6
POST_04800,2024-06-11 18:25:00,Facebook,Live,Gaming,818,10,40,56731,16,111536,0.78,18,Tuesday,3,132,Negative,Macro,True,True,False,False,6
POST_00238,2024-06-11 23:55:00,Instagram,Story,Health,450,369,66,5945,590,183920,0.48,23,Tuesday,14,181,Positive,Macro,False,False,False,False,6
POST_00796,2024-06-12 00:09:00,TikTok,Stitch,Technology,38498,1499,1983,401523,1411,127080,33.03,0,Wednesday,13,547,Positive,Macro,True,True,False,True,6
POST_01826,2024-06-12 03:26:00,Facebook,Story,Business,1726,246,891,59565,258,279923,1.02,3,Wednesday,25,1217,Neutral,Macro,True,True,False,False,6
POST_03366,2024-06-12 08:08:00,Facebook,Story,Education,598,349,306,35513,354,174388,0.72,8,Wednesday,1,1772,Positive,Macro,True,False,False,False,6
POST_00876,2024-06-12 15:32:00,Instagram,Reel,Health,1582,355,268,16515,902,34250,6.44,15,Wednesday,2,597,Neutral,Micro,True,False,False,False,6
POST_02992,2024-06-12 21:59:00,TikTok,Stitch,Gaming,35600,1882,4740,334649,934,477861,8.84,21,Wednesday,11,112,Neutral,Macro,True,False,False,False,6
POST_02014,2024-06-13 05:14:00,Instagram,Reel,Lifestyle,4030,97,281,11097,405,3747,117.64,5,Thursday,25,239,Negative,Nano,True,False,False,True,6
POST_00394,2024-06-13 10:26:00,TikTok,Video,Fashion,27553,915,2443,411122,2750,459640,6.73,10,Thursday,21,505,Positive,Macro,True,False,False,False,6
POST_04767,2024-06-13 16:33:00,TikTok,Stitch,Health,48335,1743,2281,457082,807,272825,19.19,16,Thursday,14,127,Positive,Macro,False,False,False,True,6
POST_03226,2024-06-13 16:49:00,TikTok,Stitch,Fashion,28487,43,474,394563,261,232601,12.47,16,Thursday,5,218,Positive,Macro,True,False,False,False,6
POST_01945,2024-06-13 18:54:00,TikTok,Video,Health,10320,1664,4569,468593,1953,315949,5.24,18,Thursday,25,570,Positive,Macro,True,False,False,False,6
POST_02896,2024-06-14 02:17:00,TikTok,Duet,Technology,23670,881,3481,493835,1168,6783,200.0,2,Friday,6,517,Positive,Nano,True,False,False,True,6
POST_00840,2024-06-14 10:59:00,Facebook,Live,Entertainment,7882,354,549,53233,503,281748,3.12,10,Friday,21,584,Positive,Macro,True,False,False,False,6
POST_00068,2024-06-14 17:49:00,TikTok,Duet,Gaming,8071,559,995,292795,1294,245061,3.93,17,Friday,27,301,Neutral,Macro,True,False,False,False,6
POST_03616,2024-06-14 19:13:00,Instagram,Reel,Education,1513,295,40,38139,52,98612,1.87,19,Friday,15,26,Positive,Mid-tier,True,False,False,False,6
POST_03043,2024-06-14 22:29:00,Instagram,Reel,Lifestyle,3130,480,168,18244,916,200379,1.89,22,Friday,14,487,Negative,Macro,True,False,False,False,6
POST_00705,2024-06-15 05:53:00,Instagram,Reel,Lifestyle,1686,41,108,18727,194,132412,1.39,5,Saturday,20,416,Negative,Macro,True,False,False,False,6
POST_00174,2024-06-15 05:56:00,Instagram,Carousel,Fitness,1836,392,85,10149,380,216896,1.07,5,Saturday,2,961,Negative,Macro,True,True,False,False,6
POST_01691,2024-06-15 18:49:00,Instagram,Story,Technology,9169,418,10,37392,665,480969,2.0,18,Saturday,5,1676,Positive,Macro,True,False,False,False,6
POST_01688,2024-06-16 08:47:00,Facebook,Post,Business,7885,69,70,24239,602,2523,200.0,8,Sunday,24,1820,Positive,Nano,True,False,False,True,6
POST_04416,2024-06-16 12:29:00,Facebook,Video,Fitness,6830,103,595,10523,464,461394,1.63,12,Sunday,7,148,Positive,Macro,True,False,False,False,6
POST_04083,2024-06-17 08:13:00,Facebook,Live,Food,3614,289,388,12310,98,319603,1.34,8,Monday,9,155,Neutral,Macro,True,False,False,False,6
POST_03873,2024-06-17 10:19:00,Instagram,Reel,Technology,3130,417,207,20889,839,199237,1.88,10,Monday,4,575,Positive,Macro,True,True,False,False,6
POST_03664,2024-06-17 13:03:00,Instagram,Reel,Technology,9249,274,94,48568,387,132657,7.25,13,Monday,20,240,Negative,Macro,True,True,False,False,6
POST_01877,2024-06-17 15:08:00,Facebook,Post,Entertainment,776,244,495,69048,715,4182,36.23,15,Monday,18,1236,Neutral,Nano,True,False,False,True,6
POST_01598,2024-06-17 19:56:00,Instagram,Reel,Fitness,2673,384,20,49983,327,266771,1.15,19,Monday,1,566,Positive,Macro,True,False,False,False,6
POST_01850,2024-06-18 02:48:00,Facebook,Post,Sports,2325,195,423,51300,313,178263,1.65,2,Tuesday,17,1057,Negative,Macro,True,True,False,False,6
POST_04588,2024-06-18 14:48:00,Instagram,Carousel,Lifestyle,5457,70,154,48094,444,67914,8.36,14,Tuesday,7,680,Positive,Mid-tier,True,False,False,False,6
POST_01824,2024-06-19 03:08:00,TikTok,Video,Education,36970,740,2246,333848,465,426032,9.38,3,Wednesday,27,109,Positive,Macro,True,True,False,False,6
POST_03584,2024-06-19 04:47:00,TikTok,Video,Health,29643,660,53,491080,916,398128,7.62,4,Wednesday,27,403,Positive,Macro,True,False,False,False,6
POST_01584,2024-06-19 13:31:00,Facebook,Live,Fashion,6763,69,180,8445,262,312388,2.24,13,Wednesday,25,253,Positive,Macro,False,False,False,False,6
POST_04119,2024-06-20 01:26:00,Instagram,Carousel,Health,1178,470,253,34287,938,360088,0.53,1,Thursday,19,839,Neutral,Macro,True,False,False,False,6
POST_01297,2024-06-20 02:36:00,Instagram,Reel,Health,9225,227,21,31978,849,455201,2.08,2,Thursday,9,463,Positive,Macro,True,False,False,False,6
POST_02354,2024-06-20 08:37:00,TikTok,Video,Fashion,15705,567,1300,442599,1994,99489,17.66,8,Thursday,25,139,Positive,Mid-tier,True,False,False,True,6
POST_03186,2024-06-20 17:20:00,Facebook,Post,Education,782,136,161,27848,442,453167,0.24,17,Thursday,28,956,Positive,Macro,True,False,False,False,6
POST_02265,2024-06-20 20:51:00,Facebook,Video,Business,3400,12,98,67773,378,205827,1.71,20,Thursday,3,529,Positive,Macro,True,False,False,False,6
POST_03437,2024-06-21 01:25:00,Instagram,Reel,Entertainment,7128,158,12,17456,653,488571,1.49,1,Friday,1,481,Negative,Macro,True,True,False,False,6
POST_03260,2024-06-21 02:23:00,TikTok,Stitch,Health,9864,310,2721,411058,677,302622,4.26,2,Friday,23,172,Positive,Macro,True,False,False,False,6
POST_04100,2024-06-21 02:42:00,Instagram,Carousel,Fashion,7153,450,126,40290,337,366133,2.11,2,Friday,17,770,Positive,Macro,False,False,False,False,6
POST_03798,2024-06-21 07:34:00,Instagram,Story,Gaming,9799,160,215,19669,806,169991,5.99,7,Friday,16,1985,Neutral,Macro,True,False,False,False,6
POST_04232,2024-06-21 15:00:00,Facebook,Live,Fashion,6447,157,655,35960,742,208476,3.48,15,Friday,13,313,Neutral,Macro,False,False,False,False,6
POST_03777,2024-06-22 01:39:00,TikTok,Video,Fashion,43142,975,56,227029,2926,304302,14.52,1,Saturday,0,117,Positive,Macro,True,False,False,True,6
POST_00216,2024-06-22 21:05:00,Instagram,Photo,Sports,3585,250,82,42121,918,93906,4.17,21,Saturday,24,133,Positive,Mid-tier,True,True,False,False,6
POST_02289,2024-06-23 00:02:00,Facebook,Post,Travel,6107,373,309,49284,155,335558,2.02,0,Sunday,20,1925,Neutral,Macro,False,False,False,False,6
POST_02954,2024-06-23 18:04:00,Facebook,Video,Gaming,6386,281,760,51355,124,203357,3.65,18,Sunday,26,594,Positive,Macro,True,False,False,False,6
POST_02722,2024-06-24 02:19:00,TikTok,Stitch,Food,253,591,807,75422,2231,405948,0.41,2,Monday,1,440,Negative,Macro,True,True,False,False,6
POST_04984,2024-06-24 19:20:00,TikTok,Video,Food,6118,1766,1818,403929,833,252259,3.85,19,Monday,9,28,Positive,Macro,True,False,False,False,6
POST_00849,2024-06-24 21:39:00,Facebook,Story,Gaming,6884,160,849,50938,426,300791,2.62,21,Monday,2,1391,Neutral,Macro,True,False,False,False,6
POST_01537,2024-06-26 05:15:00,Instagram,Story,Food,4633,110,194,25552,131,467655,1.06,5,Wednesday,20,514,Positive,Macro,True,False,False,False,6
POST_04949,2024-06-26 06:43:00,TikTok,Video,Travel,555,1509,4325,206228,725,496262,1.29,6,Wednesday,1,391,Positive,Macro,True,True,False,False,6
POST_04893,2024-06-26 12:57:00,Facebook,Live,Travel,4436,220,918,27311,350,461642,1.21,12,Wednesday,1,409,Neutral,Macro,True,True,False,False,6
POST_00931,2024-06-26 14:58:00,Instagram,Photo,Fitness,4141,448,216,29250,484,144106,3.33,14,Wednesday,2,474,Positive,Macro,True,True,False,False,6
POST_04723,2024-06-26 16:10:00,Instagram,Photo,Education,5297,90,29,47725,260,250300,2.16,16,Wednesday,19,214,Neutral,Macro,False,False,False,False,6
POST_01287,2024-06-26 17:10:00,Instagram,Reel,Fashion,4195,89,184,11434,13,56721,7.88,17,Wednesday,10,394,Positive,Mid-tier,True,False,False,False,6
POST_00822,2024-06-27 11:32:00,Instagram,Story,Fitness,7588,275,166,24134,816,92879,8.64,11,Thursday,2,607,Neutral,Mid-tier,True,True,False,False,6
POST_02073,2024-06-27 12:41:00,Instagram,Reel,Sports,5657,22,57,19850,44,65758,8.72,12,Thursday,6,503,Neutral,Mid-tier,False,True,False,False,6
POST_02845,2024-06-28 08:50:00,Facebook,Story,Entertainment,491,268,206,33440,229,354582,0.27,8,Friday,26,675,Neutral,Macro,True,False,False,False,6
POST_01565,2024-06-28 12:19:00,TikTok,Duet,Business,16808,995,4802,459412,1789,421644,5.36,12,Friday,22,172,Neutral,Macro,True,False,False,False,6
POST_03948,2024-06-29 08:58:00,Facebook,Video,Health,5900,5,98,26458,747,352542,1.7,8,Saturday,27,571,Positive,Macro,True,True,False,False,6
POST_04177,2024-06-29 19:15:00,Facebook,Video,Education,2803,286,490,9424,192,109765,3.26,19,Saturday,27,446,Negative,Macro,True,True,False,False,6
POST_03369,2024-06-29 20:54:00,Instagram,Carousel,Lifestyle,4407,334,245,30646,912,194918,2.56,20,Saturday,4,672,Neutral,Macro,True,False,False,False,6
POST_00230,2024-06-29 22:33:00,Facebook,Post,Business,5404,355,381,63916,365,12113,50.69,22,Saturday,0,276,Positive,Micro,True,False,False,True,6
POST_04098,2024-06-30 09:07:00,Instagram,Carousel,Fashion,5361,129,297,21408,401,113245,5.11,9,Sunday,21,1355,Neutral,Macro,True,False,False,False,6
POST_04630,2024-06-30 12:43:00,Facebook,Video,Sports,3206,371,505,74987,254,401795,1.02,12,Sunday,4,217,Neutral,Macro,True,False,False,False,6
POST_01686,2024-06-30 15:37:00,TikTok,Video,Entertainment,11138,1367,4080,427452,1441,405347,4.09,15,Sunday,23,235,Neutral,Macro,True,True,False,False,6
POST_00650,2024-06-30 20:31:00,Facebook,Live,Fashion,6906,189,47,66083,524,182437,3.91,20,Sunday,5,162,Positive,Macro,False,False,False,False,6
POST_01940,2024-06-30 21:04:00,Instagram,Reel,Fashion,4152,350,14,27715,295,400246,1.13,21,Sunday,0,488,Negative,Macro,True,True,False,False,6
POST_02202,2024-07-01 15:20:00,Instagram,Carousel,Education,6461,399,114,31385,677,196277,3.55,15,Monday,23,832,Negative,Macro,False,False,False,False,7
POST_02902,2024-07-01 20:31:00,TikTok,Duet,Fashion,29515,1848,2471,88872,654,63468,53.31,20,Monday,6,84,Positive,Mid-tier,True,False,False,True,7
POST_03472,2024-07-02 08:10:00,TikTok,Video,Technology,22937,991,3243,406634,1316,95745,28.38,8,Tuesday,5,431,Positive,Mid-tier,True,True,False,True,7
POST_02592,2024-07-02 14:37:00,TikTok,Stitch,Food,39818,50,4675,95577,1150,107389,41.48,14,Tuesday,17,92,Positive,Macro,True,True,False,True,7
POST_04919,2024-07-03 02:04:00,TikTok,Duet,Gaming,34492,1642,2977,196703,1575,391827,9.98,2,Wednesday,18,211,Negative,Macro,False,False,False,False,7
POST_00464,2024-07-03 05:11:00,Facebook,Video,Food,119,262,878,34819,86,28234,4.46,5,Wednesday,5,173,Neutral,Micro,True,False,False,False,7
POST_00598,2024-07-03 08:44:00,Instagram,Carousel,Sports,1351,242,204,9450,756,115059,1.56,8,Wednesday,15,435,Positive,Macro,True,False,False,False,7
POST_04965,2024-07-03 10:27:00,Facebook,Post,Lifestyle,1417,337,15,52074,307,3693,47.9,10,Wednesday,28,1425,Positive,Nano,True,True,False,True,7
POST_03770,2024-07-03 13:01:00,Instagram,Photo,Technology,8644,335,28,27520,962,261869,3.44,13,Wednesday,0,680,Neutral,Macro,False,False,False,False,7
POST_03451,2024-07-03 13:50:00,Facebook,Video,Sports,4400,199,380,53384,551,79586,6.26,13,Wednesday,21,356,Neutral,Mid-tier,True,False,False,False,7
POST_02096,2024-07-03 16:25:00,TikTok,Video,Business,45795,1936,2701,368254,2305,142529,35.38,16,Wednesday,21,298,Positive,Macro,False,False,False,True,7
POST_02422,2024-07-03 17:25:00,Instagram,Story,Food,3147,256,4,36341,613,166533,2.05,17,Wednesday,2,108,Positive,Macro,True,False,False,False,7
POST_02237,2024-07-03 18:08:00,TikTok,Stitch,Technology,44071,1218,3145,332716,1878,163888,29.55,18,Wednesday,5,443,Positive,Macro,True,False,False,True,7
POST_02654,2024-07-03 19:14:00,Instagram,Photo,Fashion,2171,59,237,8239,33,48112,5.13,19,Wednesday,14,504,Neutral,Micro,True,False,False,False,7
POST_04806,2024-07-03 23:06:00,Facebook,Live,Fashion,7744,116,575,55109,552,420123,2.01,23,Wednesday,21,562,Positive,Macro,True,False,False,False,7
POST_02610,2024-07-04 03:57:00,Instagram,Photo,Entertainment,7741,256,217,29297,619,382906,2.15,3,Thursday,7,1285,Neutral,Macro,True,True,False,False,7
POST_02847,2024-07-04 16:55:00,TikTok,Duet,Business,47180,921,3480,285364,1447,86109,59.9,16,Thursday,16,293,Positive,Mid-tier,True,False,False,True,7
POST_01829,2024-07-04 19:24:00,TikTok,Stitch,Education,20240,1633,501,184809,649,175795,12.73,19,Thursday,9,527,Negative,Macro,False,False,False,False,7
POST_03555,2024-07-05 12:02:00,Instagram,Reel,Gaming,2379,143,88,49141,988,481723,0.54,12,Friday,13,73,Positive,Macro,True,False,False,False,7
POST_03430,2024-07-05 12:56:00,Facebook,Live,Fashion,4408,289,944,60223,507,289720,1.95,12,Friday,7,31,Positive,Macro,True,True,False,False,7
POST_04715,2024-07-05 15:47:00,Facebook,Live,Fitness,3556,198,430,34618,134,28134,14.87,15,Friday,24,565,Positive,Micro,True,False,False,True,7
POST_03488,2024-07-06 01:30:00,Instagram,Reel,Fashion,3237,146,198,34057,549,113545,3.15,1,Saturday,2,226,Positive,Macro,True,False,False,False,7
POST_00106,2024-07-06 08:29:00,Instagram,Story,Education,371,71,136,12842,985,43751,1.32,8,Saturday,0,569,Positive,Micro,True,False,False,False,7
POST_04455,2024-07-06 14:22:00,TikTok,Stitch,Travel,25230,102,4997,298441,2728,143504,21.13,14,Saturday,18,87,Neutral,Macro,True,False,False,True,7
POST_02217,2024-07-06 16:17:00,TikTok,Stitch,Sports,5660,575,2287,434613,821,86798,9.82,16,Saturday,6,42,Neutral,Mid-tier,True,False,False,False,7
POST_03736,2024-07-06 23:31:00,Facebook,Live,Education,5867,49,733,7846,470,431619,1.54,23,Saturday,15,584,Neutral,Macro,True,True,False,False,7
POST_01260,2024-07-07 05:40:00,Facebook,Live,Lifestyle,2344,282,92,31974,633,468043,0.58,5,Sunday,13,135,Positive,Macro,True,True,False,False,7
POST_03109,2024-07-07 06:35:00,Facebook,Live,Health,237,262,934,37926,790,50611,2.83,6,Sunday,25,438,Positive,Mid-tier,True,False,False,False,7
POST_02890,2024-07-08 03:44:00,TikTok,Stitch,Health,13311,699,860,59235,1511,424418,3.5,3,Monday,0,246,Positive,Macro,True,True,False,False,7
POST_04556,2024-07-08 08:31:00,Facebook,Story,Sports,561,341,25,25408,140,270739,0.34,8,Monday,8,1010,Neutral,Macro,False,True,False,False,7
POST_03236,2024-07-08 14:43:00,Instagram,Reel,Lifestyle,4311,493,235,22378,442,373979,1.35,14,Monday,2,221,Neutral,Macro,True,True,False,False,7
POST_00979,2024-07-09 00:47:00,Facebook,Post,Sports,4808,185,6,40929,173,400800,1.25,0,Tuesday,4,1514,Neutral,Macro,True,False,False,False,7
POST_02327,2024-07-09 03:18:00,TikTok,Video,Health,2755,418,1334,183742,1226,240279,1.88,3,Tuesday,29,115,Negative,Macro,False,True,False,False,7
POST_02517,2024-07-09 06:32:00,Instagram,Carousel,Food,8726,173,292,25321,275,480526,1.91,6,Tuesday,21,1711,Neutral,Macro,True,False,False,False,7
POST_01941,2024-07-10 05:47:00,Instagram,Story,Sports,6582,420,273,26082,722,50366,14.44,5,Wednesday,4,908,Neutral,Mid-tier,True,False,False,True,7
POST_01289,2024-07-10 10:53:00,Instagram,Story,Travel,7350,104,173,36114,128,287449,2.65,10,Wednesday,16,1701,Positive,Macro,True,False,False,False,7
POST_00751,2024-07-10 21:42:00,Instagram,Photo,Gaming,1453,459,82,29876,558,369387,0.54,21,Wednesday,26,114,Negative,Macro,True,True,False,False,7
POST_01772,2024-07-11 05:58:00,TikTok,Stitch,Health,34356,59,4218,132343,985,342408,11.28,5,Thursday,29,237,Positive,Macro,True,True,False,False,7
POST_01543,2024-07-11 15:34:00,Facebook,Live,Sports,2936,61,825,66643,344,472811,0.81,15,Thursday,22,309,Negative,Macro,False,False,False,False,7
POST_03089,2024-07-12 02:01:00,Facebook,Post,Health,5101,83,48,56250,543,172333,3.04,2,Friday,14,300,Positive,Macro,False,False,False,False,7
POST_04222,2024-07-12 13:10:00,Facebook,Post,Technology,3029,26,361,69100,369,135479,2.52,13,Friday,11,1935,Negative,Macro,True,True,False,False,7
POST_03761,2024-07-12 15:32:00,Instagram,Reel,Entertainment,3841,478,138,17717,372,340929,1.31,15,Friday,0,463,Positive,Macro,True,False,False,False,7
POST_03963,2024-07-12 17:18:00,Instagram,Photo,Lifestyle,171,39,70,48940,496,454678,0.06,17,Friday,23,1622,Neutral,Macro,False,False,False,False,7
POST_04536,2024-07-12 18:40:00,Facebook,Video,Education,930,371,878,36101,443,417428,0.52,18,Friday,17,239,Positive,Macro,True,False,False,False,7
POST_00433,2024-07-12 22:15:00,Facebook,Story,Entertainment,359,52,777,58087,629,78448,1.51,22,Friday,22,950,Negative,Mid-tier,True,False,False,False,7
POST_04195,2024-07-13 00:00:00,Facebook,Live,Sports,1548,305,875,6338,213,186496,1.46,0,Saturday,16,236,Neutral,Macro,True,False,False,False,7
POST_02933,2024-07-13 04:02:00,Instagram,Reel,Health,7368,290,266,14031,225,435732,1.82,4,Saturday,28,393,Positive,Macro,True,False,False,False,7
POST_02414,2024-07-13 06:33:00,Instagram,Carousel,Fitness,817,395,144,47931,767,299336,0.45,6,Saturday,25,1723,Positive,Macro,False,False,False,False,7
POST_02581,2024-07-13 09:28:00,Instagram,Reel,Food,1182,31,247,23082,986,475755,0.31,9,Saturday,24,350,Negative,Macro,True,False,False,False,7
POST_01601,2024-07-13 13:44:00,Instagram,Story,Food,4547,111,112,24328,223,300963,1.58,13,Saturday,7,1063,Negative,Macro,True,False,False,False,7
POST_01087,2024-07-13 23:07:00,Facebook,Live,Gaming,6205,314,156,47139,735,327745,2.04,23,Saturday,1,504,Neutral,Macro,True,True,False,False,7
POST_00922,2024-07-14 00:28:00,Facebook,Story,Fitness,898,363,237,63297,250,234220,0.64,0,Sunday,5,1771,Positive,Macro,True,False,False,False,7
POST_01079,2024-07-14 01:17:00,Instagram,Carousel,Entertainment,4342,325,47,23557,406,138058,3.41,1,Sunday,8,55,Positive,Macro,True,True,False,False,7
POST_03575,2024-07-14 03:52:00,TikTok,Duet,Education,35052,1367,4686,225389,2518,259397,15.85,3,Sunday,0,406,Positive,Macro,True,True,False,True,7
POST_04569,2024-07-14 06:45:00,Instagram,Reel,Sports,1289,378,15,3301,169,126894,1.33,6,Sunday,2,435,Positive,Macro,True,True,False,False,7
POST_02929,2024-07-14 09:44:00,TikTok,Stitch,Sports,48015,847,622,366634,2415,412755,11.99,9,Sunday,20,248,Neutral,Macro,True,False,False,False,7
POST_00332,2024-07-15 06:47:00,TikTok,Duet,Lifestyle,39259,1247,2426,226432,687,292120,14.7,6,Monday,1,552,Negative,Macro,True,False,False,True,7
POST_04243,2024-07-15 08:57:00,TikTok,Stitch,Technology,19171,1246,1524,37947,2635,33052,66.38,8,Monday,21,98,Neutral,Micro,True,True,False,True,7
POST_04575,2024-07-15 13:35:00,TikTok,Video,Gaming,15688,81,4567,458518,1828,489197,4.16,13,Monday,0,422,Neutral,Macro,True,False,False,False,7
POST_03606,2024-07-15 15:22:00,Instagram,Story,Health,896,83,15,15376,665,87259,1.14,15,Monday,27,1538,Neutral,Mid-tier,True,False,False,False,7
POST_02934,2024-07-16 00:46:00,Facebook,Post,Fitness,1368,158,220,2449,168,337878,0.52,0,Tuesday,2,1751,Positive,Macro,True,False,False,False,7
POST_01677,2024-07-16 06:53:00,Instagram,Reel,Entertainment,3321,36,213,43942,282,45049,7.92,6,Tuesday,5,227,Neutral,Micro,True,False,False,False,7
POST_02712,2024-07-16 09:17:00,Facebook,Live,Travel,48,289,280,4878,666,92599,0.67,9,Tuesday,13,545,Positive,Mid-tier,True,False,False,False,7
POST_03835,2024-07-16 14:00:00,Facebook,Live,Fitness,1041,54,307,7042,313,32264,4.35,14,Tuesday,25,388,Neutral,Micro,True,False,False,False,7
POST_04889,2024-07-16 19:41:00,Instagram,Carousel,Sports,651,316,21,21568,229,257303,0.38,19,Tuesday,8,966,Positive,Macro,True,False,False,False,7
POST_00336,2024-07-17 09:14:00,Instagram,Photo,Travel,1199,373,231,42943,354,318767,0.57,9,Wednesday,4,1500,Negative,Macro,True,True,False,False,7
POST_01939,2024-07-17 09:28:00,Facebook,Live,Health,3751,376,204,72884,428,200731,2.16,9,Wednesday,3,156,Neutral,Macro,False,False,False,False,7
POST_03184,2024-07-17 20:11:00,Instagram,Photo,Entertainment,7152,364,191,30011,112,90161,8.55,20,Wednesday,25,994,Negative,Mid-tier,True,True,False,False,7
POST_03848,2024-07-17 21:47:00,Facebook,Story,Sports,6244,83,453,8334,627,120923,5.61,21,Wednesday,18,633,Neutral,Macro,False,False,False,False,7
POST_04740,2024-07-18 08:06:00,Facebook,Post,Food,860,156,47,71306,724,427169,0.25,8,Thursday,17,850,Neutral,Macro,True,False,False,False,7
POST_04755,2024-07-18 10:48:00,TikTok,Video,Fitness,41082,1735,4138,122993,1771,58975,79.62,10,Thursday,6,434,Positive,Mid-tier,True,False,False,True,7
POST_03135,2024-07-18 15:20:00,Instagram,Photo,Gaming,6165,322,99,42540,872,188042,3.5,15,Thursday,27,802,Positive,Macro,True,False,False,False,7
POST_01741,2024-07-18 16:07:00,TikTok,Stitch,Gaming,29705,1980,4514,162795,432,272034,13.31,16,Thursday,5,351,Positive,Macro,True,False,False,False,7
POST_04344,2024-07-18 22:54:00,TikTok,Stitch,Technology,49339,1012,2225,233121,204,432034,12.17,22,Thursday,29,388,Neutral,Macro,True,True,False,False,7
POST_01103,2024-07-19 10:14:00,TikTok,Duet,Education,11471,1220,3054,128108,1904,487696,3.23,10,Friday,17,564,Negative,Macro,True,False,False,False,7
POST_03215,2024-07-20 03:02:00,Instagram,Carousel,Food,1192,97,10,46093,442,454894,0.29,3,Saturday,21,654,Neutral,Macro,True,True,False,False,7
POST_01500,2024-07-21 12:23:00,TikTok,Stitch,Health,9583,1171,1049,99449,211,484277,2.44,12,Sunday,9,431,Positive,Macro,True,False,False,False,7
POST_02476,2024-07-21 15:25:00,TikTok,Video,Education,42781,1865,4071,412036,2341,156527,31.12,15,Sunday,8,333,Neutral,Macro,True,False,False,True,7
POST_00288,2024-07-22 02:37:00,Facebook,Video,Fashion,7792,29,733,28933,379,178037,4.8,2,Monday,25,531,Neutral,Macro,True,False,False,False,7
POST_00067,2024-07-22 04:23:00,Instagram,Photo,Technology,9157,201,287,15947,756,72299,13.34,4,Monday,3,1250,Negative,Mid-tier,True,False,False,False,7
POST_03943,2024-07-22 06:18:00,Instagram,Carousel,Health,1714,234,86,31616,886,398896,0.51,6,Monday,4,1358,Positive,Macro,True,False,False,False,7
POST_03261,2024-07-22 10:12:00,Instagram,Carousel,Education,7709,88,260,23387,96,99378,8.11,10,Monday,15,575,Positive,Mid-tier,True,False,False,False,7
POST_01796,2024-07-22 19:12:00,Instagram,Story,Technology,118,60,120,12690,576,154314,0.19,19,Monday,13,572,Neutral,Macro,True,True,False,False,7
POST_00770,2024-07-23 01:20:00,TikTok,Duet,Business,7804,1485,78,199860,2650,224054,4.18,1,Tuesday,1,41,Neutral,Macro,True,False,False,False,7
POST_03222,2024-07-23 05:42:00,Instagram,Carousel,Fashion,3390,144,158,23624,605,173088,2.13,5,Tuesday,2,1882,Neutral,Macro,False,False,False,False,7
POST_00963,2024-07-23 09:20:00,Instagram,Photo,Fashion,5029,171,285,9804,553,282670,1.94,9,Tuesday,9,1379,Positive,Macro,False,False,False,False,7
POST_02901,2024-07-24 19:25:00,Instagram,Carousel,Gaming,9574,440,183,30783,625,453502,2.25,19,Wednesday,2,1741,Negative,Macro,True,False,False,False,7
POST_00081,2024-07-24 22:19:00,TikTok,Stitch,Sports,32699,1704,3136,342850,862,474115,7.92,22,Wednesday,29,219,Positive,Macro,True,True,False,False,7
POST_04152,2024-07-25 04:24:00,Instagram,Photo,Travel,4956,223,178,47707,245,83442,6.42,4,Thursday,9,745,Positive,Mid-tier,True,False,False,False,7
POST_04112,2024-07-25 07:23:00,Facebook,Video,Entertainment,7299,340,323,63776,32,192233,4.14,7,Thursday,21,292,Negative,Macro,True,False,False,False,7
POST_03588,2024-07-25 09:36:00,TikTok,Stitch,Entertainment,43771,1583,1429,310532,1882,232672,20.11,9,Thursday,16,200,Positive,Macro,True,False,False,True,7
POST_04573,2024-07-25 17:46:00,Instagram,Photo,Gaming,7460,112,52,23909,359,59922,12.72,17,Thursday,0,1670,Negative,Mid-tier,True,False,False,False,7
POST_04747,2024-07-25 20:59:00,Instagram,Carousel,Travel,3055,221,48,11603,883,225395,1.47,20,Thursday,7,1568,Positive,Macro,True,False,False,False,7
POST_02539,2024-07-26 04:19:00,TikTok,Video,Fashion,12537,716,3062,186839,1563,355238,4.59,4,Friday,7,72,Positive,Macro,False,False,False,False,7
POST_01479,2024-07-26 04:49:00,TikTok,Video,Travel,29524,609,3042,253290,2933,294230,11.28,4,Friday,24,365,Positive,Macro,True,False,False,False,7
POST_02927,2024-07-26 05:35:00,TikTok,Stitch,Travel,8781,14,95,75908,2104,10591,83.94,5,Friday,14,307,Neutral,Micro,False,False,False,True,7
POST_03015,2024-07-26 10:08:00,Facebook,Live,Fitness,7612,311,892,45488,312,247052,3.57,10,Friday,8,120,Neutral,Macro,False,False,False,False,7
POST_03981,2024-07-26 14:55:00,TikTok,Stitch,Entertainment,24977,521,604,208125,1167,407253,6.41,14,Friday,23,222,Neutral,Macro,True,False,False,False,7
POST_02141,2024-07-27 13:35:00,TikTok,Duet,Technology,45780,1869,1990,230880,2770,460130,10.79,13,Saturday,24,581,Positive,Macro,True,False,False,False,7
POST_04171,2024-07-28 04:05:00,Instagram,Carousel,Fashion,2757,210,115,16377,799,366406,0.84,4,Sunday,12,1773,Neutral,Macro,False,True,False,False,7
POST_03083,2024-07-28 16:40:00,Instagram,Photo,Lifestyle,3316,366,123,24013,999,431541,0.88,16,Sunday,22,470,Positive,Macro,True,False,False,False,7
POST_03936,2024-07-29 12:11:00,Facebook,Story,Technology,1862,182,547,11672,58,463552,0.56,12,Monday,12,1036,Neutral,Macro,True,True,False,False,7
POST_04162,2024-07-29 17:03:00,Instagram,Photo,Fashion,6413,86,50,20508,29,337013,1.94,17,Monday,29,1167,Positive,Macro,True,True,False,False,7
POST_01317,2024-07-30 01:36:00,Facebook,Live,Food,6771,347,512,19088,420,448258,1.7,1,Tuesday,4,453,Positive,Macro,True,False,False,False,7
POST_04054,2024-07-30 04:55:00,Facebook,Post,Technology,1105,223,308,79935,671,418331,0.39,4,Tuesday,17,315,Positive,Macro,True,False,False,False,7
POST_01248,2024-07-30 16:30:00,Instagram,Story,Lifestyle,2808,196,190,20991,248,80727,3.96,16,Tuesday,24,1208,Positive,Mid-tier,True,True,False,False,7
POST_02066,2024-07-30 16:58:00,TikTok,Stitch,Education,6724,464,215,85667,648,201297,3.68,16,Tuesday,12,283,Neutral,Macro,True,False,False,False,7
POST_01484,2024-07-31 14:19:00,Instagram,Photo,Gaming,875,245,246,24499,374,462638,0.3,14,Wednesday,22,727,Neutral,Macro,True,False,False,False,7
POST_02659,2024-07-31 19:26:00,Instagram,Carousel,Business,6203,472,125,26285,555,277614,2.45,19,Wednesday,0,1650,Positive,Macro,True,False,False,False,7
POST_04389,2024-07-31 21:57:00,Instagram,Carousel,Entertainment,579,38,182,2486,356,414487,0.19,21,Wednesday,29,275,Negative,Macro,False,False,False,False,7
POST_03522,2024-08-01 05:24:00,Facebook,Live,Lifestyle,7055,264,522,51223,748,119278,6.57,5,Thursday,11,275,Positive,Macro,True,False,False,False,8
POST_02758,2024-08-01 22:37:00,TikTok,Stitch,Technology,39821,218,2272,399929,770,181456,23.32,22,Thursday,28,404,Positive,Macro,False,True,False,True,8
POST_03211,2024-08-02 04:05:00,Instagram,Carousel,Business,444,156,22,5560,976,97466,0.64,4,Friday,29,52,Positive,Mid-tier,True,False,False,False,8
POST_01751,2024-08-02 05:36:00,Facebook,Story,Fashion,3856,168,928,41657,580,232488,2.13,5,Friday,14,1713,Neutral,Macro,True,False,False,False,8
POST_04849,2024-08-02 06:43:00,TikTok,Video,Food,20332,1425,2418,235136,1602,322128,7.5,6,Friday,16,284,Positive,Macro,True,True,False,False,8
POST_02711,2024-08-02 10:12:00,TikTok,Stitch,Travel,22985,1031,2681,151205,2119,181221,14.73,10,Friday,18,389,Positive,Macro,True,True,False,True,8
POST_04230,2024-08-02 23:25:00,Instagram,Story,Sports,7284,54,4,31445,587,145050,5.06,23,Friday,7,1844,Positive,Macro,False,True,False,False,8
POST_02498,2024-08-02 23:34:00,TikTok,Video,Fashion,22447,1304,3649,285603,1592,188817,14.51,23,Friday,15,392,Neutral,Macro,True,False,False,True,8
POST_02279,2024-08-03 05:25:00,Facebook,Video,Technology,3284,312,21,8247,347,271373,1.33,5,Saturday,9,295,Neutral,Macro,True,False,False,False,8
POST_00211,2024-08-03 13:50:00,Facebook,Post,Gaming,139,140,55,18683,94,42420,0.79,13,Saturday,1,1147,Neutral,Micro,False,False,False,False,8
POST_02083,2024-08-04 04:11:00,Facebook,Post,Fashion,2180,163,204,44991,702,234013,1.09,4,Sunday,0,1456,Positive,Macro,True,False,False,False,8
POST_00621,2024-08-04 04:48:00,Instagram,Story,Business,9926,150,142,31093,860,162136,6.3,4,Sunday,15,688,Positive,Macro,True,False,False,False,8
POST_01670,2024-08-04 13:47:00,TikTok,Duet,Fitness,22549,1799,4303,144648,868,491026,5.83,13,Sunday,6,64,Neutral,Macro,True,False,False,False,8
POST_02942,2024-08-04 20:42:00,Facebook,Post,Sports,4456,346,60,55278,112,269510,1.8,20,Sunday,9,1581,Negative,Macro,True,False,False,False,8
POST_01775,2024-08-04 23:01:00,TikTok,Video,Fitness,18789,1741,2015,56119,439,192372,11.72,23,Sunday,18,34,Positive,Macro,True,False,False,False,8
POST_00042,2024-08-05 20:31:00,Facebook,Live,Entertainment,4213,99,660,41212,222,497490,1.0,20,Monday,15,268,Negative,Macro,True,False,False,False,8
POST_04818,2024-08-06 01:13:00,TikTok,Video,Food,37306,602,4084,244552,941,187422,22.41,1,Tuesday,2,275,Neutral,Macro,True,False,False,True,8
POST_04125,2024-08-06 03:22:00,TikTok,Video,Fitness,29207,222,1449,261817,1011,376032,8.21,3,Tuesday,16,193,Positive,Macro,True,False,False,False,8
POST_01375,2024-08-06 20:47:00,Instagram,Story,Education,6409,33,103,29294,63,260049,2.52,20,Tuesday,3,1353,Positive,Macro,True,False,False,False,8
POST_01979,2024-08-06 21:27:00,TikTok,Stitch,Business,46885,119,2680,250389,2810,43711,113.66,21,Tuesday,9,283,Negative,Micro,True,False,False,True,8
POST_00950,2024-08-07 06:52:00,Facebook,Live,Technology,6965,265,333,17546,385,426382,1.77,6,Wednesday,4,585,Positive,Macro,True,False,False,False,8
POST_01692,2024-08-07 07:41:00,Facebook,Post,Business,2425,151,580,50331,706,35342,8.93,7,Wednesday,24,1395,Neutral,Micro,True,False,False,False,8
POST_03386,2024-08-07 08:28:00,TikTok,Duet,Education,19751,411,83,204307,2983,374815,5.4,8,Wednesday,21,241,Neutral,Macro,True,False,False,False,8
POST_03239,2024-08-07 16:14:00,Facebook,Video,Gaming,3531,366,983,46492,473,415379,1.17,16,Wednesday,18,442,Neutral,Macro,True,False,False,False,8
POST_02150,2024-08-07 16:25:00,TikTok,Video,Education,37976,1793,1986,95214,1784,388713,10.74,16,Wednesday,4,461,Positive,Macro,True,False,False,False,8
POST_00812,2024-08-07 19:18:00,TikTok,Stitch,Travel,37602,1620,1617,286053,2577,471307,8.67,19,Wednesday,28,236,Positive,Macro,True,False,False,False,8
POST_04410,2024-08-08 04:38:00,Facebook,Video,Health,7832,280,347,41443,132,348011,2.43,4,Thursday,6,206,Positive,Macro,True,True,False,False,8
POST_03449,2024-08-08 09:46:00,Facebook,Live,Gaming,885,274,664,37189,118,388828,0.47,9,Thursday,1,495,Positive,Macro,True,True,False,False,8
POST_00572,2024-08-08 13:28:00,TikTok,Duet,Technology,1131,1247,2092,394569,2865,465012,0.96,13,Thursday,15,104,Neutral,Macro,True,False,False,False,8
POST_04330,2024-08-08 15:18:00,TikTok,Video,Food,49202,268,4161,70881,896,355371,15.09,15,Thursday,18,163,Negative,Macro,True,True,False,True,8
POST_03143,2024-08-08 23:56:00,Facebook,Video,Fitness,4808,164,469,18006,571,294513,1.85,23,Thursday,8,215,Neutral,Macro,True,False,False,False,8
POST_04940,2024-08-10 00:20:00,TikTok,Stitch,Health,3214,127,2956,91030,1395,286438,2.2,0,Saturday,0,543,Negative,Macro,True,False,False,False,8
POST_01378,2024-08-10 02:57:00,Facebook,Post,Gaming,7392,294,891,62500,214,96365,8.9,2,Saturday,11,484,Negative,Mid-tier,True,True,False,False,8
POST_04079,2024-08-10 15:26:00,TikTok,Duet,Business,41160,1500,3937,100011,918,183409,25.41,15,Saturday,8,554,Positive,Macro,True,True,False,True,8
POST_02885,2024-08-10 19:40:00,Instagram,Photo,Education,6755,171,166,34098,198,151172,4.69,19,Saturday,26,1970,Positive,Macro,True,True,False,False,8
POST_02448,2024-08-10 23:04:00,Instagram,Reel,Technology,8810,219,157,48179,71,489714,1.88,23,Saturday,16,186,Neutral,Macro,True,False,False,False,8
POST_00281,2024-08-11 14:44:00,TikTok,Duet,Education,6715,628,153,108187,913,198066,3.78,14,Sunday,3,174,Positive,Macro,True,False,False,False,8
POST_01118,2024-08-11 16:29:00,TikTok,Stitch,Fitness,12455,196,1256,55775,2525,277747,5.01,16,Sunday,28,513,Neutral,Macro,True,False,False,False,8
POST_04593,2024-08-11 18:44:00,Facebook,Story,Food,6371,172,127,45756,553,351783,1.9,18,Sunday,25,556,Neutral,Macro,True,False,False,False,8
POST_01961,2024-08-11 19:33:00,Instagram,Photo,Technology,2671,111,126,5374,465,9102,31.95,19,Sunday,15,1168,Neutral,Nano,True,True,False,True,8
POST_01529,2024-08-12 00:57:00,TikTok,Video,Fashion,2087,1549,4849,88905,2415,204734,4.14,0,Monday,10,330,Positive,Macro,True,True,False,False,8
POST_00049,2024-08-12 04:32:00,Facebook,Story,Food,3097,11,28,22318,683,152952,2.05,4,Monday,8,248,Negative,Macro,True,False,False,False,8
POST_02102,2024-08-12 13:38:00,Facebook,Video,Lifestyle,153,269,794,32654,388,62237,1.95,13,Monday,15,250,Positive,Mid-tier,True,False,False,False,8
POST_02987,2024-08-12 14:49:00,Instagram,Carousel,Sports,1236,438,41,37355,917,99618,1.72,14,Monday,3,1991,Positive,Mid-tier,True,True,False,False,8
POST_02063,2024-08-12 15:14:00,TikTok,Video,Travel,41501,10,922,174559,1270,266169,15.94,15,Monday,19,565,Positive,Macro,True,False,False,True,8
POST_00088,2024-08-13 00:04:00,Facebook,Video,Travel,3130,273,690,46240,67,12597,32.49,0,Tuesday,12,329,Neutral,Micro,True,False,False,True,8
POST_02195,2024-08-13 21:44:00,Instagram,Story,Travel,9146,483,53,46559,583,139862,6.92,21,Tuesday,27,627,Positive,Macro,True,False,False,False,8
POST_03196,2024-08-14 06:50:00,Facebook,Story,Entertainment,5341,346,753,77391,744,167311,3.85,6,Wednesday,18,416,Positive,Macro,True,False,False,False,8
POST_00641,2024-08-14 10:49:00,Instagram,Reel,Business,841,492,153,19947,233,180579,0.82,10,Wednesday,29,218,Positive,Macro,True,True,False,False,8
POST_01059,2024-08-14 13:19:00,Facebook,Story,Food,4012,339,367,79972,662,484418,0.97,13,Wednesday,10,301,Negative,Macro,True,True,False,False,8
POST_00555,2024-08-14 19:02:00,TikTok,Duet,Education,9908,950,3750,288869,2952,40594,35.99,19,Wednesday,20,440,Positive,Micro,True,False,False,True,8
POST_02033,2024-08-14 22:47:00,Facebook,Video,Technology,3541,378,787,73842,431,430310,1.09,22,Wednesday,20,541,Neutral,Macro,True,False,False,False,8
POST_01099,2024-08-14 23:09:00,TikTok,Stitch,Technology,21360,1670,1727,137841,1368,185216,13.37,23,Wednesday,1,300,Neutral,Macro,True,True,False,False,8
POST_04910,2024-08-15 09:12:00,Facebook,Video,Gaming,2113,217,31,74161,25,86758,2.72,9,Thursday,10,589,Negative,Mid-tier,True,True,False,False,8
POST_00726,2024-08-15 14:56:00,TikTok,Stitch,Travel,17334,1992,1127,447667,2393,233532,8.76,14,Thursday,10,93,Neutral,Macro,True,False,False,False,8
POST_04165,2024-08-15 19:55:00,Facebook,Story,Entertainment,3992,21,110,44289,213,469681,0.88,19,Thursday,27,181,Positive,Macro,True,False,False,False,8
POST_02564,2024-08-15 23:42:00,Instagram,Reel,Technology,6517,175,65,8423,592,220002,3.07,23,Thursday,8,500,Neutral,Macro,True,False,False,False,8
POST_04873,2024-08-16 14:35:00,Instagram,Story,Fashion,1361,240,34,39506,214,274821,0.59,14,Friday,0,1416,Positive,Macro,True,True,False,False,8
POST_02077,2024-08-16 16:25:00,Instagram,Photo,Entertainment,7884,467,232,23328,556,24219,35.44,16,Friday,21,1421,Positive,Micro,True,False,False,True,8
POST_03932,2024-08-16 22:14:00,Instagram,Story,Food,6850,493,73,48981,939,136391,5.44,22,Friday,13,1089,Negative,Macro,True,False,False,False,8
POST_00590,2024-08-17 03:22:00,Instagram,Reel,Technology,3846,297,73,32014,184,178472,2.36,3,Saturday,2,519,Neutral,Macro,True,True,False,False,8
POST_02740,2024-08-17 04:55:00,Instagram,Reel,Entertainment,5895,155,293,30238,955,334279,1.9,4,Saturday,10,546,Positive,Macro,True,False,False,False,8
POST_04301,2024-08-17 18:49:00,Instagram,Reel,Fitness,5180,156,190,7603,685,25310,21.83,18,Saturday,4,238,Neutral,Micro,False,True,False,True,8
POST_00275,2024-08-17 20:04:00,Facebook,Story,Fitness,1512,114,540,30786,175,152019,1.42,20,Saturday,24,566,Positive,Macro,True,True,False,False,8
POST_01926,2024-08-17 23:41:00,Instagram,Reel,Food,9093,445,209,43474,410,218870,4.45,23,Saturday,14,483,Negative,Macro,True,True,False,False,8
POST_00414,2024-08-18 03:29:00,Facebook,Story,Fashion,7191,324,522,18243,514,488396,1.65,3,Sunday,12,1114,Positive,Macro,True,True,False,False,8
POST_03067,2024-08-18 10:22:00,Instagram,Reel,Technology,2181,381,118,22323,213,488836,0.55,10,Sunday,1,341,Neutral,Macro,True,False,False,False,8
POST_04334,2024-08-18 22:47:00,Facebook,Story,Travel,7411,341,355,77453,590,223457,3.63,22,Sunday,27,1939,Neutral,Macro,True,False,False,False,8
POST_00698,2024-08-19 04:09:00,Facebook,Live,Business,1796,264,584,49128,20,294994,0.9,4,Monday,9,581,Positive,Macro,False,False,False,False,8
POST_04433,2024-08-19 08:00:00,Facebook,Video,Technology,4290,207,431,69060,495,120638,4.08,8,Monday,16,363,Neutral,Macro,True,False,False,False,8
POST_01622,2024-08-19 08:36:00,Instagram,Photo,Entertainment,3735,341,84,7346,426,54095,7.69,8,Monday,22,1925,Neutral,Mid-tier,True,True,False,False,8
POST_04502,2024-08-19 15:25:00,Facebook,Live,Food,3459,47,769,73956,570,201846,2.12,15,Monday,29,409,Positive,Macro,True,False,False,False,8
POST_03331,2024-08-19 19:47:00,Facebook,Live,Gaming,140,70,699,62435,133,543,167.4,19,Monday,7,570,Negative,Nano,True,True,False,True,8
POST_04658,2024-08-19 21:24:00,Facebook,Live,Gaming,1276,237,128,29429,690,342314,0.48,21,Monday,15,540,Positive,Macro,False,False,False,False,8
POST_00504,2024-08-19 21:46:00,TikTok,Stitch,Food,21782,1080,4909,378587,2971,144781,19.18,21,Monday,5,173,Positive,Macro,False,False,False,True,8
POST_03210,2024-08-20 09:08:00,Facebook,Post,Entertainment,844,32,60,17315,238,232140,0.4,9,Tuesday,22,53,Neutral,Macro,True,True,False,False,8
POST_03656,2024-08-21 04:51:00,Instagram,Story,Travel,1449,45,38,24688,943,19008,8.06,4,Wednesday,16,549,Neutral,Micro,True,False,False,False,8
POST_01167,2024-08-21 11:35:00,TikTok,Stitch,Food,23093,108,4945,194802,1766,392192,7.18,11,Wednesday,20,228,Positive,Macro,False,False,False,False,8
POST_00090,2024-08-22 02:57:00,Facebook,Story,Sports,5721,36,100,75516,96,150411,3.89,2,Thursday,12,1219,Negative,Macro,True,False,False,False,8
POST_02208,2024-08-22 06:53:00,TikTok,Duet,Fitness,49337,1615,4162,217678,1949,306830,17.96,6,Thursday,13,335,Neutral,Macro,True,False,False,True,8
POST_04458,2024-08-22 09:40:00,Instagram,Reel,Entertainment,4996,124,3,49257,558,417425,1.23,9,Thursday,5,66,Neutral,Macro,True,False,False,False,8
POST_02309,2024-08-24 00:35:00,Instagram,Photo,Entertainment,2623,202,127,42689,149,130849,2.26,0,Saturday,29,655,Positive,Macro,True,True,False,False,8
POST_02413,2024-08-24 17:24:00,Facebook,Post,Technology,1054,333,581,50893,644,33775,5.83,17,Saturday,14,555,Positive,Micro,True,False,False,False,8
POST_03272,2024-08-24 20:08:00,Instagram,Reel,Food,2715,480,197,24672,646,451459,0.75,20,Saturday,4,110,Positive,Macro,True,False,False,False,8
POST_02555,2024-08-24 21:01:00,Instagram,Story,Entertainment,1651,140,235,6330,275,302197,0.67,21,Saturday,14,720,Positive,Macro,True,False,False,False,8
POST_04765,2024-08-25 06:51:00,Facebook,Post,Food,325,47,499,53003,353,418131,0.21,6,Sunday,0,1327,Neutral,Macro,True,False,False,False,8
POST_01259,2024-08-25 12:40:00,Instagram,Photo,Health,5846,485,216,46573,647,471174,1.39,12,Sunday,0,390,Negative,Macro,True,False,False,False,8
POST_00957,2024-08-26 01:06:00,Facebook,Story,Education,3088,391,38,35170,216,387241,0.91,1,Monday,1,1227,Positive,Macro,True,False,False,False,8
POST_02330,2024-08-26 02:09:00,Instagram,Photo,Fitness,5114,481,66,22696,349,336372,1.68,2,Monday,21,987,Positive,Macro,True,False,False,False,8
POST_00027,2024-08-26 03:24:00,Instagram,Carousel,Business,804,304,36,17610,740,242754,0.47,3,Monday,11,283,Neutral,Macro,True,True,False,False,8
POST_04306,2024-08-26 07:16:00,Instagram,Carousel,Lifestyle,8022,346,49,15199,796,7888,106.71,7,Monday,5,427,Neutral,Nano,True,False,False,True,8
POST_02366,2024-08-26 10:35:00,Instagram,Reel,Technology,4183,349,209,12997,522,178497,2.66,10,Monday,6,554,Neutral,Macro,True,False,False,False,8
POST_00542,2024-08-26 10:49:00,Facebook,Post,Technology,3530,167,894,17493,525,204526,2.24,10,Monday,7,1322,Positive,Macro,True,False,False,False,8
POST_04973,2024-08-26 17:04:00,Facebook,Video,Food,5368,31,979,14670,65,58093,10.98,17,Monday,7,438,Positive,Mid-tier,False,False,False,False,8
POST_01459,2024-08-26 17:22:00,Instagram,Photo,Lifestyle,4493,258,177,48001,140,482398,1.02,17,Monday,18,1308,Positive,Macro,True,False,False,False,8
POST_01546,2024-08-26 19:14:00,Facebook,Post,Food,5112,359,433,38243,647,99714,5.92,19,Monday,8,823,Positive,Mid-tier,True,True,False,False,8
POST_02065,2024-08-27 01:42:00,Instagram,Photo,Entertainment,7762,462,74,28580,938,267421,3.1,1,Tuesday,25,1992,Neutral,Macro,True,False,False,False,8
POST_03841,2024-08-27 15:23:00,Facebook,Video,Food,6165,356,919,25370,556,326528,2.28,15,Tuesday,15,594,Neutral,Macro,True,False,False,False,8
POST_01052,2024-08-27 17:13:00,Facebook,Live,Food,7795,17,54,69382,311,33372,23.57,17,Tuesday,23,23,Positive,Micro,False,False,False,True,8
POST_04276,2024-08-27 19:31:00,Facebook,Video,Technology,5207,386,889,19017,596,494616,1.31,19,Tuesday,6,368,Negative,Macro,True,False,False,False,8
POST_00128,2024-08-28 12:07:00,TikTok,Video,Fitness,2652,1341,4440,165322,2858,316023,2.67,12,Wednesday,13,336,Neutral,Macro,True,False,False,False,8
POST_03982,2024-08-28 12:13:00,TikTok,Duet,Entertainment,41112,1529,2296,278023,2894,305361,14.72,12,Wednesday,13,154,Positive,Macro,True,False,False,True,8
POST_03464,2024-08-28 15:58:00,Facebook,Video,Education,3750,297,231,49354,34,93693,4.57,15,Wednesday,2,193,Positive,Mid-tier,True,True,False,False,8
POST_02761,2024-08-29 05:42:00,Instagram,Reel,Sports,6652,42,98,29369,713,479397,1.42,5,Thursday,4,217,Neutral,Macro,True,True,False,False,8
POST_02984,2024-08-29 06:07:00,TikTok,Video,Health,22145,801,1682,109627,793,373865,6.59,6,Thursday,14,244,Neutral,Macro,True,False,False,False,8
POST_01631,2024-08-29 15:19:00,TikTok,Duet,Food,45803,191,4380,97930,912,97041,51.91,15,Thursday,10,161,Positive,Mid-tier,True,False,False,True,8
POST_02240,2024-08-29 17:27:00,Instagram,Photo,Food,545,392,189,27141,968,258905,0.43,17,Thursday,21,243,Positive,Macro,False,False,False,False,8
POST_03881,2024-08-30 02:49:00,Facebook,Video,Sports,7577,157,598,26999,112,192301,4.33,2,Friday,23,142,Positive,Macro,True,False,False,False,8
POST_03785,2024-08-30 15:32:00,TikTok,Video,Gaming,16042,73,3116,316367,1555,57279,33.57,15,Friday,17,86,Neutral,Mid-tier,True,True,False,True,8
POST_02811,2024-08-30 22:32:00,Instagram,Story,Fashion,3449,96,260,40872,727,214469,1.77,22,Friday,16,1141,Positive,Macro,True,True,False,False,8
POST_01414,2024-09-01 01:15:00,Instagram,Story,Fashion,9607,60,60,21417,437,78944,12.32,1,Sunday,13,497,Positive,Mid-tier,False,False,False,False,9
POST_04113,2024-09-01 06:05:00,Instagram,Reel,Food,7647,147,198,27780,158,279835,2.86,6,Sunday,14,553,Neutral,Macro,True,False,False,False,9
POST_04774,2024-09-01 06:39:00,TikTok,Duet,Food,1296,671,2751,266200,385,297802,1.58,6,Sunday,20,38,Positive,Macro,True,False,False,False,9
POST_00712,2024-09-01 09:51:00,Facebook,Story,Business,2321,350,253,25480,701,333739,0.88,9,Sunday,21,1181,Positive,Macro,True,False,False,False,9
POST_04462,2024-09-02 02:10:00,Facebook,Story,Entertainment,2386,20,288,12105,141,410920,0.66,2,Monday,0,1958,Positive,Macro,True,False,False,False,9
POST_04743,2024-09-02 09:10:00,Instagram,Photo,Business,6188,223,111,21745,197,179341,3.64,9,Monday,25,1469,Positive,Macro,True,False,False,False,9
POST_04261,2024-09-02 11:42:00,Instagram,Reel,Fitness,3391,201,22,18667,877,153859,2.35,11,Monday,1,568,Positive,Macro,True,False,False,False,9
POST_01391,2024-09-02 15:24:00,Instagram,Reel,Gaming,5952,203,147,11657,582,443378,1.42,15,Monday,26,437,Neutral,Macro,True,False,False,False,9
POST_03784,2024-09-02 19:37:00,TikTok,Duet,Gaming,43908,986,46,206769,1014,203680,22.06,19,Monday,11,41,Neutral,Macro,True,True,False,True,9
POST_00073,2024-09-03 18:05:00,Instagram,Reel,Health,5738,124,44,46202,894,41892,14.1,18,Tuesday,18,474,Positive,Micro,True,False,False,True,9
POST_00750,2024-09-03 18:26:00,Facebook,Story,Sports,5422,362,217,75655,199,352360,1.7,18,Tuesday,1,1250,Neutral,Macro,True,False,False,False,9
POST_01965,2024-09-03 20:39:00,Facebook,Live,Food,1279,274,669,9788,187,18944,11.73,20,Tuesday,8,156,Negative,Micro,True,False,False,False,9
POST_04882,2024-09-04 00:57:00,Facebook,Video,Fitness,3516,340,248,56685,630,469023,0.88,0,Wednesday,24,111,Positive,Macro,False,False,False,False,9
POST_02356,2024-09-05 00:02:00,Instagram,Photo,Travel,9776,234,168,19509,41,327486,3.11,0,Thursday,22,1075,Positive,Macro,True,False,False,False,9
POST_03909,2024-09-05 04:51:00,Facebook,Post,Health,7764,29,839,36118,521,153098,5.64,4,Thursday,20,679,Negative,Macro,True,False,False,False,9
POST_01454,2024-09-05 14:23:00,Facebook,Story,Food,4396,337,138,78794,422,490712,0.99,14,Thursday,26,377,Positive,Macro,True,False,False,False,9
POST_04210,2024-09-05 15:02:00,Instagram,Reel,Food,3471,459,259,20740,468,119256,3.51,15,Thursday,20,117,Neutral,Macro,True,True,False,False,9
POST_04290,2024-09-06 06:10:00,TikTok,Video,Fashion,23945,1022,1959,147059,322,473675,5.68,6,Friday,8,175,Positive,Macro,False,False,False,False,9
POST_03168,2024-09-07 00:07:00,Instagram,Photo,Travel,5519,62,213,14965,546,151212,3.83,0,Saturday,15,668,Positive,Macro,True,True,False,False,9
POST_00143,2024-09-07 11:18:00,Facebook,Video,Lifestyle,4757,196,472,49148,730,49816,10.89,11,Saturday,25,210,Positive,Micro,True,True,False,False,9
POST_00462,2024-09-07 16:26:00,Facebook,Live,Education,5885,29,644,64393,172,121515,5.4,16,Saturday,28,401,Neutral,Macro,True,False,False,False,9
POST_00859,2024-09-07 21:25:00,Facebook,Story,Fitness,4789,315,868,38796,492,71920,8.3,21,Saturday,21,1093,Positive,Mid-tier,True,False,False,False,9
POST_04797,2024-09-07 22:52:00,Instagram,Story,Business,7018,374,34,23926,397,408150,1.82,22,Saturday,11,1063,Positive,Macro,True,False,False,False,9
POST_04633,2024-09-08 14:58:00,TikTok,Stitch,Lifestyle,18415,156,4521,87102,285,329685,7.0,14,Sunday,24,175,Positive,Macro,True,False,False,False,9
POST_01516,2024-09-08 20:18:00,Instagram,Reel,Health,4176,106,260,49750,348,62439,7.27,20,Sunday,2,51,Positive,Mid-tier,True,False,False,False,9
POST_03392,2024-09-09 08:56:00,TikTok,Stitch,Entertainment,10388,812,2674,285208,1657,196696,7.05,8,Monday,10,378,Neutral,Macro,True,False,False,False,9
POST_02569,2024-09-09 13:25:00,TikTok,Video,Business,38052,902,289,225696,2069,5443,200.0,13,Monday,25,318,Positive,Nano,False,False,False,True,9
POST_04063,2024-09-09 16:21:00,TikTok,Duet,Food,43513,1850,197,449367,821,381429,11.94,16,Monday,11,517,Positive,Macro,True,False,False,False,9
POST_03793,2024-09-09 17:41:00,Facebook,Video,Business,3846,165,130,8812,718,340830,1.21,17,Monday,17,166,Positive,Macro,True,False,False,False,9
POST_04216,2024-09-10 19:37:00,TikTok,Stitch,Education,24778,979,1091,153192,1415,419360,6.4,19,Tuesday,16,275,Neutral,Macro,True,False,False,False,9
POST_00240,2024-09-10 20:17:00,Instagram,Carousel,Travel,5262,272,104,19894,633,185277,3.04,20,Tuesday,21,655,Positive,Macro,True,False,False,False,9
POST_01328,2024-09-10 21:25:00,TikTok,Duet,Entertainment,18523,1982,1204,445627,1748,310869,6.98,21,Tuesday,18,503,Positive,Macro,True,True,False,False,9
POST_01005,2024-09-10 21:48:00,TikTok,Duet,Lifestyle,43988,1614,4819,488843,1987,447670,11.26,21,Tuesday,7,139,Positive,Macro,True,False,False,False,9
POST_04640,2024-09-11 02:17:00,TikTok,Duet,Travel,49279,1405,105,162883,2402,426693,11.9,2,Wednesday,20,219,Positive,Macro,True,False,False,False,9
POST_00873,2024-09-11 05:52:00,Facebook,Live,Education,1707,339,729,49039,470,287567,0.96,5,Wednesday,5,324,Neutral,Macro,False,True,False,False,9
POST_00232,2024-09-12 03:29:00,Facebook,Live,Entertainment,1034,391,381,54165,12,54333,3.32,3,Thursday,0,464,Positive,Mid-tier,False,True,False,False,9
POST_02312,2024-09-12 05:45:00,TikTok,Stitch,Fitness,33680,1766,871,359000,1988,345241,10.52,5,Thursday,27,268,Negative,Macro,False,True,False,False,9
POST_04070,2024-09-12 05:57:00,TikTok,Stitch,Gaming,10260,470,2466,475683,2548,127401,10.36,5,Thursday,20,546,Positive,Macro,True,False,False,False,9
POST_03422,2024-09-12 16:45:00,Facebook,Post,Technology,3651,124,924,33201,309,229700,2.05,16,Thursday,10,1502,Neutral,Macro,True,False,False,False,9
POST_04453,2024-09-12 21:38:00,TikTok,Duet,Gaming,46033,1561,4972,274793,1605,401532,13.09,21,Thursday,15,65,Positive,Macro,True,False,False,False,9
POST_03878,2024-09-13 07:06:00,TikTok,Video,Business,18234,1441,3191,355451,107,288769,7.92,7,Friday,10,284,Positive,Macro,True,False,False,False,9
POST_02882,2024-09-14 06:02:00,TikTok,Stitch,Food,10256,1983,666,436192,244,465846,2.77,6,Saturday,6,343,Positive,Macro,True,False,False,False,9
POST_02076,2024-09-14 12:58:00,TikTok,Duet,Entertainment,42083,1166,595,356487,1415,76685,57.17,12,Saturday,15,308,Positive,Mid-tier,True,True,False,True,9
POST_00346,2024-09-15 15:07:00,Facebook,Live,Technology,4828,336,948,76854,389,61555,9.93,15,Sunday,14,189,Neutral,Mid-tier,True,False,False,False,9
POST_01786,2024-09-15 15:44:00,TikTok,Duet,Lifestyle,23219,1071,1033,414495,1556,250050,10.13,15,Sunday,19,549,Positive,Macro,True,True,False,False,9
POST_03858,2024-09-15 21:35:00,Facebook,Video,Business,7829,170,865,36049,736,453665,1.95,21,Sunday,20,16,Neutral,Macro,False,True,False,False,9
POST_03218,2024-09-16 01:04:00,Instagram,Carousel,Technology,2737,5,174,39329,441,23741,12.28,1,Monday,6,1871,Neutral,Micro,False,True,False,False,9
POST_02137,2024-09-16 08:54:00,Instagram,Reel,Business,9740,157,218,40220,970,467418,2.16,8,Monday,20,366,Positive,Macro,True,True,False,False,9
POST_02349,2024-09-16 15:40:00,Facebook,Story,Food,5838,325,827,33443,550,145090,4.82,15,Monday,2,1474,Neutral,Macro,True,True,False,False,9
POST_04961,2024-09-16 18:26:00,Facebook,Story,Fashion,4388,123,724,59048,147,392458,1.33,18,Monday,23,1327,Positive,Macro,True,False,False,False,9
POST_04935,2024-09-17 03:12:00,Facebook,Video,Food,2370,236,235,49190,593,273581,1.04,3,Tuesday,16,422,Positive,Macro,False,True,False,False,9
POST_02432,2024-09-17 11:28:00,TikTok,Video,Technology,47738,616,691,65659,976,317519,15.45,11,Tuesday,22,53,Neutral,Macro,True,False,False,True,9
POST_03552,2024-09-17 18:05:00,Instagram,Reel,Food,6188,55,257,41152,907,136162,4.77,18,Tuesday,14,453,Neutral,Macro,False,False,False,False,9
POST_01946,2024-09-18 00:21:00,Facebook,Video,Business,5054,338,872,42533,90,103333,6.06,0,Wednesday,10,44,Positive,Macro,True,False,False,False,9
POST_03520,2024-09-18 05:15:00,Instagram,Story,Health,6985,225,224,19608,963,128565,5.78,5,Wednesday,26,396,Positive,Macro,True,False,False,False,9
POST_00622,2024-09-18 09:20:00,Instagram,Story,Food,8352,112,282,47653,23,381246,2.29,9,Wednesday,16,542,Positive,Macro,True,False,False,False,9
POST_01581,2024-09-19 03:46:00,Instagram,Story,Fashion,5322,107,203,48692,126,196519,2.87,3,Thursday,12,147,Positive,Macro,True,True,False,False,9
POST_03359,2024-09-19 21:38:00,TikTok,Stitch,Travel,24026,292,578,216292,1562,10331,200.0,21,Thursday,24,298,Positive,Micro,True,False,False,True,9
POST_00949,2024-09-19 23:30:00,TikTok,Duet,Business,43185,1458,2260,103704,2206,464664,10.09,23,Thursday,10,31,Negative,Macro,True,True,False,False,9
POST_02255,2024-09-20 11:01:00,TikTok,Video,Lifestyle,23132,858,3167,433503,2620,15711,172.85,11,Friday,26,105,Neutral,Micro,False,False,False,True,9
POST_03689,2024-09-21 07:53:00,Instagram,Story,Technology,533,10,199,13664,717,468359,0.16,7,Saturday,27,1741,Positive,Macro,False,False,False,False,9
POST_00312,2024-09-21 10:17:00,Instagram,Reel,Food,1490,47,286,28787,194,95995,1.9,10,Saturday,20,19,Positive,Mid-tier,False,True,False,False,9
POST_01503,2024-09-22 02:01:00,Instagram,Story,Business,5179,142,243,11645,722,276220,2.01,2,Sunday,0,1384,Positive,Macro,True,False,False,False,9
POST_01423,2024-09-22 05:23:00,Instagram,Story,Travel,9871,195,4,30192,496,38981,25.83,5,Sunday,28,1017,Neutral,Micro,True,False,False,True,9
POST_03176,2024-09-22 05:37:00,Instagram,Reel,Education,3442,155,224,36979,769,30079,12.7,5,Sunday,11,116,Positive,Micro,True,False,False,False,9
POST_03563,2024-09-22 21:06:00,Instagram,Reel,Entertainment,6598,496,67,13699,400,354898,2.02,21,Sunday,17,140,Positive,Macro,True,False,False,False,9
POST_02302,2024-09-23 04:19:00,Facebook,Story,Lifestyle,7402,80,485,77985,201,44989,17.71,4,Monday,12,1651,Positive,Micro,True,False,False,True,9
POST_03489,2024-09-23 05:45:00,Instagram,Photo,Food,1372,80,19,40384,477,158504,0.93,5,Monday,0,297,Positive,Macro,True,False,False,False,9
POST_03098,2024-09-23 07:30:00,Instagram,Story,Lifestyle,9072,61,286,14964,901,69691,13.52,7,Monday,23,1467,Positive,Mid-tier,False,False,False,False,9
POST_04899,2024-09-23 17:10:00,Instagram,Photo,Business,1712,403,214,5155,567,268811,0.87,17,Monday,19,1083,Positive,Macro,True,True,False,False,9
POST_02182,2024-09-24 05:26:00,Instagram,Carousel,Lifestyle,5324,164,185,39677,177,394709,1.44,5,Tuesday,3,1962,Neutral,Macro,True,False,False,False,9
POST_00189,2024-09-24 05:37:00,Facebook,Live,Food,6306,353,529,14080,471,485307,1.48,5,Tuesday,17,116,Negative,Macro,True,False,False,False,9
POST_04214,2024-09-24 19:29:00,Instagram,Photo,Food,4637,477,62,19790,980,316176,1.64,19,Tuesday,22,715,Neutral,Macro,True,True,False,False,9
POST_03816,2024-09-24 22:28:00,Facebook,Story,Food,5804,64,150,41052,128,45860,13.12,22,Tuesday,7,861,Negative,Micro,True,False,False,False,9
POST_03945,2024-09-25 23:11:00,Instagram,Carousel,Lifestyle,3756,292,201,18090,419,293157,1.45,23,Wednesday,24,879,Neutral,Macro,True,False,False,False,9
POST_02199,2024-09-26 07:18:00,Facebook,Story,Gaming,5799,371,609,27655,409,73974,9.16,7,Thursday,28,1733,Negative,Mid-tier,True,True,False,False,9
POST_00063,2024-09-26 16:48:00,TikTok,Duet,Fitness,25644,1549,2216,113007,1098,131815,22.31,16,Thursday,21,289,Positive,Macro,True,True,False,True,9
POST_03481,2024-09-26 19:53:00,Instagram,Carousel,Sports,8353,372,103,35909,415,438183,2.01,19,Thursday,18,695,Negative,Macro,True,False,False,False,9
POST_02856,2024-09-27 03:03:00,Facebook,Story,Lifestyle,2995,104,978,19023,793,490520,0.83,3,Friday,25,550,Positive,Macro,True,False,False,False,9
POST_01810,2024-09-27 14:03:00,Instagram,Story,Entertainment,7682,65,124,38884,64,256239,3.07,14,Friday,29,1523,Positive,Macro,True,False,False,False,9
POST_00369,2024-09-27 20:37:00,Instagram,Reel,Fashion,1794,213,85,24080,313,492769,0.42,20,Friday,18,445,Positive,Macro,True,False,False,False,9
POST_00360,2024-09-27 21:05:00,Facebook,Live,Entertainment,3444,369,469,68109,206,73239,5.85,21,Friday,13,575,Neutral,Mid-tier,True,True,False,False,9
POST_00550,2024-09-28 01:08:00,TikTok,Stitch,Technology,5410,1107,466,491160,2658,492814,1.42,1,Saturday,8,460,Negative,Macro,False,False,False,False,9
POST_03329,2024-09-28 01:19:00,Instagram,Carousel,Food,7088,410,294,24986,915,110450,7.05,1,Saturday,2,1251,Neutral,Macro,True,True,False,False,9
POST_01579,2024-09-28 06:15:00,Facebook,Live,Fashion,4142,228,656,40385,611,324718,1.55,6,Saturday,4,173,Positive,Macro,False,False,False,False,9
POST_03560,2024-09-28 10:58:00,Facebook,Story,Technology,6231,339,514,54661,433,239805,2.95,10,Saturday,27,1267,Positive,Macro,True,False,False,False,9
POST_02444,2024-09-28 11:56:00,TikTok,Stitch,Sports,2634,188,3313,145657,2734,220194,2.79,11,Saturday,1,492,Neutral,Macro,False,False,False,False,9
POST_00115,2024-09-28 14:18:00,Facebook,Live,Education,7362,93,708,64622,93,302009,2.7,14,Saturday,10,559,Neutral,Macro,True,False,False,False,9
POST_00373,2024-09-29 04:04:00,Instagram,Photo,Entertainment,2099,361,58,44309,992,405038,0.62,4,Sunday,23,990,Positive,Macro,True,True,False,False,9
POST_03446,2024-09-29 09:47:00,Facebook,Post,Technology,7207,84,260,11656,659,181186,4.17,9,Sunday,29,1173,Neutral,Macro,True,False,False,False,9
POST_00989,2024-09-30 10:19:00,Instagram,Carousel,Food,7229,133,209,12920,348,404078,1.87,10,Monday,4,1538,Positive,Macro,True,False,False,False,9
POST_04650,2024-09-30 20:34:00,Instagram,Story,Education,9258,448,21,28758,736,272870,3.56,20,Monday,6,1454,Positive,Macro,True,True,False,False,9
POST_00031,2024-09-30 22:59:00,Facebook,Live,Education,7820,125,190,13571,687,392943,2.07,22,Monday,27,28,Negative,Macro,False,False,False,False,9
POST_01342,2024-10-01 10:53:00,Facebook,Video,Sports,1424,277,765,23855,82,214533,1.15,10,Tuesday,18,274,Positive,Macro,True,False,False,False,10
POST_04598,2024-10-01 17:07:00,Instagram,Photo,Lifestyle,2984,29,38,12126,427,12190,25.03,17,Tuesday,23,1370,Negative,Micro,True,False,False,True,10
POST_01304,2024-10-01 17:52:00,Facebook,Video,Travel,6827,187,447,27152,527,325070,2.3,17,Tuesday,14,528,Neutral,Macro,True,False,False,False,10
POST_04880,2024-10-01 21:16:00,TikTok,Stitch,Food,36593,1075,4876,345737,1410,105812,40.21,21,Tuesday,1,340,Neutral,Macro,False,True,False,True,10
POST_03787,2024-10-02 01:20:00,Facebook,Post,Travel,7512,119,168,69260,797,167757,4.65,1,Wednesday,9,637,Neutral,Macro,True,True,False,False,10
POST_04505,2024-10-02 03:28:00,Facebook,Video,Entertainment,2599,274,687,17598,371,35889,9.92,3,Wednesday,14,204,Negative,Micro,True,False,False,False,10
POST_02328,2024-10-02 04:45:00,Instagram,Carousel,Fashion,268,177,97,49262,21,389549,0.14,4,Wednesday,0,811,Positive,Macro,True,False,False,False,10
POST_04620,2024-10-02 06:37:00,TikTok,Stitch,Health,40395,1274,3140,412282,1146,30778,145.59,6,Wednesday,17,23,Positive,Micro,True,False,False,True,10
POST_01192,2024-10-02 09:17:00,Facebook,Live,Fashion,7765,75,14,62926,520,429255,1.83,9,Wednesday,20,500,Neutral,Macro,True,True,False,False,10
POST_01662,2024-10-02 11:01:00,Facebook,Post,Education,843,181,706,50114,600,349175,0.5,11,Wednesday,27,1086,Neutral,Macro,True,False,False,False,10
POST_02812,2024-10-02 13:59:00,Facebook,Video,Food,7761,351,697,62165,522,488838,1.8,13,Wednesday,17,229,Positive,Macro,False,False,False,False,10
POST_01694,2024-10-02 20:26:00,Instagram,Photo,Gaming,2351,35,162,42927,690,55689,4.58,20,Wednesday,3,774,Neutral,Mid-tier,True,False,False,False,10
POST_01179,2024-10-03 03:08:00,TikTok,Video,Technology,12659,1753,1801,175116,1317,361335,4.49,3,Thursday,12,224,Positive,Macro,True,True,False,False,10
POST_04428,2024-10-03 03:34:00,Instagram,Carousel,Education,8561,224,188,18321,41,40848,21.97,3,Thursday,28,246,Negative,Micro,True,False,False,True,10
POST_04820,2024-10-03 08:40:00,Instagram,Photo,Fashion,1255,249,196,31809,841,205467,0.83,8,Thursday,18,928,Positive,Macro,True,True,False,False,10
POST_00036,2024-10-03 20:44:00,TikTok,Stitch,Entertainment,39651,1800,3815,467574,256,458038,9.88,20,Thursday,19,544,Neutral,Macro,True,False,False,False,10
POST_02720,2024-10-04 04:45:00,Instagram,Reel,Education,7550,436,259,41510,454,76704,10.75,4,Friday,25,279,Positive,Mid-tier,True,False,False,False,10
POST_04591,2024-10-05 06:11:00,Facebook,Post,Sports,6166,141,671,73526,424,291182,2.4,6,Saturday,25,150,Neutral,Macro,True,True,False,False,10
POST_01478,2024-10-05 07:04:00,TikTok,Duet,Sports,44001,1515,531,136960,1073,4269,200.0,7,Saturday,11,197,Positive,Nano,True,False,False,True,10
POST_04955,2024-10-05 10:39:00,Facebook,Story,Sports,6610,224,417,62222,357,64320,11.27,10,Saturday,1,1743,Positive,Mid-tier,True,False,False,False,10
POST_01822,2024-10-05 12:44:00,Instagram,Photo,Business,1482,203,241,8830,131,457744,0.42,12,Saturday,20,763,Neutral,Macro,True,True,False,False,10
POST_00379,2024-10-05 16:34:00,TikTok,Video,Business,43581,1651,4959,443055,580,469217,10.7,16,Saturday,21,425,Positive,Macro,True,True,False,False,10
POST_00776,2024-10-06 03:51:00,Instagram,Story,Business,5944,139,243,29557,312,193098,3.28,3,Sunday,28,587,Negative,Macro,True,False,False,False,10
POST_02715,2024-10-06 04:10:00,Instagram,Carousel,Gaming,639,203,18,37581,750,499722,0.17,4,Sunday,26,753,Neutral,Macro,False,True,False,False,10
POST_00259,2024-10-06 13:31:00,Facebook,Story,Entertainment,5191,381,111,74892,491,413359,1.37,13,Sunday,2,194,Positive,Macro,True,True,False,False,10
POST_01166,2024-10-06 14:31:00,TikTok,Duet,Sports,47721,1054,2982,392686,905,433593,11.94,14,Sunday,15,599,Positive,Macro,True,True,False,False,10
POST_03499,2024-10-06 18:57:00,Instagram,Carousel,Health,5453,57,288,39419,81,112730,5.14,18,Sunday,19,1494,Positive,Macro,True,False,False,False,10
POST_03266,2024-10-06 20:25:00,Instagram,Reel,Fashion,2110,267,289,34212,209,423715,0.63,20,Sunday,15,232,Neutral,Macro,True,False,False,False,10
POST_04943,2024-10-07 15:12:00,TikTok,Stitch,Gaming,32987,35,4179,263507,1799,156557,23.76,15,Monday,22,537,Positive,Macro,True,True,False,True,10
POST_02071,2024-10-07 23:16:00,TikTok,Stitch,Health,17515,1505,1511,75511,1935,163073,12.59,23,Monday,19,84,Neutral,Macro,True,False,False,False,10
POST_01060,2024-10-08 01:35:00,Facebook,Video,Education,6471,36,308,46759,246,320512,2.13,1,Tuesday,6,354,Neutral,Macro,True,False,False,False,10
POST_04995,2024-10-08 10:48:00,Instagram,Reel,Travel,2439,225,111,27533,427,448404,0.62,10,Tuesday,16,396,Neutral,Macro,True,False,False,False,10
POST_00564,2024-10-08 19:40:00,Instagram,Carousel,Business,5341,401,277,13377,937,409354,1.47,19,Tuesday,22,1255,Positive,Macro,False,False,False,False,10
POST_04370,2024-10-08 20:41:00,Instagram,Carousel,Technology,5913,384,262,20631,86,2471,200.0,20,Tuesday,23,1985,Neutral,Nano,True,False,False,True,10
POST_00792,2024-10-08 20:50:00,Facebook,Post,Lifestyle,4016,218,83,62408,187,156926,2.75,20,Tuesday,7,1012,Neutral,Macro,False,False,False,False,10
POST_04564,2024-10-09 06:37:00,Instagram,Carousel,Fashion,4678,381,296,38595,672,393043,1.36,6,Wednesday,29,1750,Positive,Macro,True,False,False,False,10
POST_02172,2024-10-09 12:22:00,Instagram,Story,Travel,251,25,80,28155,481,247119,0.14,12,Wednesday,12,1956,Neutral,Macro,True,True,False,False,10
POST_04000,2024-10-10 07:06:00,Instagram,Photo,Travel,8594,275,95,34673,877,334284,2.68,7,Thursday,22,388,Positive,Macro,False,False,False,False,10
POST_03169,2024-10-10 15:04:00,TikTok,Stitch,Sports,16740,825,3011,153873,1492,322956,6.37,15,Thursday,5,449,Negative,Macro,False,False,False,False,10
POST_04602,2024-10-11 04:17:00,TikTok,Video,Entertainment,25597,1772,1358,458758,517,34646,82.92,4,Friday,7,293,Positive,Micro,True,True,False,True,10
POST_00389,2024-10-11 05:37:00,TikTok,Video,Education,1720,1497,3225,270026,858,117222,5.5,5,Friday,0,92,Negative,Macro,True,False,False,False,10
POST_03131,2024-10-11 06:01:00,TikTok,Stitch,Business,36756,1003,2180,256060,1975,28385,140.7,6,Friday,23,71,Neutral,Micro,True,False,False,True,10
POST_02839,2024-10-11 08:08:00,TikTok,Video,Technology,10487,474,995,52672,2075,492799,2.43,8,Friday,0,236,Positive,Macro,True,False,False,False,10
POST_00028,2024-10-11 14:40:00,Facebook,Story,Fitness,4953,92,312,48935,775,104780,5.11,14,Friday,24,310,Positive,Macro,True,True,False,False,10
POST_04680,2024-10-12 04:05:00,Facebook,Post,Fashion,841,9,132,37634,274,2969,33.08,4,Saturday,16,1554,Positive,Nano,True,False,False,True,10
POST_04096,2024-10-12 05:10:00,Facebook,Video,Education,7594,56,854,63559,390,78831,10.79,5,Saturday,5,419,Neutral,Mid-tier,True,False,False,False,10
POST_00937,2024-10-12 17:19:00,Instagram,Story,Fitness,6242,146,47,45206,294,206748,3.11,17,Saturday,27,229,Neutral,Macro,False,True,False,False,10
POST_00592,2024-10-12 18:14:00,Facebook,Post,Technology,6805,67,285,25146,398,298162,2.4,18,Saturday,10,993,Neutral,Macro,True,True,False,False,10
POST_01266,2024-10-12 22:51:00,Instagram,Photo,Entertainment,2877,233,120,35755,699,158097,2.04,22,Saturday,29,1884,Neutral,Macro,True,False,False,False,10
POST_03966,2024-10-13 04:54:00,TikTok,Stitch,Business,7521,913,4521,411770,1534,349932,3.7,4,Sunday,2,427,Negative,Macro,True,True,False,False,10
POST_04613,2024-10-13 05:16:00,Facebook,Story,Entertainment,1645,378,510,31697,674,333651,0.76,5,Sunday,0,1488,Neutral,Macro,True,False,False,False,10
POST_04782,2024-10-13 18:23:00,Instagram,Carousel,Technology,8710,424,21,14211,997,17152,53.38,18,Sunday,13,794,Positive,Micro,True,True,False,True,10
POST_02682,2024-10-14 00:21:00,TikTok,Duet,Food,42559,882,1004,262505,2414,234256,18.97,0,Monday,1,305,Neutral,Macro,False,False,False,True,10
POST_01530,2024-10-14 01:51:00,Facebook,Live,Lifestyle,5121,215,257,58267,647,63912,8.75,1,Monday,27,334,Positive,Mid-tier,True,True,False,False,10
POST_04530,2024-10-14 03:55:00,Instagram,Story,Sports,7406,79,243,48741,688,226968,3.4,3,Monday,4,1174,Negative,Macro,True,False,False,False,10
POST_02041,2024-10-14 04:57:00,TikTok,Stitch,Technology,15399,1514,1922,386003,378,76585,24.59,4,Monday,10,497,Negative,Mid-tier,True,True,False,True,10
POST_04950,2024-10-14 12:06:00,TikTok,Video,Sports,25677,1800,915,206707,1649,284637,9.97,12,Monday,22,173,Positive,Macro,True,False,False,False,10
POST_01664,2024-10-14 15:54:00,Facebook,Video,Health,4328,49,467,29117,415,352942,1.37,15,Monday,17,503,Negative,Macro,False,True,False,False,10
POST_01150,2024-10-14 17:36:00,TikTok,Video,Gaming,33077,897,1946,200552,899,116424,30.85,17,Monday,3,345,Positive,Macro,True,False,False,True,10
POST_03479,2024-10-14 23:23:00,Facebook,Story,Business,7571,68,596,23891,136,198657,4.15,23,Monday,23,1723,Neutral,Macro,True,True,False,False,10
POST_03231,2024-10-15 05:57:00,Facebook,Story,Entertainment,1537,79,499,43330,23,61175,3.46,5,Tuesday,0,1759,Positive,Mid-tier,True,False,False,False,10
POST_04662,2024-10-15 11:04:00,Facebook,Video,Health,6752,40,284,14448,175,204883,3.45,11,Tuesday,1,48,Positive,Macro,True,False,False,False,10
POST_04440,2024-10-15 17:17:00,Instagram,Reel,Fashion,7546,451,120,36764,702,456726,1.78,17,Tuesday,29,144,Negative,Macro,True,False,False,False,10
POST_00335,2024-10-16 03:53:00,Instagram,Photo,Lifestyle,752,85,139,28580,479,136055,0.72,3,Wednesday,10,794,Positive,Macro,True,False,False,False,10
POST_01709,2024-10-16 09:43:00,Facebook,Live,Travel,7865,10,9,15829,119,165690,4.76,9,Wednesday,9,412,Positive,Macro,True,False,False,False,10
POST_00677,2024-10-16 12:26:00,Instagram,Story,Fashion,843,32,297,39033,36,240238,0.49,12,Wednesday,26,790,Negative,Macro,True,False,False,False,10
POST_04754,2024-10-16 12:32:00,Facebook,Post,Health,6528,97,872,67815,391,77182,9.71,12,Wednesday,22,1748,Positive,Mid-tier,False,False,False,False,10
POST_03617,2024-10-16 22:47:00,Facebook,Story,Health,5319,342,173,18745,699,160178,3.64,22,Wednesday,16,844,Positive,Macro,True,False,False,False,10
POST_04343,2024-10-16 22:59:00,TikTok,Video,Gaming,14765,195,3472,60504,337,51743,35.62,22,Wednesday,2,153,Positive,Mid-tier,True,False,False,True,10
POST_04324,2024-10-17 04:47:00,Facebook,Post,Fashion,2541,165,103,19379,577,225071,1.25,4,Thursday,17,531,Positive,Macro,True,False,False,False,10
POST_03497,2024-10-17 05:53:00,TikTok,Video,Gaming,28660,677,404,114620,1658,416665,7.14,5,Thursday,7,484,Neutral,Macro,True,True,False,False,10
POST_03684,2024-10-17 06:05:00,Instagram,Carousel,Technology,9733,490,106,21482,808,485123,2.13,6,Thursday,4,520,Neutral,Macro,True,False,False,False,10
POST_01343,2024-10-17 10:35:00,TikTok,Stitch,Technology,28907,1962,4369,73625,2004,153068,23.02,10,Thursday,26,375,Neutral,Macro,True,False,False,True,10
POST_04191,2024-10-17 12:35:00,TikTok,Stitch,Education,40666,1602,2535,49511,160,309365,14.48,12,Thursday,4,375,Positive,Macro,True,False,False,True,10
POST_03247,2024-10-17 14:38:00,Facebook,Live,Food,7080,227,747,34257,766,185745,4.34,14,Thursday,4,308,Positive,Macro,False,False,False,False,10
POST_02721,2024-10-17 18:15:00,TikTok,Video,Sports,7926,1019,4492,388615,2867,345102,3.89,18,Thursday,29,521,Neutral,Macro,True,False,False,False,10
POST_03101,2024-10-18 14:10:00,Instagram,Story,Fashion,8384,423,24,47784,54,490381,1.8,14,Friday,3,1864,Positive,Macro,True,False,False,False,10
POST_02583,2024-10-19 14:10:00,Facebook,Story,Health,7596,81,22,77393,777,10947,70.33,14,Saturday,14,971,Negative,Micro,True,False,False,True,10
POST_04464,2024-10-19 17:59:00,Instagram,Reel,Food,4374,298,120,16721,947,27864,17.2,17,Saturday,21,562,Positive,Micro,True,False,False,True,10
POST_04789,2024-10-20 12:26:00,Facebook,Story,Lifestyle,6493,359,97,77270,307,474480,1.46,12,Sunday,8,1051,Positive,Macro,True,False,False,False,10
POST_03166,2024-10-21 13:11:00,Facebook,Post,Sports,7771,341,928,20515,244,177586,5.09,13,Monday,29,1593,Positive,Macro,True,True,False,False,10
POST_00408,2024-10-21 14:56:00,Instagram,Reel,Travel,6371,423,281,42500,305,138202,5.12,14,Monday,24,198,Neutral,Macro,True,True,False,False,10
POST_00947,2024-10-21 22:05:00,Instagram,Carousel,Health,6424,258,298,24007,19,395850,1.76,22,Monday,19,563,Positive,Macro,True,True,False,False,10
POST_04160,2024-10-22 00:14:00,Facebook,Post,Fashion,3502,243,345,57662,628,5308,77.05,0,Tuesday,7,778,Positive,Nano,True,False,False,True,10
POST_02798,2024-10-22 21:08:00,Facebook,Video,Fashion,3191,221,111,67835,461,178234,1.98,21,Tuesday,0,227,Positive,Macro,True,False,False,False,10
POST_00939,2024-10-22 22:13:00,Instagram,Reel,Education,7148,277,275,38153,604,458651,1.68,22,Tuesday,17,43,Positive,Macro,True,False,False,False,10
POST_00970,2024-10-23 01:00:00,Facebook,Story,Travel,2133,353,136,8193,315,370423,0.71,1,Wednesday,21,452,Neutral,Macro,True,True,False,False,10
POST_00026,2024-10-23 02:54:00,TikTok,Duet,Fitness,25205,501,3641,430658,1269,461148,6.36,2,Wednesday,12,303,Positive,Macro,False,False,False,False,10
POST_00633,2024-10-23 03:25:00,Facebook,Post,Fashion,35,171,899,7214,627,169798,0.65,3,Wednesday,28,497,Positive,Macro,True,True,False,False,10
POST_01054,2024-10-23 07:52:00,TikTok,Stitch,Sports,43495,766,2004,402152,2552,221063,20.93,7,Wednesday,24,32,Neutral,Macro,True,False,False,True,10
POST_02468,2024-10-23 12:09:00,Instagram,Reel,Health,3346,271,42,19576,75,317696,1.15,12,Wednesday,15,442,Positive,Macro,True,False,False,False,10
POST_01321,2024-10-23 18:17:00,Instagram,Reel,Sports,5114,297,231,33990,81,68299,8.26,18,Wednesday,11,428,Positive,Mid-tier,True,False,False,False,10
POST_03594,2024-10-24 01:31:00,Facebook,Story,Lifestyle,6761,252,351,16090,728,269389,2.73,1,Thursday,10,74,Neutral,Macro,True,True,False,False,10
POST_02053,2024-10-24 04:29:00,Instagram,Reel,Business,2844,329,266,32824,454,387758,0.89,4,Thursday,3,58,Neutral,Macro,False,False,False,False,10
POST_03542,2024-10-24 14:27:00,TikTok,Stitch,Food,6773,1752,3529,181113,2340,447966,2.69,14,Thursday,27,199,Positive,Macro,True,False,False,False,10
POST_01906,2024-10-24 21:22:00,Instagram,Story,Fashion,9596,209,138,37440,905,253543,3.92,21,Thursday,12,268,Positive,Macro,False,False,False,False,10
POST_01452,2024-10-25 18:50:00,Facebook,Video,Fashion,1688,294,793,15048,198,181775,1.53,18,Friday,29,192,Positive,Macro,True,False,False,False,10
POST_03643,2024-10-26 22:28:00,Facebook,Story,Fitness,7716,364,688,19194,199,40484,21.66,22,Saturday,26,666,Negative,Micro,True,False,False,True,10
POST_04962,2024-10-27 19:52:00,Instagram,Photo,Lifestyle,7694,284,290,37569,52,106890,7.74,19,Sunday,17,1623,Neutral,Macro,False,False,False,False,10
POST_00022,2024-10-27 20:39:00,Instagram,Photo,Food,7893,362,169,32238,230,78210,10.77,20,Sunday,12,129,Neutral,Mid-tier,False,False,False,False,10
POST_04402,2024-10-27 21:34:00,Facebook,Video,Travel,6486,66,698,67951,350,272540,2.66,21,Sunday,8,505,Positive,Macro,True,False,False,False,10
POST_03612,2024-10-27 23:45:00,Instagram,Story,Food,3077,326,27,35441,322,363132,0.94,23,Sunday,16,55,Negative,Macro,True,False,False,False,10
POST_02785,2024-10-28 01:23:00,TikTok,Video,Lifestyle,11313,1419,2310,242012,2977,82502,18.23,1,Monday,27,172,Positive,Mid-tier,False,False,False,True,10
POST_00321,2024-10-28 07:25:00,Facebook,Live,Entertainment,6935,300,927,40646,730,324756,2.51,7,Monday,5,334,Positive,Macro,True,False,False,False,10
POST_03892,2024-10-28 12:25:00,Facebook,Live,Sports,2883,300,764,53700,319,365645,1.08,12,Monday,4,558,Negative,Macro,True,True,False,False,10
POST_00481,2024-10-29 00:53:00,Facebook,Story,Health,5974,85,938,54005,713,434445,1.61,0,Tuesday,26,1058,Positive,Macro,True,False,False,False,10
POST_01799,2024-10-29 05:02:00,Instagram,Story,Fashion,1303,381,287,3709,487,29832,6.61,5,Tuesday,29,841,Positive,Micro,True,False,False,False,10
POST_04781,2024-10-29 05:04:00,Instagram,Photo,Business,278,271,23,12522,994,382132,0.15,5,Tuesday,7,435,Positive,Macro,True,False,False,False,10
POST_01922,2024-10-29 06:48:00,Instagram,Carousel,Health,1898,353,135,35429,450,23047,10.35,6,Tuesday,17,1672,Neutral,Micro,True,False,False,False,10
POST_02380,2024-10-29 08:34:00,TikTok,Duet,Food,25014,1986,3456,153250,1772,386102,7.89,8,Tuesday,25,417,Positive,Macro,True,True,False,False,10
POST_01720,2024-10-29 08:58:00,Instagram,Reel,Entertainment,1744,244,151,23166,427,412366,0.52,8,Tuesday,9,22,Positive,Macro,False,False,False,False,10
POST_00998,2024-10-29 11:39:00,Instagram,Carousel,Entertainment,5417,215,40,18159,652,402653,1.41,11,Tuesday,14,157,Neutral,Macro,True,False,False,False,10
POST_01244,2024-10-29 13:58:00,TikTok,Stitch,Entertainment,13450,171,2045,453632,2496,306410,5.11,13,Tuesday,23,59,Positive,Macro,True,True,False,False,10
POST_01390,2024-10-29 20:03:00,Facebook,Story,Lifestyle,2184,65,394,12030,365,72007,3.67,20,Tuesday,21,1755,Positive,Mid-tier,False,True,False,False,10
POST_04653,2024-10-30 03:32:00,Facebook,Post,Gaming,4376,359,199,6491,617,486395,1.01,3,Wednesday,15,1216,Neutral,Macro,True,False,False,False,10
POST_00119,2024-10-30 06:03:00,TikTok,Duet,Education,13576,1401,3948,223403,898,42469,44.56,6,Wednesday,19,452,Negative,Micro,True,False,False,True,10
POST_00860,2024-10-31 14:04:00,Instagram,Photo,Gaming,8096,208,22,25510,30,78348,10.63,14,Thursday,19,1702,Negative,Mid-tier,False,True,False,False,10
POST_01277,2024-10-31 19:37:00,Instagram,Carousel,Technology,8643,84,131,45831,921,258174,3.43,19,Thursday,27,507,Positive,Macro,True,True,False,False,10
POST_04928,2024-11-01 00:57:00,Instagram,Photo,Technology,5212,187,186,29736,749,180793,3.09,0,Friday,3,720,Neutral,Macro,True,True,False,False,11
POST_02350,2024-11-01 06:23:00,Instagram,Reel,Education,6259,210,102,10770,894,138968,4.73,6,Friday,4,95,Neutral,Macro,True,False,False,False,11
POST_01743,2024-11-01 13:03:00,TikTok,Video,Health,10349,273,2899,241149,2859,180160,7.5,13,Friday,3,223,Negative,Macro,True,True,False,False,11
POST_03696,2024-11-01 18:47:00,Instagram,Reel,Fitness,349,287,241,33831,947,218664,0.4,18,Friday,9,159,Neutral,Macro,True,False,False,False,11
POST_04999,2024-11-01 22:29:00,TikTok,Duet,Business,18608,1454,3117,272391,423,259849,8.92,22,Friday,6,54,Positive,Macro,True,False,False,False,11
POST_04485,2024-11-02 15:18:00,Instagram,Photo,Health,5662,439,6,10723,211,349704,1.75,15,Saturday,23,1370,Positive,Macro,False,False,False,False,11
POST_00906,2024-11-02 18:21:00,TikTok,Video,Fashion,6698,377,778,451710,814,64565,12.16,18,Saturday,13,485,Positive,Mid-tier,True,True,False,False,11
POST_04337,2024-11-02 21:58:00,Facebook,Video,Lifestyle,4371,73,711,7443,557,74405,6.93,21,Saturday,28,487,Positive,Mid-tier,True,False,False,False,11
POST_04401,2024-11-03 01:33:00,Instagram,Carousel,Education,6031,214,77,18735,589,9072,69.69,1,Sunday,15,240,Positive,Nano,True,True,False,True,11
POST_01252,2024-11-03 01:51:00,Facebook,Live,Fashion,7660,254,919,52754,561,339506,2.6,1,Sunday,23,296,Positive,Macro,True,False,False,False,11
POST_03545,2024-11-03 07:33:00,TikTok,Stitch,Education,21410,791,1742,210219,2883,150774,15.88,7,Sunday,7,487,Neutral,Macro,False,False,False,True,11
POST_01068,2024-11-03 12:11:00,Instagram,Photo,Health,7949,354,175,29387,102,232464,3.65,12,Sunday,1,1973,Neutral,Macro,True,False,False,False,11
POST_03339,2024-11-03 13:42:00,Facebook,Video,Entertainment,5183,85,933,38819,435,60793,10.2,13,Sunday,25,501,Positive,Mid-tier,True,False,False,False,11
POST_00137,2024-11-03 14:20:00,Facebook,Post,Lifestyle,7113,364,226,41811,123,356234,2.16,14,Sunday,1,1438,Positive,Macro,False,False,False,False,11
POST_00209,2024-11-04 12:35:00,Instagram,Story,Food,5738,87,270,45537,932,158802,3.84,12,Monday,11,349,Neutral,Macro,False,False,False,False,11
POST_01789,2024-11-04 13:42:00,Instagram,Reel,Fitness,9190,147,57,12124,961,397666,2.36,13,Monday,17,562,Negative,Macro,True,False,False,False,11
POST_00291,2024-11-04 21:38:00,Instagram,Photo,Gaming,8964,15,177,33592,329,18935,48.35,21,Monday,5,1274,Neutral,Micro,False,False,False,True,11
POST_00477,2024-11-05 06:24:00,Instagram,Photo,Lifestyle,5014,421,263,6887,483,341293,1.67,6,Tuesday,18,840,Positive,Macro,True,False,False,False,11
POST_03469,2024-11-05 12:42:00,TikTok,Stitch,Gaming,10254,921,2247,170233,1957,165316,8.12,12,Tuesday,5,432,Positive,Macro,True,False,False,False,11
POST_04224,2024-11-05 16:34:00,TikTok,Duet,Fitness,47811,1339,3748,467081,2571,223876,23.63,16,Tuesday,10,595,Neutral,Macro,True,False,False,True,11
POST_03338,2024-11-05 16:51:00,TikTok,Video,Fitness,10473,473,1791,382987,2838,20341,62.62,16,Tuesday,20,107,Positive,Micro,True,False,False,True,11
POST_03159,2024-11-05 18:19:00,TikTok,Video,Business,2305,439,1491,57633,895,444958,0.95,18,Tuesday,4,345,Neutral,Macro,True,False,False,False,11
POST_01704,2024-11-05 21:33:00,Facebook,Post,Gaming,3561,130,703,7029,111,382170,1.15,21,Tuesday,0,1341,Neutral,Macro,False,False,False,False,11
POST_03622,2024-11-06 07:13:00,Instagram,Reel,Sports,2294,248,119,21477,917,27654,9.62,7,Wednesday,25,181,Positive,Micro,True,False,False,False,11
POST_04178,2024-11-06 09:36:00,TikTok,Video,Education,7989,642,2283,248808,1192,199692,5.47,9,Wednesday,3,149,Positive,Macro,False,False,False,False,11
POST_03570,2024-11-06 19:52:00,TikTok,Stitch,Health,29928,949,3729,53754,1677,420092,8.24,19,Wednesday,5,364,Positive,Macro,False,False,False,False,11
POST_03290,2024-11-06 22:10:00,Instagram,Story,Business,6008,415,272,32168,81,149962,4.46,22,Wednesday,27,665,Positive,Macro,True,True,False,False,11
POST_03207,2024-11-07 00:47:00,TikTok,Duet,Entertainment,25323,155,2828,67993,174,75031,37.73,0,Thursday,3,247,Positive,Mid-tier,True,True,False,True,11
POST_04040,2024-11-07 02:10:00,Facebook,Live,Technology,6230,44,825,53654,128,50920,13.94,2,Thursday,1,267,Negative,Mid-tier,True,True,False,False,11
POST_00520,2024-11-07 15:07:00,Instagram,Reel,Food,913,40,38,3555,23,248223,0.4,15,Thursday,16,51,Negative,Macro,True,False,False,False,11
POST_00378,2024-11-07 22:25:00,Instagram,Photo,Entertainment,1264,393,216,44906,95,57163,3.28,22,Thursday,4,279,Negative,Mid-tier,False,False,False,False,11
POST_03690,2024-11-07 23:27:00,Instagram,Carousel,Fashion,6151,300,138,34046,413,338647,1.95,23,Thursday,24,327,Negative,Macro,True,False,False,False,11
POST_01453,2024-11-07 23:39:00,TikTok,Stitch,Education,49712,1837,2541,270620,2755,229596,23.56,23,Thursday,0,439,Positive,Macro,True,False,False,True,11
POST_01280,2024-11-08 03:11:00,Facebook,Story,Technology,3344,314,728,30273,745,84322,5.2,3,Friday,2,782,Neutral,Mid-tier,True,True,False,False,11
POST_02487,2024-11-08 05:22:00,Facebook,Story,Food,806,175,736,55276,31,267054,0.64,5,Friday,29,710,Positive,Macro,True,False,False,False,11
POST_02011,2024-11-08 06:47:00,Instagram,Story,Technology,2936,164,77,20647,648,184675,1.72,6,Friday,18,1993,Neutral,Macro,True,True,False,False,11
POST_00182,2024-11-08 07:14:00,Instagram,Story,Gaming,7304,146,135,40396,800,203818,3.72,7,Friday,6,155,Positive,Macro,True,False,False,False,11
POST_03735,2024-11-08 09:13:00,Instagram,Photo,Fitness,490,119,125,35571,660,94558,0.78,9,Friday,28,454,Negative,Mid-tier,True,False,False,False,11
POST_03420,2024-11-08 10:36:00,Instagram,Photo,Health,8235,417,260,39290,365,375513,2.37,10,Friday,19,581,Positive,Macro,False,False,False,False,11
POST_02038,2024-11-08 15:35:00,Instagram,Photo,Gaming,9619,478,237,14296,22,350853,2.95,15,Friday,10,152,Positive,Macro,True,False,False,False,11
POST_01700,2024-11-08 22:45:00,Facebook,Post,Travel,6503,123,217,53846,514,125685,5.44,22,Friday,26,1069,Negative,Macro,True,False,False,False,11
POST_00328,2024-11-09 08:14:00,Facebook,Live,Fitness,1921,321,53,37778,162,449084,0.51,8,Saturday,14,194,Neutral,Macro,True,True,False,False,11
POST_03983,2024-11-09 13:56:00,Instagram,Carousel,Fashion,5673,499,160,45395,242,402743,1.57,13,Saturday,0,637,Neutral,Macro,False,False,False,False,11
POST_00787,2024-11-09 14:38:00,Facebook,Video,Lifestyle,7669,174,567,13618,127,386008,2.18,14,Saturday,22,405,Positive,Macro,False,False,False,False,11
POST_04728,2024-11-09 22:14:00,TikTok,Duet,Food,49414,1645,2766,169134,628,478855,11.24,22,Saturday,2,368,Positive,Macro,True,False,False,False,11
POST_01463,2024-11-10 03:13:00,Instagram,Photo,Education,585,417,69,12469,605,168314,0.64,3,Sunday,20,1551,Negative,Macro,True,False,False,False,11
POST_04881,2024-11-10 13:43:00,Instagram,Reel,Fitness,2098,113,126,26163,215,79312,2.95,13,Sunday,0,47,Neutral,Mid-tier,True,True,False,False,11
POST_01735,2024-11-10 13:50:00,Instagram,Photo,Travel,9974,73,221,37742,735,401380,2.56,13,Sunday,0,688,Positive,Macro,True,False,False,False,11
POST_00375,2024-11-10 19:47:00,Instagram,Reel,Food,8612,79,79,10482,786,369673,2.37,19,Sunday,20,61,Positive,Macro,True,True,False,False,11
POST_02301,2024-11-11 11:26:00,TikTok,Video,Health,10214,647,3028,159672,2283,465517,2.98,11,Monday,28,74,Positive,Macro,True,False,False,False,11
POST_01178,2024-11-11 14:23:00,Instagram,Reel,Technology,1343,432,62,19095,534,218701,0.84,14,Monday,19,134,Positive,Macro,True,False,False,False,11
POST_00696,2024-11-12 05:13:00,Facebook,Post,Gaming,2597,388,917,53075,52,357349,1.09,5,Tuesday,6,969,Negative,Macro,True,True,False,False,11
POST_04746,2024-11-12 06:35:00,Instagram,Carousel,Food,7837,57,7,45786,91,490787,1.61,6,Tuesday,11,1542,Positive,Macro,True,True,False,False,11
POST_00599,2024-11-12 10:22:00,Instagram,Carousel,Education,8834,360,14,44346,25,331012,2.78,10,Tuesday,27,852,Positive,Macro,True,False,False,False,11
POST_04629,2024-11-13 05:56:00,Facebook,Video,Fashion,7110,50,193,43342,703,241171,3.05,5,Wednesday,23,125,Neutral,Macro,True,False,False,False,11
POST_00220,2024-11-13 07:51:00,TikTok,Duet,Sports,1149,43,2331,71697,865,361654,0.97,7,Wednesday,2,99,Positive,Macro,True,True,False,False,11
POST_00660,2024-11-13 14:28:00,Facebook,Live,Gaming,220,144,873,8040,174,332160,0.37,14,Wednesday,3,450,Neutral,Macro,True,False,False,False,11
POST_00771,2024-11-13 16:25:00,Instagram,Story,Fitness,9815,121,276,11890,414,317167,3.22,16,Wednesday,9,1830,Positive,Macro,False,False,False,False,11
POST_04058,2024-11-13 18:12:00,Instagram,Story,Technology,7492,355,296,20112,581,318817,2.55,18,Wednesday,11,1985,Negative,Macro,True,True,False,False,11
POST_02709,2024-11-15 00:36:00,Instagram,Photo,Lifestyle,2711,423,295,23259,325,29422,11.65,0,Friday,19,464,Positive,Micro,True,False,False,False,11
POST_00587,2024-11-15 11:06:00,Instagram,Carousel,Food,4686,118,80,24586,115,275111,1.78,11,Friday,24,849,Neutral,Macro,True,True,False,False,11
POST_03310,2024-11-15 18:05:00,Facebook,Post,Education,7682,246,943,64168,26,17482,50.74,18,Friday,16,548,Negative,Micro,True,False,False,True,11
POST_03911,2024-11-15 18:27:00,Instagram,Reel,Technology,2180,46,157,37008,462,44298,5.38,18,Friday,4,493,Negative,Micro,False,False,False,False,11
POST_00286,2024-11-15 18:43:00,Instagram,Photo,Food,2576,115,125,33168,440,316131,0.89,18,Friday,0,128,Positive,Macro,True,False,False,False,11
POST_03292,2024-11-15 22:24:00,TikTok,Video,Sports,11143,1388,1978,441303,115,303900,4.77,22,Friday,20,407,Neutral,Macro,True,False,False,False,11
POST_04460,2024-11-16 02:40:00,Facebook,Video,Sports,6230,72,952,30027,731,359085,2.02,2,Saturday,8,276,Neutral,Macro,True,False,False,False,11
POST_01279,2024-11-16 03:15:00,Instagram,Photo,Sports,3147,445,254,42680,651,378718,1.02,3,Saturday,11,1886,Negative,Macro,True,False,False,False,11
POST_00875,2024-11-16 06:48:00,Instagram,Reel,Health,3131,498,235,16157,253,88978,4.34,6,Saturday,9,393,Neutral,Mid-tier,True,False,False,False,11
POST_02876,2024-11-16 17:00:00,Facebook,Live,Lifestyle,7812,243,257,46791,227,142962,5.81,17,Saturday,10,199,Neutral,Macro,True,False,False,False,11
POST_01272,2024-11-16 19:24:00,TikTok,Duet,Fitness,2602,1231,301,67325,1074,40152,10.3,19,Saturday,3,546,Neutral,Micro,True,False,False,False,11
POST_01749,2024-11-16 20:03:00,TikTok,Video,Health,8874,680,4653,400037,1235,30480,46.61,20,Saturday,5,288,Positive,Micro,True,False,False,True,11
POST_04393,2024-11-17 03:02:00,Facebook,Live,Gaming,2126,66,628,59864,111,231785,1.22,3,Sunday,18,31,Neutral,Macro,False,False,False,False,11
POST_03672,2024-11-17 11:00:00,Instagram,Reel,Technology,7962,344,287,40470,542,469598,1.83,11,Sunday,22,139,Positive,Macro,True,False,False,False,11
POST_00923,2024-11-17 13:09:00,TikTok,Duet,Gaming,33818,68,2838,41368,2815,264615,13.88,13,Sunday,2,307,Positive,Macro,True,False,False,False,11
POST_00192,2024-11-17 13:38:00,TikTok,Video,Food,697,654,4563,282169,2952,490404,1.21,13,Sunday,3,524,Neutral,Macro,True,False,False,False,11
POST_01903,2024-11-17 22:47:00,TikTok,Video,Entertainment,21207,966,2134,387476,1165,330289,7.36,22,Sunday,15,106,Neutral,Macro,True,False,False,False,11
POST_01152,2024-11-18 00:13:00,TikTok,Stitch,Gaming,42518,786,1270,271902,317,343035,12.99,0,Monday,11,361,Positive,Macro,True,False,False,False,11
POST_02687,2024-11-18 22:02:00,Instagram,Photo,Education,9055,314,238,30229,349,186467,5.15,22,Monday,14,108,Positive,Macro,True,False,False,False,11
POST_01858,2024-11-19 03:31:00,Facebook,Story,Education,2278,360,53,28210,687,228527,1.18,3,Tuesday,8,1152,Neutral,Macro,True,True,False,False,11
POST_00330,2024-11-19 03:47:00,Instagram,Carousel,Health,5505,71,139,18661,976,447467,1.28,3,Tuesday,16,224,Neutral,Macro,True,False,False,False,11
POST_00133,2024-11-19 08:13:00,Instagram,Carousel,Health,1670,50,48,24264,488,319928,0.55,8,Tuesday,19,315,Positive,Macro,True,False,False,False,11
POST_02031,2024-11-19 13:10:00,Instagram,Carousel,Gaming,2928,89,25,17832,872,242614,1.25,13,Tuesday,5,1845,Neutral,Macro,True,False,False,False,11
POST_02246,2024-11-19 15:19:00,Facebook,Live,Health,4987,314,177,23520,522,236677,2.31,15,Tuesday,3,490,Neutral,Macro,True,True,False,False,11
POST_04809,2024-11-20 10:38:00,Instagram,Photo,Gaming,6614,247,30,38614,510,353910,1.95,10,Wednesday,5,1975,Neutral,Macro,True,True,False,False,11
POST_03111,2024-11-20 11:09:00,Facebook,Video,Fitness,6139,54,597,47235,730,118923,5.71,11,Wednesday,6,226,Positive,Macro,True,False,False,False,11
POST_00235,2024-11-20 14:39:00,Instagram,Carousel,Lifestyle,2457,115,117,24108,260,118768,2.26,14,Wednesday,19,219,Neutral,Macro,True,False,False,False,11
POST_02270,2024-11-20 20:18:00,Facebook,Story,Food,7032,396,701,42385,86,239635,3.39,20,Wednesday,12,119,Neutral,Macro,True,False,False,False,11
POST_03406,2024-11-20 20:26:00,TikTok,Stitch,Technology,21470,1611,3868,416781,1704,272058,9.91,20,Wednesday,23,454,Neutral,Macro,True,False,False,False,11
POST_04894,2024-11-21 16:10:00,Instagram,Photo,Travel,8149,350,45,49400,294,364978,2.34,16,Thursday,16,1329,Neutral,Macro,False,False,False,False,11
POST_04157,2024-11-21 20:50:00,Facebook,Story,Gaming,7041,71,491,29433,774,372911,2.04,20,Thursday,0,88,Positive,Macro,True,False,False,False,11
POST_02547,2024-11-22 13:26:00,Instagram,Story,Technology,1623,360,58,36661,986,323939,0.63,13,Friday,27,1869,Positive,Macro,True,False,False,False,11
POST_03116,2024-11-23 04:00:00,TikTok,Video,Entertainment,35706,1095,3657,340817,2678,143760,28.14,4,Saturday,13,439,Neutral,Macro,True,False,False,True,11
POST_04676,2024-11-23 04:24:00,TikTok,Stitch,Travel,11969,90,3706,490232,2763,329733,4.78,4,Saturday,13,98,Neutral,Macro,True,False,False,False,11
POST_01575,2024-11-23 05:40:00,Instagram,Carousel,Business,7213,427,161,19776,216,479207,1.63,5,Saturday,19,1412,Positive,Macro,False,False,False,False,11
POST_04980,2024-11-23 06:12:00,Instagram,Carousel,Fashion,2711,195,30,22829,774,265334,1.11,6,Saturday,6,1072,Neutral,Macro,True,False,False,False,11
POST_03425,2024-11-23 14:30:00,TikTok,Stitch,Education,26428,921,2473,163691,1766,11947,200.0,14,Saturday,18,178,Neutral,Micro,True,False,False,True,11
POST_00245,2024-11-23 17:05:00,Instagram,Photo,Business,5537,447,249,30762,925,187389,3.33,17,Saturday,9,1854,Positive,Macro,True,False,False,False,11
POST_02325,2024-11-24 00:09:00,TikTok,Duet,Entertainment,38280,566,4471,486239,919,294298,14.72,0,Sunday,13,583,Positive,Macro,True,False,False,True,11
POST_00785,2024-11-24 03:05:00,Instagram,Photo,Fashion,6814,48,133,29664,508,227386,3.08,3,Sunday,9,1785,Positive,Macro,False,False,False,False,11
POST_01057,2024-11-24 07:19:00,TikTok,Stitch,Health,47482,767,1792,427058,1124,285629,17.52,7,Sunday,24,296,Neutral,Macro,True,False,False,True,11
POST_02485,2024-11-24 11:38:00,Facebook,Live,Education,3040,355,735,11804,690,344241,1.2,11,Sunday,14,148,Negative,Macro,True,False,False,False,11
POST_03767,2024-11-24 12:37:00,Facebook,Post,Business,2934,126,360,45177,244,204871,1.67,12,Sunday,19,1703,Neutral,Macro,True,True,False,False,11
POST_04273,2024-11-25 00:40:00,Instagram,Reel,Education,6813,50,78,34460,823,56612,12.26,0,Monday,0,159,Positive,Mid-tier,True,False,False,False,11
POST_04553,2024-11-25 06:18:00,Instagram,Reel,Entertainment,7641,52,57,22373,449,8595,90.17,6,Monday,23,100,Neutral,Nano,False,True,False,True,11
POST_01442,2024-11-25 07:26:00,Instagram,Photo,Sports,325,214,140,6217,565,389995,0.17,7,Monday,19,400,Positive,Macro,True,False,False,False,11
POST_03818,2024-11-25 10:13:00,TikTok,Duet,Technology,46393,1496,3832,490798,1984,226911,22.79,10,Monday,25,238,Neutral,Macro,True,True,False,True,11
POST_01759,2024-11-25 16:12:00,Instagram,Reel,Health,2543,371,137,4076,942,404883,0.75,16,Monday,1,524,Positive,Macro,True,True,False,False,11
POST_01895,2024-11-25 16:56:00,Facebook,Story,Gaming,4068,20,188,19636,138,160784,2.66,16,Monday,8,1303,Neutral,Macro,True,False,False,False,11
POST_00668,2024-11-25 19:30:00,Instagram,Photo,Entertainment,6397,46,14,35981,283,181557,3.56,19,Monday,21,478,Neutral,Macro,True,True,False,False,11
POST_03517,2024-11-26 01:47:00,Instagram,Reel,Education,4938,37,63,19588,180,84871,5.94,1,Tuesday,24,397,Negative,Mid-tier,True,False,False,False,11
POST_03320,2024-11-26 18:06:00,TikTok,Video,Food,11783,924,2347,198320,1378,372878,4.04,18,Tuesday,11,189,Negative,Macro,True,True,False,False,11
POST_01910,2024-11-26 22:07:00,Instagram,Reel,Lifestyle,6677,50,71,13435,801,344167,1.98,22,Tuesday,22,71,Negative,Macro,False,False,False,False,11
POST_00549,2024-11-27 00:11:00,Facebook,Post,Entertainment,3225,366,973,8250,187,112786,4.05,0,Wednesday,9,1547,Neutral,Macro,True,False,False,False,11
POST_02591,2024-11-27 14:01:00,TikTok,Video,Health,47131,759,728,109720,1671,409917,11.86,14,Wednesday,15,484,Positive,Macro,True,False,False,False,11
POST_01320,2024-11-27 22:18:00,Instagram,Story,Entertainment,3367,77,151,32756,78,49764,7.22,22,Wednesday,2,87,Positive,Micro,True,False,False,False,11
POST_02595,2024-11-27 22:41:00,Instagram,Reel,Health,1324,130,107,37543,631,193324,0.81,22,Wednesday,1,588,Neutral,Macro,True,True,False,False,11
POST_00038,2024-11-28 01:14:00,Instagram,Carousel,Gaming,9966,48,226,38305,151,333056,3.07,1,Thursday,13,1503,Negative,Macro,True,False,False,False,11
POST_04607,2024-11-28 02:45:00,TikTok,Duet,Fitness,23725,59,3194,87307,2482,307496,8.77,2,Thursday,7,209,Neutral,Macro,True,False,False,False,11
POST_01712,2024-11-28 08:16:00,Instagram,Story,Education,6540,29,209,25492,524,319727,2.12,8,Thursday,10,1696,Neutral,Macro,False,False,False,False,11
POST_00566,2024-11-28 12:38:00,Facebook,Post,Fashion,6881,279,534,11334,790,102711,7.49,12,Thursday,5,1173,Positive,Macro,True,False,False,False,11
POST_02744,2024-11-28 14:31:00,Instagram,Story,Technology,138,422,256,23021,223,47078,1.73,14,Thursday,29,296,Neutral,Micro,True,False,False,False,11
POST_02449,2024-11-28 15:11:00,Instagram,Photo,Fitness,8068,373,63,45649,478,188807,4.5,15,Thursday,15,556,Positive,Macro,True,False,False,False,11
POST_00607,2024-11-28 18:38:00,Instagram,Photo,Fashion,1401,329,263,40458,765,396637,0.5,18,Thursday,11,445,Negative,Macro,True,False,False,False,11
POST_00929,2024-11-28 21:30:00,Facebook,Video,Health,1062,311,449,14421,684,364603,0.5,21,Thursday,20,520,Positive,Macro,True,False,False,False,11
POST_03314,2024-11-29 01:29:00,Instagram,Story,Health,2496,449,268,49303,664,431701,0.74,1,Friday,23,1303,Neutral,Macro,True,False,False,False,11
POST_03778,2024-11-29 05:01:00,Facebook,Live,Fitness,6796,372,181,69682,640,379152,1.94,5,Friday,29,491,Positive,Macro,False,True,False,False,11
POST_01269,2024-11-29 06:29:00,Facebook,Live,Gaming,705,384,613,56238,69,109542,1.55,6,Friday,28,335,Neutral,Macro,False,False,False,False,11
POST_01644,2024-11-29 08:33:00,Facebook,Story,Fitness,5348,393,653,27245,505,163033,3.92,8,Friday,24,1836,Negative,Macro,True,False,False,False,11
POST_04082,2024-11-29 13:28:00,Instagram,Reel,Travel,8064,226,105,21941,412,213380,3.93,13,Friday,25,482,Positive,Macro,True,False,False,False,11
POST_02291,2024-11-29 15:29:00,Facebook,Post,Entertainment,6911,33,706,36502,275,373935,2.05,15,Friday,21,605,Neutral,Macro,True,True,False,False,11
POST_04275,2024-11-29 21:28:00,Facebook,Story,Fitness,3701,255,754,7362,168,371194,1.27,21,Friday,10,901,Neutral,Macro,True,False,False,False,11
POST_01165,2024-11-30 00:40:00,Instagram,Photo,Entertainment,1657,223,124,48489,596,248915,0.81,0,Saturday,25,259,Positive,Macro,True,False,False,False,11
POST_03277,2024-11-30 04:19:00,TikTok,Video,Health,3155,667,1678,132615,1791,352872,1.56,4,Saturday,24,292,Positive,Macro,True,True,False,False,11
POST_01477,2024-11-30 10:28:00,TikTok,Stitch,Entertainment,47780,1167,2266,332535,2607,373456,13.71,10,Saturday,17,361,Positive,Macro,False,True,False,False,11
POST_04050,2024-11-30 13:25:00,Instagram,Story,Entertainment,7966,301,59,18970,514,15732,52.92,13,Saturday,6,604,Negative,Micro,True,False,False,True,11
POST_00984,2024-12-01 02:25:00,Instagram,Photo,Lifestyle,2601,19,210,30973,541,324430,0.87,2,Sunday,4,1173,Neutral,Macro,True,False,False,False,12
POST_02699,2024-12-01 04:49:00,TikTok,Stitch,Fashion,9715,1643,1773,456027,1243,414499,3.17,4,Sunday,26,416,Neutral,Macro,False,True,False,False,12
POST_03428,2024-12-01 09:12:00,Facebook,Video,Fitness,1737,145,321,79891,239,33301,6.62,9,Sunday,28,564,Positive,Micro,True,False,False,False,12
POST_03505,2024-12-02 00:18:00,TikTok,Stitch,Fashion,8285,1227,40,48406,1788,299740,3.19,0,Monday,9,95,Negative,Macro,True,False,False,False,12
POST_04156,2024-12-02 04:17:00,Instagram,Reel,Technology,2541,219,106,40272,306,357428,0.8,4,Monday,21,413,Positive,Macro,False,False,False,False,12
POST_04971,2024-12-02 06:29:00,Facebook,Post,Education,4219,34,667,58283,577,151121,3.26,6,Monday,21,1671,Positive,Macro,True,False,False,False,12
POST_00448,2024-12-02 21:54:00,TikTok,Stitch,Technology,28442,489,2201,262716,965,286300,10.87,21,Monday,14,320,Neutral,Macro,True,False,False,False,12
POST_04004,2024-12-03 08:19:00,Instagram,Photo,Fitness,8263,343,243,22744,915,488655,1.81,8,Tuesday,22,245,Negative,Macro,True,True,False,False,12
POST_01203,2024-12-03 14:21:00,Instagram,Carousel,Gaming,114,325,104,44808,679,49195,1.1,14,Tuesday,19,195,Neutral,Micro,True,False,False,False,12
POST_01852,2024-12-04 08:03:00,TikTok,Stitch,Fashion,6690,722,452,223735,1201,255950,3.07,8,Wednesday,5,437,Negative,Macro,True,False,False,False,12
POST_00200,2024-12-04 19:20:00,TikTok,Video,Fashion,28782,1832,3859,462739,2989,24779,139.12,19,Wednesday,10,306,Positive,Micro,True,False,False,True,12
POST_01985,2024-12-05 01:05:00,Instagram,Reel,Education,1211,341,63,20766,718,99532,1.62,1,Thursday,15,19,Positive,Mid-tier,True,False,False,False,12
POST_04512,2024-12-05 01:10:00,Facebook,Post,Health,5058,397,224,26975,83,420749,1.35,1,Thursday,15,1171,Positive,Macro,True,False,False,False,12
POST_01507,2024-12-05 03:02:00,Facebook,Video,Food,2367,170,348,77744,420,445376,0.65,3,Thursday,9,163,Neutral,Macro,False,False,False,False,12
POST_04161,2024-12-05 10:15:00,Facebook,Story,Education,7104,29,859,60458,136,94491,8.46,10,Thursday,18,1901,Negative,Mid-tier,True,False,False,False,12
POST_01736,2024-12-05 11:16:00,TikTok,Stitch,Education,7173,1480,4348,186618,971,292565,4.44,11,Thursday,25,83,Positive,Macro,True,False,False,False,12
POST_01960,2024-12-05 11:18:00,TikTok,Video,Sports,15700,1748,2477,197811,503,286054,6.97,11,Thursday,11,286,Neutral,Macro,True,False,False,False,12
POST_02828,2024-12-05 13:22:00,Instagram,Reel,Food,6032,438,250,15479,690,93509,7.19,13,Thursday,25,491,Neutral,Mid-tier,True,True,False,False,12
POST_01144,2024-12-05 18:54:00,Facebook,Live,Fitness,5223,375,835,74311,793,362709,1.77,18,Thursday,25,569,Neutral,Macro,True,False,False,False,12
POST_02733,2024-12-06 06:45:00,Instagram,Reel,Entertainment,2088,55,260,35493,931,18802,12.78,6,Friday,22,266,Negative,Micro,True,True,False,False,12
POST_00176,2024-12-06 13:51:00,Instagram,Photo,Entertainment,8889,144,42,46553,291,256225,3.54,13,Friday,0,1434,Positive,Macro,True,False,False,False,12
POST_04193,2024-12-07 04:45:00,Facebook,Video,Travel,711,259,283,18832,415,455946,0.27,4,Saturday,28,427,Neutral,Macro,False,False,False,False,12
POST_04332,2024-12-07 04:52:00,Instagram,Story,Fashion,5702,94,234,12490,890,441719,1.37,4,Saturday,8,941,Neutral,Macro,True,False,False,False,12
POST_04003,2024-12-07 06:43:00,TikTok,Video,Fashion,13376,903,4274,377716,2836,451624,4.11,6,Saturday,10,109,Positive,Macro,False,False,False,False,12
POST_04432,2024-12-07 08:09:00,Facebook,Story,Technology,6836,157,363,47114,767,143707,5.12,8,Saturday,17,568,Neutral,Macro,True,False,False,False,12
POST_00680,2024-12-08 02:21:00,TikTok,Duet,Fashion,24254,1022,1768,163757,1926,128448,21.05,2,Sunday,14,584,Negative,Macro,True,False,False,True,12
POST_03064,2024-12-08 07:34:00,Facebook,Post,Health,5374,246,322,48376,548,295782,2.01,7,Sunday,15,1983,Positive,Macro,True,True,False,False,12
POST_04667,2024-12-08 19:11:00,Instagram,Story,Business,6447,263,183,26951,983,116815,5.9,19,Sunday,1,963,Positive,Macro,True,True,False,False,12
POST_04142,2024-12-09 00:38:00,Instagram,Reel,Lifestyle,1868,136,73,25891,913,167507,1.24,0,Monday,6,427,Positive,Macro,True,True,False,False,12
POST_04857,2024-12-09 03:59:00,Instagram,Story,Education,2125,125,94,46408,633,338628,0.69,3,Monday,26,326,Neutral,Macro,True,False,False,False,12
POST_03091,2024-12-09 13:37:00,Facebook,Post,Fashion,5148,132,72,41594,736,31527,16.98,13,Monday,17,559,Negative,Micro,True,True,False,True,12
POST_01578,2024-12-09 14:00:00,Facebook,Live,Business,3968,241,338,11662,415,300159,1.51,14,Monday,8,58,Neutral,Macro,False,False,False,False,12
POST_01733,2024-12-09 20:05:00,Facebook,Live,Travel,7476,35,280,24441,623,146666,5.31,20,Monday,14,296,Negative,Macro,True,False,False,False,12
POST_00016,2024-12-10 03:05:00,Instagram,Story,Gaming,2324,427,73,10982,539,201362,1.4,3,Tuesday,10,846,Positive,Macro,True,False,False,False,12
POST_03334,2024-12-10 08:04:00,Instagram,Story,Education,8896,215,286,38834,527,28000,33.56,8,Tuesday,27,1977,Positive,Micro,True,False,False,True,12
POST_00980,2024-12-11 09:36:00,Facebook,Post,Education,3860,246,114,64667,590,386431,1.09,9,Wednesday,7,194,Positive,Macro,True,False,False,False,12
POST_00271,2024-12-11 12:17:00,TikTok,Stitch,Lifestyle,49243,1657,737,464394,2598,467759,11.04,12,Wednesday,25,431,Neutral,Macro,False,True,False,False,12
POST_02266,2024-12-11 13:40:00,Facebook,Post,Food,4534,385,445,55949,454,167599,3.2,13,Wednesday,19,1626,Negative,Macro,True,False,False,False,12
POST_04258,2024-12-11 19:27:00,Facebook,Story,Entertainment,2508,280,991,41547,365,74228,5.09,19,Wednesday,15,1040,Positive,Mid-tier,True,False,False,False,12
POST_04992,2024-12-11 20:01:00,Facebook,Post,Gaming,1835,144,177,72320,685,217569,0.99,20,Wednesday,28,626,Negative,Macro,True,False,False,False,12
POST_02958,2024-12-11 23:43:00,TikTok,Duet,Gaming,701,997,1862,441850,2304,342173,1.04,23,Wednesday,12,407,Neutral,Macro,True,True,False,False,12
POST_00502,2024-12-12 03:29:00,Facebook,Live,Gaming,5265,271,920,42071,60,436417,1.48,3,Thursday,1,494,Positive,Macro,True,True,False,False,12
POST_03663,2024-12-12 10:25:00,Instagram,Photo,Travel,8512,313,121,23574,728,343653,2.6,10,Thursday,9,497,Positive,Macro,True,True,False,False,12
POST_01840,2024-12-12 16:33:00,Instagram,Story,Entertainment,1742,168,72,47590,231,344594,0.58,16,Thursday,4,1100,Positive,Macro,False,False,False,False,12
POST_04361,2024-12-12 18:27:00,Instagram,Carousel,Sports,3209,256,212,6474,40,181029,2.03,18,Thursday,17,1539,Positive,Macro,True,False,False,False,12
POST_04644,2024-12-12 22:05:00,Instagram,Carousel,Technology,5750,201,273,17577,968,247240,2.52,22,Thursday,18,357,Positive,Macro,False,False,False,False,12
POST_02940,2024-12-13 01:21:00,Instagram,Photo,Lifestyle,7710,184,280,38536,527,234466,3.49,1,Friday,20,1145,Positive,Macro,True,False,False,False,12
POST_00896,2024-12-13 17:23:00,Instagram,Story,Travel,5818,32,212,38350,726,116635,5.2,17,Friday,11,1656,Positive,Macro,True,False,False,False,12
POST_03899,2024-12-13 20:43:00,Facebook,Video,Education,1885,155,897,49244,536,389974,0.75,20,Friday,11,256,Negative,Macro,True,False,False,False,12
POST_00296,2024-12-15 00:54:00,Facebook,Story,Travel,3450,40,361,66063,325,457592,0.84,0,Sunday,8,915,Neutral,Macro,True,True,False,False,12
POST_01873,2024-12-15 11:53:00,Facebook,Video,Fashion,5210,309,682,68599,596,354405,1.75,11,Sunday,26,539,Positive,Macro,False,True,False,False,12
POST_02529,2024-12-15 12:42:00,Instagram,Reel,Fashion,7387,138,42,27354,418,188183,4.02,12,Sunday,0,150,Negative,Macro,True,False,False,False,12
POST_04249,2024-12-16 00:37:00,Facebook,Story,Fashion,4564,274,304,54520,165,492887,1.04,0,Monday,6,330,Positive,Macro,False,True,False,False,12
POST_03206,2024-12-16 05:45:00,TikTok,Duet,Lifestyle,2804,413,1768,272869,2715,169425,2.94,5,Monday,5,220,Positive,Macro,True,True,False,False,12
POST_02332,2024-12-16 13:19:00,Instagram,Photo,Fitness,8257,281,299,37929,297,461436,1.92,13,Monday,12,133,Neutral,Macro,True,False,False,False,12
POST_04524,2024-12-16 13:38:00,Facebook,Live,Fashion,3730,112,893,17537,278,256465,1.85,13,Monday,0,494,Positive,Macro,True,False,False,False,12
POST_02760,2024-12-16 17:44:00,Instagram,Carousel,Health,9359,111,279,45683,979,356015,2.74,17,Monday,29,1549,Positive,Macro,True,False,False,False,12
POST_00154,2024-12-17 06:43:00,Facebook,Live,Business,2395,276,387,44172,110,255829,1.2,6,Tuesday,27,191,Neutral,Macro,True,False,False,False,12
POST_02269,2024-12-17 07:20:00,Instagram,Story,Fitness,981,286,207,48891,320,486061,0.3,7,Tuesday,27,676,Neutral,Macro,False,True,False,False,12
POST_03020,2024-12-17 07:56:00,TikTok,Stitch,Travel,20363,898,2434,44459,2999,417137,5.68,7,Tuesday,29,590,Positive,Macro,True,True,False,False,12
POST_02232,2024-12-17 11:11:00,Instagram,Photo,Travel,8739,106,170,26064,591,22246,40.52,11,Tuesday,0,1060,Neutral,Micro,True,False,False,True,12
POST_04303,2024-12-17 12:58:00,TikTok,Video,Gaming,919,1769,3042,399296,1327,126140,4.54,12,Tuesday,3,506,Neutral,Macro,True,False,False,False,12
POST_01247,2024-12-17 14:50:00,Instagram,Photo,Education,3339,55,75,49087,434,209059,1.66,14,Tuesday,13,1649,Neutral,Macro,True,False,False,False,12
POST_03284,2024-12-17 17:34:00,TikTok,Video,Food,18304,750,2822,492123,2513,480604,4.55,17,Tuesday,25,224,Negative,Macro,False,False,False,False,12
POST_01254,2024-12-17 20:06:00,Instagram,Reel,Gaming,6205,343,205,13335,135,493979,1.37,20,Tuesday,23,188,Positive,Macro,False,False,False,False,12
POST_00671,2024-12-17 22:05:00,Instagram,Carousel,Fashion,4424,63,114,46391,764,332286,1.38,22,Tuesday,10,175,Neutral,Macro,True,False,False,False,12
POST_02495,2024-12-17 22:51:00,Facebook,Video,Health,3643,325,567,31067,236,140174,3.24,22,Tuesday,25,540,Positive,Macro,True,False,False,False,12
POST_02782,2024-12-18 02:37:00,TikTok,Stitch,Travel,29695,997,2442,489949,809,75627,43.81,2,Wednesday,2,198,Negative,Mid-tier,True,False,False,True,12
POST_02012,2024-12-18 06:26:00,Instagram,Photo,Travel,1105,269,14,24491,901,218712,0.63,6,Wednesday,8,1457,Neutral,Macro,True,True,False,False,12
POST_01763,2024-12-18 09:08:00,Instagram,Photo,Fitness,6755,139,119,34085,69,35531,19.74,9,Wednesday,17,1540,Negative,Micro,True,False,False,True,12
POST_00474,2024-12-19 18:19:00,TikTok,Stitch,Sports,27389,1790,4767,473038,95,495082,6.86,18,Thursday,22,545,Negative,Macro,True,False,False,False,12
POST_01161,2024-12-20 01:06:00,TikTok,Video,Fashion,8229,1852,463,425257,623,235881,4.47,1,Friday,7,466,Neutral,Macro,True,True,False,False,12
POST_04996,2024-12-20 12:05:00,TikTok,Duet,Entertainment,11965,514,4155,364932,1532,289113,5.75,12,Friday,9,239,Positive,Macro,True,True,False,False,12
POST_02222,2024-12-21 12:55:00,Facebook,Story,Technology,1863,299,458,40824,340,56873,4.61,12,Saturday,27,1277,Positive,Mid-tier,True,False,False,False,12
POST_02299,2024-12-21 15:34:00,Instagram,Photo,Gaming,1534,307,180,6625,534,89616,2.26,15,Saturday,2,153,Positive,Mid-tier,True,True,False,False,12
POST_01311,2024-12-22 02:28:00,Instagram,Photo,Food,3705,183,171,29330,518,124015,3.27,2,Sunday,10,1129,Neutral,Macro,True,True,False,False,12
POST_01035,2024-12-22 03:11:00,Instagram,Carousel,Technology,2429,156,283,12295,658,202674,1.42,3,Sunday,23,1700,Positive,Macro,True,False,False,False,12
POST_03203,2024-12-22 09:44:00,Instagram,Reel,Business,9484,174,284,44659,209,108625,9.15,9,Sunday,7,149,Positive,Macro,True,False,False,False,12
POST_04205,2024-12-22 16:45:00,Instagram,Carousel,Food,1547,161,90,26055,471,224769,0.8,16,Sunday,5,958,Positive,Macro,True,False,False,False,12
POST_02748,2024-12-22 19:36:00,Instagram,Story,Education,8060,182,152,34096,568,119971,7.0,19,Sunday,12,1484,Neutral,Macro,True,False,False,False,12
POST_00727,2024-12-23 00:26:00,Instagram,Story,Health,9719,285,60,11648,880,229734,4.38,0,Monday,1,1332,Neutral,Macro,True,False,False,False,12
POST_03738,2024-12-23 02:55:00,TikTok,Stitch,Technology,35068,465,55,276153,1983,433235,8.21,2,Monday,19,562,Negative,Macro,True,True,False,False,12
POST_00645,2024-12-23 11:46:00,Instagram,Story,Lifestyle,3653,465,110,18100,253,104789,4.03,11,Monday,9,213,Positive,Macro,False,False,False,False,12
POST_04699,2024-12-23 11:54:00,Instagram,Photo,Fitness,7890,470,276,12381,543,217465,3.97,11,Monday,12,1824,Positive,Macro,True,True,False,False,12
POST_04830,2024-12-23 13:30:00,Facebook,Video,Gaming,2914,60,47,6423,204,339270,0.89,13,Monday,4,333,Positive,Macro,True,False,False,False,12
POST_00686,2024-12-24 09:41:00,Facebook,Live,Education,368,313,515,64653,379,192654,0.62,9,Tuesday,6,563,Neutral,Macro,True,False,False,False,12
POST_02719,2024-12-24 17:20:00,TikTok,Stitch,Travel,18884,1972,4298,451918,1719,283907,8.86,17,Tuesday,22,209,Positive,Macro,True,True,False,False,12
POST_02661,2024-12-24 17:51:00,Facebook,Post,Fitness,1327,360,651,48001,248,298491,0.78,17,Tuesday,13,1908,Neutral,Macro,False,False,False,False,12
POST_03223,2024-12-25 00:05:00,Instagram,Carousel,Health,325,35,9,20747,724,281272,0.13,0,Wednesday,16,1543,Positive,Macro,True,True,False,False,12
POST_01110,2024-12-26 05:08:00,Instagram,Reel,Technology,5211,369,160,11965,375,16536,34.71,5,Thursday,28,599,Positive,Micro,True,False,False,True,12
POST_00487,2024-12-26 07:40:00,Instagram,Carousel,Travel,4556,288,81,37031,793,58304,8.45,7,Thursday,12,163,Neutral,Mid-tier,True,False,False,False,12
POST_00763,2024-12-26 17:21:00,Instagram,Photo,Gaming,728,251,32,40678,629,295456,0.34,17,Thursday,0,1133,Neutral,Macro,True,False,False,False,12
POST_04783,2024-12-27 02:04:00,Facebook,Story,Food,5333,351,566,33657,623,86337,7.24,2,Friday,29,1654,Neutral,Mid-tier,True,True,False,False,12
POST_02078,2024-12-27 11:31:00,Facebook,Live,Gaming,55,25,657,31675,478,374825,0.2,11,Friday,25,113,Neutral,Macro,True,False,False,False,12
POST_04958,2024-12-27 11:57:00,Facebook,Live,Business,6736,265,283,75085,481,445205,1.64,11,Friday,29,229,Positive,Macro,True,False,False,False,12
POST_00791,2024-12-27 19:27:00,Instagram,Reel,Fashion,2427,342,276,22074,322,165588,1.84,19,Friday,17,272,Negative,Macro,True,False,False,False,12
POST_04657,2024-12-27 20:18:00,TikTok,Stitch,Travel,5660,1063,913,471467,2734,473268,1.61,20,Friday,6,533,Neutral,Macro,True,False,False,False,12
POST_04494,2024-12-28 03:00:00,TikTok,Video,Fitness,18545,292,2873,139802,176,449635,4.83,3,Saturday,21,465,Neutral,Macro,True,False,False,False,12
POST_01132,2024-12-28 08:50:00,Facebook,Post,Travel,7559,246,585,44414,596,394372,2.13,8,Saturday,7,1730,Negative,Macro,True,False,False,False,12
POST_00099,2024-12-28 13:26:00,Instagram,Carousel,Travel,1771,112,45,48705,235,406184,0.47,13,Saturday,20,1714,Positive,Macro,True,False,False,False,12
POST_03465,2024-12-28 19:42:00,Instagram,Story,Lifestyle,5286,93,108,45264,744,495432,1.11,19,Saturday,14,1167,Positive,Macro,False,True,False,False,12
POST_03631,2024-12-29 01:49:00,TikTok,Video,Food,10618,223,1328,86438,767,88593,13.74,1,Sunday,3,399,Positive,Mid-tier,True,False,False,False,12
POST_01231,2024-12-29 05:41:00,TikTok,Stitch,Gaming,17526,40,864,278016,73,191918,9.6,5,Sunday,20,82,Neutral,Macro,True,False,False,False,12
POST_00030,2024-12-29 06:42:00,Instagram,Reel,Health,6149,146,253,17491,35,385869,1.7,6,Sunday,3,92,Positive,Macro,True,False,False,False,12
POST_02808,2024-12-29 07:11:00,Instagram,Reel,Business,6968,335,231,46306,796,473534,1.59,7,Sunday,25,220,Positive,Macro,True,False,False,False,12
POST_04833,2024-12-29 22:36:00,Facebook,Story,Business,2247,274,922,62390,438,349320,0.99,22,Sunday,0,1475,Neutral,Macro,True,False,False,False,12
POST_03267,2024-12-30 15:42:00,Facebook,Live,Education,5391,241,307,38852,745,32248,18.42,15,Monday,11,81,Positive,Micro,True,True,False,True,12
POST_03179,2024-12-31 05:03:00,TikTok,Video,Education,42686,1163,1665,61093,1031,347909,13.08,5,Tuesday,24,236,Positive,Macro,True,False,False,False,12
POST_03492,2024-12-31 22:35:00,Facebook,Live,Fashion,3965,23,768,72293,471,109098,4.36,22,Tuesday,8,70,Neutral,Macro,True,False,False,False,12
POST_01339,2025-01-01 02:50:00,Instagram,Reel,Gaming,8541,119,221,40413,751,291489,3.05,2,Wednesday,25,30,Negative,Macro,True,True,False,False,1
POST_03913,2025-01-01 09:37:00,Instagram,Carousel,Education,1547,137,272,36412,937,418973,0.47,9,Wednesday,24,730,Neutral,Macro,True,True,False,False,1
POST_02419,2025-01-01 21:29:00,Instagram,Carousel,Business,1623,482,6,4296,641,86643,2.44,21,Wednesday,7,546,Negative,Mid-tier,False,False,False,False,1
POST_01798,2025-01-01 22:26:00,Instagram,Photo,Health,1258,59,5,7966,561,194910,0.68,22,Wednesday,21,904,Neutral,Macro,True,True,False,False,1
POST_02788,2025-01-02 03:55:00,Instagram,Carousel,Education,6664,358,52,18507,691,292342,2.42,3,Thursday,27,1093,Negative,Macro,False,True,False,False,1
POST_03624,2025-01-02 08:22:00,TikTok,Stitch,Education,41010,243,436,215386,1555,335328,12.43,8,Thursday,27,130,Positive,Macro,True,True,False,False,1
POST_03040,2025-01-02 09:15:00,Facebook,Video,Fitness,2108,73,401,65749,9,330794,0.78,9,Thursday,14,446,Positive,Macro,False,False,False,False,1
POST_01093,2025-01-02 09:16:00,Facebook,Story,Travel,7914,137,562,29978,528,115968,7.43,9,Thursday,22,97,Positive,Macro,False,False,False,False,1
POST_03942,2025-01-03 01:01:00,TikTok,Duet,Entertainment,40234,85,4902,204450,1598,42250,107.03,1,Friday,22,157,Negative,Micro,True,False,False,True,1
POST_01431,2025-01-03 01:31:00,Facebook,Live,Fashion,7177,165,718,24186,253,445913,1.81,1,Friday,9,493,Neutral,Macro,False,True,False,False,1
POST_04274,2025-01-03 01:51:00,Facebook,Video,Education,1182,203,712,2683,275,114404,1.83,1,Friday,9,502,Neutral,Macro,True,False,False,False,1
POST_02035,2025-01-03 04:43:00,Facebook,Video,Food,258,163,431,62361,156,209675,0.41,4,Friday,4,552,Positive,Macro,True,False,False,False,1
POST_02797,2025-01-03 13:09:00,Instagram,Photo,Fashion,3192,43,299,49540,456,309777,1.14,13,Friday,12,256,Negative,Macro,False,False,False,False,1
POST_01094,2025-01-03 16:56:00,Facebook,Video,Travel,7668,163,293,62579,509,4905,165.63,16,Friday,6,517,Negative,Nano,True,True,False,True,1
POST_02254,2025-01-03 17:35:00,TikTok,Duet,Health,7195,1793,3275,169898,2007,44688,27.44,17,Friday,7,492,Negative,Micro,True,False,False,True,1
POST_04771,2025-01-03 19:54:00,Instagram,Reel,Fashion,108,355,27,21457,112,291039,0.17,19,Friday,7,503,Positive,Macro,True,False,False,False,1
POST_01608,2025-01-04 00:27:00,TikTok,Duet,Lifestyle,42239,897,2535,242464,902,27781,164.4,0,Saturday,10,66,Positive,Micro,True,False,False,True,1
POST_00337,2025-01-04 05:19:00,TikTok,Duet,Lifestyle,33177,1986,3972,455096,1720,373475,10.48,5,Saturday,3,467,Positive,Macro,True,False,False,False,1
POST_02067,2025-01-04 12:30:00,Instagram,Reel,Health,9574,228,45,23875,503,177363,5.55,12,Saturday,21,376,Negative,Macro,True,True,False,False,1
POST_00695,2025-01-05 00:23:00,Instagram,Photo,Travel,6277,35,162,10143,80,325242,1.99,0,Sunday,24,1445,Positive,Macro,False,False,False,False,1
POST_01008,2025-01-05 02:58:00,TikTok,Stitch,Health,16590,388,4398,451732,2581,17358,123.15,2,Sunday,5,18,Negative,Micro,True,False,False,True,1
POST_00553,2025-01-05 16:37:00,Facebook,Video,Business,723,150,346,34062,30,402199,0.3,16,Sunday,3,314,Positive,Macro,True,False,False,False,1
POST_00404,2025-01-05 19:48:00,TikTok,Stitch,Gaming,15345,1721,3049,96472,2476,217511,9.25,19,Sunday,2,482,Positive,Macro,True,False,False,False,1
POST_04211,2025-01-05 20:45:00,Instagram,Reel,Health,2595,129,205,33910,30,218935,1.34,20,Sunday,10,268,Positive,Macro,True,False,False,False,1
POST_00531,2025-01-06 03:43:00,TikTok,Video,Education,14135,1319,2873,351300,130,478706,3.83,3,Monday,12,451,Positive,Macro,True,True,False,False,1
POST_03204,2025-01-06 04:52:00,TikTok,Duet,Sports,24580,341,2614,344809,1729,131442,20.95,4,Monday,10,541,Positive,Macro,True,False,False,True,1
POST_00890,2025-01-06 17:18:00,Instagram,Reel,Sports,4747,347,263,7722,775,183618,2.92,17,Monday,5,120,Negative,Macro,True,False,False,False,1
POST_03646,2025-01-07 10:52:00,Instagram,Reel,Travel,7064,364,37,44555,661,366365,2.04,10,Tuesday,3,315,Positive,Macro,True,False,False,False,1
POST_04939,2025-01-08 03:57:00,TikTok,Stitch,Food,877,1343,2137,134228,2438,117721,3.7,3,Wednesday,0,157,Neutral,Macro,True,False,False,False,1
POST_00029,2025-01-08 05:23:00,Facebook,Video,Lifestyle,904,210,941,37375,716,319802,0.64,5,Wednesday,22,36,Positive,Macro,True,False,False,False,1
POST_04316,2025-01-08 21:59:00,Instagram,Story,Sports,4730,332,111,8465,230,157083,3.29,21,Wednesday,20,775,Neutral,Macro,False,False,False,False,1
POST_02484,2025-01-09 11:12:00,Instagram,Story,Education,2247,35,101,14652,311,201559,1.18,11,Thursday,27,1042,Positive,Macro,True,True,False,False,1
POST_04578,2025-01-09 14:40:00,Instagram,Story,Technology,3565,471,260,34942,918,17561,24.46,14,Thursday,10,1993,Neutral,Micro,True,False,False,True,1
POST_02139,2025-01-09 19:17:00,Instagram,Carousel,Sports,5355,52,209,36758,120,275281,2.04,19,Thursday,6,1583,Negative,Macro,True,True,False,False,1
POST_02381,2025-01-10 14:00:00,TikTok,Duet,Fashion,13985,1181,918,329751,152,368592,4.36,14,Friday,9,302,Positive,Macro,True,False,False,False,1
POST_03253,2025-01-11 05:00:00,Facebook,Live,Food,61,245,557,66627,622,257761,0.33,5,Saturday,9,62,Positive,Macro,True,True,False,False,1
POST_01369,2025-01-11 09:08:00,Instagram,Reel,Sports,3650,55,271,15662,604,448455,0.89,9,Saturday,16,501,Positive,Macro,True,False,False,False,1
POST_00777,2025-01-11 13:56:00,Instagram,Story,Gaming,5951,291,51,14000,306,327750,1.92,13,Saturday,28,1835,Positive,Macro,True,True,False,False,1
POST_04207,2025-01-12 22:03:00,Facebook,Video,Technology,4526,81,555,52935,393,229505,2.25,22,Sunday,20,491,Neutral,Macro,False,True,False,False,1
POST_03728,2025-01-13 18:18:00,Instagram,Photo,Sports,8807,331,222,29151,902,420471,2.23,18,Monday,28,1955,Neutral,Macro,True,False,False,False,1
POST_00166,2025-01-13 18:35:00,TikTok,Stitch,Food,27997,580,734,157890,2336,475126,6.17,18,Monday,9,494,Positive,Macro,True,False,False,False,1
POST_02121,2025-01-14 01:44:00,TikTok,Video,Education,9780,1140,4295,462743,404,387532,3.93,1,Tuesday,9,326,Negative,Macro,True,True,False,False,1
POST_03470,2025-01-14 04:57:00,Instagram,Photo,Gaming,2073,230,79,7139,440,185702,1.28,4,Tuesday,18,1933,Positive,Macro,True,False,False,False,1
POST_00867,2025-01-14 16:35:00,Instagram,Story,Travel,9320,484,35,22108,181,111129,8.85,16,Tuesday,14,1381,Neutral,Macro,True,True,False,False,1
POST_04452,2025-01-14 22:49:00,Facebook,Post,Health,5428,203,389,77212,318,189439,3.18,22,Tuesday,5,1411,Neutral,Macro,True,True,False,False,1
POST_04707,2025-01-15 01:44:00,TikTok,Video,Lifestyle,25174,380,2766,251244,714,297079,9.53,1,Wednesday,28,167,Positive,Macro,False,True,False,False,1
POST_04563,2025-01-15 07:41:00,TikTok,Duet,Food,11494,1358,3373,444348,1923,90575,17.91,7,Wednesday,13,200,Positive,Mid-tier,True,False,False,True,1
POST_03099,2025-01-15 09:49:00,Instagram,Carousel,Health,6147,319,87,37434,354,353048,1.86,9,Wednesday,21,162,Positive,Macro,True,False,False,False,1
POST_02427,2025-01-15 13:48:00,Instagram,Photo,Gaming,3474,9,294,45129,223,332835,1.13,13,Wednesday,14,1822,Neutral,Macro,True,False,False,False,1
POST_01355,2025-01-15 21:57:00,Facebook,Video,Technology,1976,346,267,10908,296,52216,4.96,21,Wednesday,7,192,Neutral,Mid-tier,True,False,False,False,1
POST_03140,2025-01-16 00:18:00,Instagram,Reel,Sports,649,97,175,4209,118,228791,0.4,0,Thursday,28,73,Neutral,Macro,True,False,False,False,1
POST_00581,2025-01-16 04:35:00,Facebook,Video,Sports,3536,301,103,32135,379,405351,0.97,4,Thursday,27,528,Neutral,Macro,False,False,False,False,1
POST_03112,2025-01-16 14:34:00,Instagram,Photo,Fitness,3640,367,46,40238,387,441976,0.92,14,Thursday,22,612,Positive,Macro,True,False,False,False,1
POST_01469,2025-01-16 14:47:00,TikTok,Stitch,Fitness,23793,621,3702,318142,1904,149907,18.76,14,Thursday,21,583,Neutral,Macro,True,False,False,True,1
POST_03954,2025-01-16 21:10:00,Instagram,Photo,Lifestyle,7843,278,30,48318,11,268022,3.04,21,Thursday,24,665,Positive,Macro,False,False,False,False,1
POST_01758,2025-01-17 00:57:00,Facebook,Live,Food,2826,40,24,64822,428,18121,15.95,0,Friday,19,328,Positive,Micro,False,False,False,True,1
POST_00729,2025-01-17 07:24:00,Instagram,Carousel,Technology,9017,117,147,14539,265,117274,7.91,7,Friday,17,927,Negative,Macro,False,False,False,False,1
POST_00577,2025-01-18 04:43:00,Instagram,Reel,Technology,6288,477,14,47496,377,401485,1.69,4,Saturday,29,570,Negative,Macro,True,False,False,False,1
POST_04237,2025-01-18 05:45:00,Instagram,Story,Lifestyle,4254,139,292,12650,999,8773,53.4,5,Saturday,9,1861,Negative,Nano,True,True,False,True,1
POST_03985,2025-01-18 08:35:00,TikTok,Video,Health,33536,1126,1305,57772,210,265169,13.56,8,Saturday,24,321,Positive,Macro,True,False,False,False,1
POST_03731,2025-01-18 09:18:00,Instagram,Story,Education,3393,182,115,31626,35,337898,1.09,9,Saturday,22,1559,Neutral,Macro,True,False,False,False,1
POST_03960,2025-01-18 10:38:00,Instagram,Reel,Food,4571,59,292,48044,43,247318,1.99,10,Saturday,7,268,Positive,Macro,True,False,False,False,1
POST_01240,2025-01-18 12:29:00,Instagram,Reel,Entertainment,1292,281,262,10608,940,243626,0.75,12,Saturday,1,265,Neutral,Macro,True,True,False,False,1
POST_00461,2025-01-18 13:09:00,Instagram,Carousel,Business,1130,424,143,17605,593,475304,0.36,13,Saturday,21,1780,Positive,Macro,True,False,False,False,1
POST_04151,2025-01-18 15:18:00,Instagram,Carousel,Lifestyle,9148,272,33,33166,949,397883,2.38,15,Saturday,6,765,Negative,Macro,True,False,False,False,1
POST_04197,2025-01-18 15:25:00,Instagram,Carousel,Business,1178,48,27,45347,270,305028,0.41,15,Saturday,16,1759,Positive,Macro,True,False,False,False,1
POST_01971,2025-01-18 16:51:00,Instagram,Carousel,Business,5446,142,133,44575,132,116990,4.89,16,Saturday,14,909,Positive,Macro,True,True,False,False,1
POST_04885,2025-01-18 16:52:00,Instagram,Story,Food,4784,162,280,30233,166,369110,1.42,16,Saturday,7,923,Positive,Macro,True,False,False,False,1
POST_03152,2025-01-19 02:00:00,Instagram,Reel,Entertainment,3219,387,112,10085,294,492235,0.76,2,Sunday,3,446,Neutral,Macro,True,False,False,False,1
POST_01586,2025-01-19 03:53:00,Instagram,Story,Technology,4216,370,230,19877,72,209193,2.3,3,Sunday,11,573,Neutral,Macro,True,False,False,False,1
POST_01593,2025-01-19 05:46:00,Instagram,Carousel,Technology,140,305,213,35210,743,341240,0.19,5,Sunday,0,1127,Negative,Macro,True,False,False,False,1
POST_00287,2025-01-19 12:45:00,Facebook,Story,Fitness,571,117,94,36851,557,376017,0.21,12,Sunday,15,201,Neutral,Macro,True,False,False,False,1
POST_01168,2025-01-19 13:11:00,Facebook,Live,Fitness,5813,58,706,76481,29,446452,1.47,13,Sunday,22,374,Positive,Macro,True,False,False,False,1
POST_02431,2025-01-19 17:59:00,Facebook,Live,Health,581,170,47,54226,464,102378,0.78,17,Sunday,13,101,Positive,Macro,True,False,False,False,1
POST_02133,2025-01-19 20:13:00,Facebook,Story,Technology,2010,131,921,28887,264,11723,26.12,20,Sunday,29,1994,Negative,Micro,True,False,False,True,1
POST_02683,2025-01-19 20:34:00,Instagram,Story,Lifestyle,5566,93,235,19099,752,291092,2.02,20,Sunday,1,298,Positive,Macro,True,True,False,False,1
POST_04367,2025-01-19 22:50:00,Instagram,Photo,Travel,7840,167,112,13876,627,132780,6.11,22,Sunday,27,1694,Negative,Macro,True,True,False,False,1
POST_02970,2025-01-20 05:01:00,Facebook,Live,Health,4115,299,334,29741,223,95444,4.97,5,Monday,4,398,Positive,Mid-tier,True,False,False,False,1
POST_00690,2025-01-20 20:50:00,Instagram,Photo,Sports,3545,231,187,12569,991,491919,0.81,20,Monday,17,1739,Negative,Macro,True,False,False,False,1
POST_01032,2025-01-21 12:05:00,Facebook,Video,Business,3063,353,13,9524,365,163562,2.1,12,Tuesday,25,117,Negative,Macro,True,True,False,False,1
POST_03742,2025-01-21 15:53:00,TikTok,Stitch,Gaming,46216,1153,2056,191258,2727,149675,33.02,15,Tuesday,24,29,Positive,Macro,True,False,False,True,1
POST_03704,2025-01-21 16:47:00,TikTok,Duet,Gaming,17651,563,4630,217886,426,205383,11.12,16,Tuesday,8,131,Positive,Macro,True,False,False,False,1
POST_03984,2025-01-21 18:10:00,Instagram,Photo,Entertainment,5240,209,190,33930,17,396252,1.42,18,Tuesday,15,636,Positive,Macro,True,False,False,False,1
POST_03431,2025-01-21 18:14:00,Facebook,Story,Travel,3771,20,385,50014,135,110775,3.77,18,Tuesday,0,656,Negative,Macro,True,True,False,False,1
POST_03319,2025-01-21 18:24:00,TikTok,Video,Entertainment,48964,1351,222,496750,2741,23584,200.0,18,Tuesday,9,522,Negative,Micro,True,True,False,True,1
POST_00021,2025-01-22 02:35:00,Facebook,Post,Lifestyle,309,21,599,9362,784,140070,0.66,2,Wednesday,27,782,Positive,Macro,True,False,False,False,1
POST_04435,2025-01-22 03:50:00,Instagram,Story,Sports,2939,137,126,11051,841,485841,0.66,3,Wednesday,14,1708,Positive,Macro,True,True,False,False,1
POST_04912,2025-01-22 08:42:00,Facebook,Story,Sports,7148,32,77,66458,235,90441,8.02,8,Wednesday,25,1483,Neutral,Mid-tier,True,True,False,False,1
POST_02074,2025-01-22 11:37:00,TikTok,Stitch,Entertainment,48105,639,4909,127580,1646,383586,13.99,11,Wednesday,22,248,Positive,Macro,True,False,False,False,1
POST_02602,2025-01-22 17:24:00,Instagram,Story,Technology,5435,260,40,42511,923,131980,4.35,17,Wednesday,14,53,Neutral,Macro,True,False,False,False,1
POST_00114,2025-01-23 00:24:00,TikTok,Duet,Gaming,38765,1631,4596,264285,157,163781,27.47,0,Thursday,14,557,Positive,Macro,True,False,False,True,1
POST_04481,2025-01-23 05:23:00,Instagram,Photo,Education,2854,269,5,43949,558,166646,1.88,5,Thursday,29,143,Positive,Macro,True,False,False,False,1
POST_01041,2025-01-23 07:15:00,Facebook,Post,Lifestyle,5888,147,160,76737,631,268368,2.31,7,Thursday,8,1224,Positive,Macro,True,False,False,False,1
POST_01191,2025-01-24 05:08:00,Instagram,Story,Fashion,2104,418,4,18726,764,127456,1.98,5,Friday,8,236,Neutral,Macro,True,False,False,False,1
POST_02514,2025-01-24 16:45:00,Facebook,Story,Sports,100,270,575,24300,445,268284,0.35,16,Friday,3,827,Neutral,Macro,True,False,False,False,1
POST_00625,2025-01-24 17:45:00,Facebook,Live,Fitness,598,166,836,8464,617,118910,1.35,17,Friday,10,142,Neutral,Macro,True,False,False,False,1
POST_02339,2025-01-25 00:07:00,Instagram,Reel,Fitness,9068,218,99,23555,925,299183,3.14,0,Saturday,21,231,Positive,Macro,True,False,False,False,1
POST_03519,2025-01-25 02:25:00,Instagram,Photo,Gaming,2954,233,101,13930,78,29427,11.17,2,Saturday,27,1331,Positive,Micro,True,False,False,False,1
POST_04874,2025-01-25 03:12:00,Instagram,Story,Fashion,7838,326,31,39677,32,407463,2.01,3,Saturday,1,862,Positive,Macro,False,False,False,False,1
POST_02241,2025-01-25 06:09:00,TikTok,Stitch,Travel,16018,636,3820,301145,1847,341025,6.0,6,Saturday,3,80,Negative,Macro,False,False,False,False,1
POST_01619,2025-01-25 11:11:00,Facebook,Video,Entertainment,2758,120,10,71274,490,31813,9.08,11,Saturday,18,121,Positive,Micro,True,False,False,False,1
POST_01930,2025-01-25 12:26:00,Instagram,Story,Health,5229,312,141,6528,337,375484,1.51,12,Saturday,5,898,Positive,Macro,True,False,False,False,1
POST_00437,2025-01-25 12:42:00,Instagram,Story,Entertainment,8175,233,276,34883,224,29651,29.29,12,Saturday,4,1180,Positive,Micro,True,False,False,True,1
POST_02793,2025-01-25 13:34:00,Facebook,Post,Health,7061,191,164,74363,409,84860,8.74,13,Saturday,2,1150,Neutral,Mid-tier,True,False,False,False,1
POST_04186,2025-01-25 13:54:00,Facebook,Live,Fitness,4384,88,624,10457,636,184506,2.76,13,Saturday,28,565,Positive,Macro,True,False,False,False,1
POST_00511,2025-01-25 20:23:00,Facebook,Video,Travel,2463,17,235,4488,684,401242,0.68,20,Saturday,14,130,Positive,Macro,False,False,False,False,1
POST_04304,2025-01-25 20:41:00,Facebook,Live,Entertainment,3764,61,841,40309,177,360538,1.29,20,Saturday,10,592,Neutral,Macro,True,False,False,False,1
POST_03994,2025-01-26 00:11:00,Instagram,Photo,Technology,6795,7,281,39528,619,280399,2.53,0,Sunday,11,1785,Neutral,Macro,True,True,False,False,1
POST_01370,2025-01-26 04:41:00,Instagram,Carousel,Gaming,4781,294,263,12128,58,128117,4.17,4,Sunday,5,269,Neutral,Macro,True,True,False,False,1
POST_01031,2025-01-26 14:55:00,Instagram,Carousel,Entertainment,2137,93,126,46517,427,304733,0.77,14,Sunday,13,664,Positive,Macro,True,False,False,False,1
POST_03276,2025-01-26 19:43:00,TikTok,Duet,Business,25717,36,2603,227236,1724,458334,6.19,19,Sunday,24,394,Positive,Macro,True,True,False,False,1
POST_02194,2025-01-26 20:50:00,Facebook,Live,Health,7004,74,759,57250,464,36173,21.67,20,Sunday,11,126,Negative,Micro,True,False,False,True,1
POST_01511,2025-01-26 21:27:00,TikTok,Duet,Entertainment,32979,1817,612,209021,2956,426501,8.3,21,Sunday,26,412,Positive,Macro,True,True,False,False,1
POST_01756,2025-01-27 00:02:00,TikTok,Stitch,Food,10440,1130,1708,417585,2126,365289,3.63,0,Monday,1,284,Positive,Macro,True,False,False,False,1
POST_02727,2025-01-27 01:05:00,Instagram,Photo,Fashion,3511,82,123,38311,267,411833,0.9,1,Monday,22,536,Positive,Macro,True,False,False,False,1
POST_00421,2025-01-27 06:58:00,TikTok,Stitch,Travel,8304,1036,4077,16217,1023,333151,4.03,6,Monday,15,361,Neutral,Macro,True,True,False,False,1
POST_01284,2025-01-27 13:11:00,Instagram,Story,Entertainment,999,20,167,19366,435,496392,0.24,13,Monday,21,1681,Positive,Macro,True,False,False,False,1
POST_03460,2025-01-27 22:27:00,Facebook,Video,Technology,4325,387,316,79205,319,148293,3.39,22,Monday,1,386,Positive,Macro,True,False,False,False,1
POST_02757,2025-01-28 02:21:00,Facebook,Live,Technology,4049,161,344,66230,359,441486,1.03,2,Tuesday,20,261,Neutral,Macro,True,False,False,False,1
POST_01381,2025-01-28 11:27:00,Instagram,Story,Food,5568,176,187,31945,315,463824,1.28,11,Tuesday,1,1448,Positive,Macro,True,True,False,False,1
POST_00226,2025-01-28 15:25:00,Instagram,Reel,Fitness,3959,198,142,33887,824,51272,8.38,15,Tuesday,26,198,Negative,Mid-tier,True,False,False,False,1
POST_04281,2025-01-29 09:38:00,Instagram,Carousel,Lifestyle,8037,207,128,22938,964,239206,3.5,9,Wednesday,22,1133,Neutral,Macro,True,False,False,False,1
POST_04682,2025-01-29 11:20:00,Instagram,Carousel,Education,8662,207,42,34639,570,395190,2.25,11,Wednesday,14,229,Positive,Macro,True,False,False,False,1
POST_03832,2025-01-31 05:53:00,TikTok,Stitch,Travel,41647,1720,3225,175673,2095,276119,16.87,5,Friday,24,507,Positive,Macro,True,True,False,True,1
POST_00757,2025-01-31 11:16:00,Facebook,Live,Entertainment,1462,300,510,10036,465,20556,11.05,11,Friday,28,312,Negative,Micro,True,False,False,False,1
POST_02560,2025-01-31 15:30:00,Facebook,Post,Education,5300,145,634,29163,391,219133,2.77,15,Friday,0,918,Neutral,Macro,True,False,False,False,1
POST_01536,2025-02-01 11:59:00,Instagram,Reel,Lifestyle,8340,310,80,13088,208,160355,5.44,11,Saturday,1,85,Positive,Macro,True,False,False,False,2
POST_02398,2025-02-01 21:31:00,Instagram,Photo,Travel,7834,406,148,36165,558,105477,7.95,21,Saturday,3,1062,Positive,Macro,True,True,False,False,2
POST_04519,2025-02-02 04:07:00,Instagram,Photo,Travel,9696,284,78,25891,160,452848,2.22,4,Sunday,5,905,Positive,Macro,False,False,False,False,2
POST_01176,2025-02-02 10:23:00,Facebook,Post,Gaming,1828,113,762,33850,527,13663,19.78,10,Sunday,5,1885,Positive,Micro,True,False,False,True,2
POST_01157,2025-02-02 21:57:00,Instagram,Reel,Lifestyle,2071,266,235,46954,556,248053,1.04,21,Sunday,11,408,Positive,Macro,False,False,False,False,2
POST_03780,2025-02-03 03:20:00,TikTok,Duet,Lifestyle,40390,895,4184,493774,200,439301,10.35,3,Monday,15,450,Neutral,Macro,True,False,False,False,2
POST_00256,2025-02-03 13:34:00,Facebook,Video,Sports,5966,126,809,42945,208,81428,8.47,13,Monday,28,157,Positive,Mid-tier,True,False,False,False,2
POST_02777,2025-02-03 19:36:00,Instagram,Carousel,Lifestyle,8756,64,222,49589,358,109764,8.24,19,Monday,18,726,Neutral,Macro,False,True,False,False,2
POST_03682,2025-02-03 23:46:00,Instagram,Carousel,Food,5382,193,132,35662,821,375139,1.52,23,Monday,7,1018,Positive,Macro,True,False,False,False,2
POST_03079,2025-02-04 05:18:00,Instagram,Reel,Technology,7440,126,79,42298,609,36605,20.89,5,Tuesday,2,557,Positive,Micro,True,True,False,True,2
POST_04035,2025-02-04 12:13:00,Instagram,Story,Travel,9433,439,31,19725,606,96928,10.22,12,Tuesday,21,1248,Positive,Mid-tier,True,False,False,False,2
POST_01410,2025-02-04 18:40:00,TikTok,Stitch,Entertainment,49801,655,4002,448612,2599,15973,200.0,18,Tuesday,14,491,Neutral,Micro,True,False,False,True,2
POST_04756,2025-02-04 23:22:00,TikTok,Duet,Food,21936,584,2170,73083,877,137022,18.02,23,Tuesday,6,188,Positive,Macro,True,True,False,True,2
POST_03589,2025-02-05 01:21:00,Instagram,Story,Business,2074,279,106,5493,869,90168,2.73,1,Wednesday,12,393,Neutral,Mid-tier,True,False,False,False,2
POST_02051,2025-02-05 07:57:00,Facebook,Video,Business,4574,100,662,54752,246,167125,3.19,7,Wednesday,16,280,Positive,Macro,True,False,False,False,2
POST_03665,2025-02-06 01:42:00,Facebook,Story,Sports,206,276,695,65952,644,88615,1.33,1,Thursday,13,1816,Neutral,Mid-tier,True,False,False,False,2
POST_01212,2025-02-06 11:07:00,Facebook,Post,Entertainment,5292,38,504,41621,174,78200,7.46,11,Thursday,12,1475,Positive,Mid-tier,True,False,False,False,2
POST_02465,2025-02-06 14:48:00,Facebook,Post,Health,7277,312,39,58707,168,253160,3.01,14,Thursday,2,1515,Positive,Macro,True,True,False,False,2
POST_03826,2025-02-06 17:05:00,Instagram,Photo,Lifestyle,1940,260,75,16079,664,34057,6.68,17,Thursday,25,996,Neutral,Micro,True,True,False,False,2
POST_00265,2025-02-07 18:36:00,TikTok,Duet,Entertainment,33819,1067,4764,297157,2217,84931,46.68,18,Friday,3,574,Neutral,Mid-tier,True,True,False,True,2
POST_03573,2025-02-08 09:05:00,TikTok,Video,Technology,23215,1242,3405,52083,2123,4802,200.0,9,Saturday,6,407,Positive,Nano,True,True,False,True,2
POST_03750,2025-02-08 10:34:00,TikTok,Video,Sports,24350,949,1486,54887,389,432756,6.19,10,Saturday,2,218,Negative,Macro,True,False,False,False,2
POST_00945,2025-02-08 11:49:00,Instagram,Story,Education,1193,460,19,41628,719,476228,0.35,11,Saturday,19,104,Neutral,Macro,True,True,False,False,2
POST_03258,2025-02-08 12:44:00,Instagram,Reel,Fashion,2659,14,80,14360,68,376094,0.73,12,Saturday,24,535,Neutral,Macro,False,False,False,False,2
POST_01510,2025-02-08 15:01:00,TikTok,Stitch,Health,21963,1294,1166,484462,2734,326383,7.48,15,Saturday,16,134,Positive,Macro,False,False,False,False,2
POST_00619,2025-02-08 19:03:00,TikTok,Duet,Health,39601,345,1401,96257,408,406082,10.18,19,Saturday,9,335,Positive,Macro,True,False,False,False,2
POST_01201,2025-02-09 10:53:00,TikTok,Duet,Gaming,7067,527,4244,71046,472,47918,24.7,10,Sunday,22,253,Neutral,Micro,True,False,False,True,2
POST_00043,2025-02-09 20:29:00,Instagram,Story,Fashion,1808,44,183,37121,708,269084,0.76,20,Sunday,3,1056,Positive,Macro,True,False,False,False,2
POST_01133,2025-02-10 02:23:00,Instagram,Reel,Sports,3527,66,208,9869,795,303764,1.25,2,Monday,5,181,Negative,Macro,False,True,False,False,2
POST_01090,2025-02-10 07:35:00,Instagram,Reel,Fashion,8157,285,280,27871,452,210909,4.14,7,Monday,21,55,Neutral,Macro,True,True,False,False,2
POST_02055,2025-02-10 11:32:00,TikTok,Duet,Travel,15684,1668,1145,373903,969,447748,4.13,11,Monday,23,140,Neutral,Macro,True,False,False,False,2
POST_00969,2025-02-10 15:11:00,Facebook,Video,Travel,4908,294,224,74644,338,308061,1.76,15,Monday,10,265,Positive,Macro,True,False,False,False,2
POST_00534,2025-02-11 08:12:00,Facebook,Story,Health,229,383,423,41467,314,492983,0.21,8,Tuesday,11,112,Neutral,Macro,True,False,False,False,2
POST_02582,2025-02-11 09:49:00,TikTok,Stitch,Food,27880,1085,3856,280212,2395,185492,17.69,9,Tuesday,18,19,Positive,Macro,True,False,False,True,2
POST_01898,2025-02-11 10:18:00,Instagram,Carousel,Sports,7106,143,178,44542,562,312853,2.37,10,Tuesday,8,1672,Positive,Macro,False,False,False,False,2
POST_04088,2025-02-12 06:25:00,Facebook,Story,Fitness,5553,227,963,8003,388,106677,6.32,6,Wednesday,23,1129,Neutral,Macro,True,False,False,False,2
POST_00184,2025-02-12 10:17:00,TikTok,Video,Technology,33994,1259,4690,306951,1379,120328,33.2,10,Wednesday,0,509,Neutral,Macro,False,False,False,True,2
POST_04262,2025-02-12 12:39:00,TikTok,Stitch,Food,14788,1498,487,135560,1537,310005,5.41,12,Wednesday,16,588,Positive,Macro,True,True,False,False,2
POST_00082,2025-02-12 21:41:00,Facebook,Video,Fitness,1816,333,169,26592,528,145156,1.6,21,Wednesday,28,546,Neutral,Macro,True,False,False,False,2
POST_01234,2025-02-13 10:50:00,Instagram,Photo,Gaming,1018,246,140,27220,156,497385,0.28,10,Thursday,8,1319,Negative,Macro,True,False,False,False,2
POST_03595,2025-02-13 15:32:00,Facebook,Story,Food,3697,225,257,72889,550,169542,2.46,15,Thursday,11,332,Positive,Macro,False,False,False,False,2
POST_04518,2025-02-13 16:46:00,TikTok,Video,Business,22574,1594,3330,165470,2469,319450,8.61,16,Thursday,10,313,Positive,Macro,True,False,False,False,2
POST_03419,2025-02-14 06:40:00,Instagram,Reel,Health,4781,153,99,49355,110,122247,4.12,6,Friday,19,370,Neutral,Macro,True,False,False,False,2
POST_02236,2025-02-14 08:28:00,Facebook,Story,Sports,1431,367,919,36695,323,5070,53.59,8,Friday,29,966,Positive,Nano,True,True,False,True,2
POST_01821,2025-02-14 12:29:00,Instagram,Story,Fitness,3965,330,253,42805,385,14325,31.75,12,Friday,7,637,Positive,Micro,True,False,False,True,2
POST_04732,2025-02-14 19:03:00,Instagram,Reel,Fitness,7686,329,143,48505,281,70547,11.56,19,Friday,20,45,Neutral,Mid-tier,True,True,False,False,2
POST_03978,2025-02-14 20:58:00,Facebook,Live,Food,1143,112,905,4547,455,436315,0.5,20,Friday,13,556,Positive,Macro,True,True,False,False,2
POST_04496,2025-02-15 11:00:00,Facebook,Post,Health,2757,145,493,51193,665,190019,1.79,11,Saturday,29,870,Positive,Macro,True,True,False,False,2
POST_00559,2025-02-15 13:43:00,TikTok,Video,Travel,3554,760,4640,459013,1267,156781,5.71,13,Saturday,17,392,Neutral,Macro,True,False,False,False,2
POST_04990,2025-02-16 01:57:00,TikTok,Stitch,Lifestyle,7520,1667,4627,260023,2588,22865,60.42,1,Sunday,3,461,Negative,Micro,True,False,False,True,2
POST_00204,2025-02-16 22:18:00,TikTok,Duet,Fashion,47032,630,804,118831,446,135537,35.76,22,Sunday,28,579,Neutral,Macro,True,False,False,True,2
POST_01773,2025-02-17 00:14:00,TikTok,Stitch,Food,28305,1724,1822,348307,1470,418463,7.61,0,Monday,21,374,Positive,Macro,True,False,False,False,2
POST_02784,2025-02-17 04:54:00,TikTok,Duet,Gaming,1765,784,2022,292179,2636,3911,116.88,4,Monday,6,229,Positive,Nano,True,True,False,True,2
POST_04363,2025-02-17 07:02:00,TikTok,Video,Education,35494,649,4226,365938,1345,388414,10.39,7,Monday,21,456,Neutral,Macro,True,False,False,False,2
POST_00400,2025-02-17 16:52:00,TikTok,Stitch,Fitness,8197,858,81,321477,2519,270484,3.38,16,Monday,15,306,Neutral,Macro,True,False,False,False,2
POST_02768,2025-02-19 02:38:00,Instagram,Reel,Business,2966,148,57,25695,872,7679,41.29,2,Wednesday,17,365,Neutral,Nano,True,False,False,True,2
POST_01139,2025-02-19 12:24:00,Facebook,Video,Technology,4284,163,258,43767,534,219091,2.15,12,Wednesday,2,176,Neutral,Macro,True,False,False,False,2
POST_02750,2025-02-19 22:50:00,Facebook,Video,Technology,133,261,312,46784,649,13254,5.33,22,Wednesday,16,334,Neutral,Micro,True,False,False,False,2
POST_04430,2025-02-20 02:21:00,TikTok,Duet,Lifestyle,48031,182,1147,59588,756,181061,27.26,2,Thursday,16,24,Positive,Macro,True,True,False,True,2
POST_00097,2025-02-20 06:06:00,Facebook,Video,Fashion,1869,201,5,27995,257,127766,1.62,6,Thursday,15,526,Positive,Macro,False,False,False,False,2
POST_03039,2025-02-20 06:08:00,Instagram,Photo,Technology,1845,325,163,28590,358,73358,3.18,6,Thursday,16,1704,Negative,Mid-tier,True,False,False,False,2
POST_03862,2025-02-20 08:07:00,Facebook,Post,Fitness,4896,264,859,79501,521,333834,1.8,8,Thursday,11,688,Neutral,Macro,True,False,False,False,2
POST_03795,2025-02-20 14:05:00,Instagram,Story,Fitness,7271,139,152,34391,243,166455,4.54,14,Thursday,23,1285,Positive,Macro,True,True,False,False,2
POST_03240,2025-02-21 03:48:00,Facebook,Video,Food,4204,383,577,16888,289,84889,6.08,3,Friday,6,25,Positive,Mid-tier,False,True,False,False,2
POST_03727,2025-02-22 03:07:00,Instagram,Reel,Technology,4403,283,222,35873,500,193753,2.53,3,Saturday,8,501,Neutral,Macro,True,False,False,False,2
POST_03387,2025-02-22 08:55:00,Instagram,Photo,Entertainment,5594,46,210,19398,941,331548,1.76,8,Saturday,8,1242,Neutral,Macro,True,False,False,False,2
POST_04244,2025-02-22 14:40:00,Facebook,Story,Lifestyle,6700,24,349,23904,770,183132,3.86,14,Saturday,26,1133,Neutral,Macro,False,True,False,False,2
POST_01878,2025-02-23 03:16:00,Facebook,Post,Entertainment,7695,271,488,18204,330,429167,1.97,3,Sunday,10,784,Positive,Macro,True,False,False,False,2
POST_03658,2025-02-23 14:54:00,Facebook,Story,Sports,1565,148,94,57000,146,136546,1.32,14,Sunday,19,68,Positive,Macro,False,False,False,False,2
POST_00831,2025-02-23 18:04:00,Instagram,Photo,Education,4517,117,253,25014,350,372474,1.31,18,Sunday,13,367,Neutral,Macro,False,True,False,False,2
POST_00435,2025-02-24 01:20:00,Instagram,Carousel,Gaming,1611,266,145,22063,877,49019,4.12,1,Monday,17,322,Neutral,Micro,True,True,False,False,2
POST_04855,2025-02-24 11:22:00,Facebook,Post,Health,5896,364,660,72555,93,86233,8.02,11,Monday,6,1251,Negative,Mid-tier,True,False,False,False,2
POST_02256,2025-02-25 03:22:00,Facebook,Live,Fashion,2957,285,820,56369,546,276140,1.47,3,Tuesday,3,343,Positive,Macro,True,False,False,False,2
POST_00175,2025-02-26 00:11:00,Facebook,Video,Gaming,5709,381,82,12605,292,415742,1.48,0,Wednesday,25,221,Neutral,Macro,True,False,False,False,2
POST_03409,2025-02-26 10:45:00,Instagram,Photo,Education,1124,331,41,4774,560,138318,1.08,10,Wednesday,15,1331,Positive,Macro,True,True,False,False,2
POST_01900,2025-02-26 19:44:00,TikTok,Duet,Business,34628,1876,4027,359052,2725,211483,19.17,19,Wednesday,7,333,Negative,Macro,True,False,False,True,2
POST_00924,2025-02-26 22:13:00,TikTok,Duet,Education,27526,906,1943,160964,1938,177922,17.07,22,Wednesday,14,392,Negative,Macro,True,False,False,True,2
POST_01098,2025-02-27 01:36:00,Instagram,Story,Sports,7755,463,25,33246,787,216805,3.8,1,Thursday,29,558,Positive,Macro,False,False,False,False,2
POST_00958,2025-02-27 10:45:00,Instagram,Story,Fitness,9071,348,153,15734,374,14970,63.94,10,Thursday,2,1346,Positive,Micro,True,False,False,True,2
POST_02642,2025-02-27 16:13:00,Instagram,Photo,Entertainment,3458,142,83,47227,803,296029,1.24,16,Thursday,14,1414,Neutral,Macro,True,True,False,False,2
POST_04271,2025-02-27 21:12:00,Facebook,Post,Fashion,3409,65,764,24817,660,347102,1.22,21,Thursday,27,1483,Positive,Macro,True,False,False,False,2
POST_04883,2025-02-28 01:00:00,TikTok,Video,Fitness,18161,1249,3032,122700,2750,12463,180.07,1,Friday,12,571,Neutral,Micro,True,True,False,True,2
POST_01883,2025-02-28 01:59:00,Facebook,Story,Travel,5041,368,86,47772,335,75538,7.27,1,Friday,5,349,Positive,Mid-tier,False,False,False,False,2
POST_01648,2025-02-28 04:09:00,TikTok,Stitch,Technology,41704,1595,2155,354084,1697,27591,164.74,4,Friday,26,417,Neutral,Micro,True,False,False,True,2
POST_00613,2025-02-28 08:13:00,Facebook,Video,Travel,1339,252,838,30792,345,89283,2.72,8,Friday,18,559,Negative,Mid-tier,True,True,False,False,2
POST_02086,2025-02-28 10:46:00,Facebook,Video,Travel,1330,113,228,58090,777,395226,0.42,10,Friday,8,410,Neutral,Macro,False,True,False,False,2
POST_00424,2025-02-28 10:59:00,Facebook,Live,Entertainment,2802,5,695,65863,459,292288,1.2,10,Friday,0,559,Positive,Macro,False,False,False,False,2
POST_03653,2025-02-28 11:40:00,TikTok,Stitch,Gaming,46624,272,2651,380796,2480,377597,13.12,11,Friday,9,266,Positive,Macro,False,False,False,False,2
POST_03341,2025-02-28 12:16:00,TikTok,Stitch,Food,9607,1999,1168,136003,1736,387842,3.29,12,Friday,25,553,Positive,Macro,True,False,False,False,2
POST_01331,2025-02-28 12:28:00,Facebook,Live,Sports,4861,152,472,68325,708,407923,1.34,12,Friday,28,347,Neutral,Macro,True,False,False,False,2
POST_04654,2025-03-01 04:00:00,TikTok,Video,Health,2053,877,3313,262654,945,118754,5.26,4,Saturday,26,21,Positive,Macro,True,False,False,False,3
POST_00497,2025-03-01 05:12:00,Facebook,Post,Lifestyle,4748,3,557,24911,427,130828,4.06,5,Saturday,5,1720,Negative,Macro,True,False,False,False,3
POST_02965,2025-03-01 05:44:00,TikTok,Video,Technology,5330,1154,2083,435818,1596,182293,4.7,5,Saturday,14,157,Neutral,Macro,True,True,False,False,3
POST_04994,2025-03-01 23:19:00,Facebook,Video,Health,1357,250,158,61752,452,394365,0.45,23,Saturday,9,84,Positive,Macro,False,True,False,False,3
POST_04714,2025-03-02 04:48:00,TikTok,Duet,Education,11552,1038,3377,432797,1467,242483,6.58,4,Sunday,7,190,Positive,Macro,True,False,False,False,3
POST_02629,2025-03-02 05:10:00,Facebook,Story,Fashion,4000,114,457,14427,329,62355,7.33,5,Sunday,7,121,Positive,Mid-tier,False,False,False,False,3
POST_01067,2025-03-02 13:09:00,Instagram,Story,Travel,155,262,197,43652,986,334923,0.18,13,Sunday,23,386,Negative,Macro,True,False,False,False,3
POST_04235,2025-03-02 20:18:00,Instagram,Reel,Food,3818,229,149,30584,801,112425,3.73,20,Sunday,14,494,Negative,Macro,True,False,False,False,3
POST_03019,2025-03-04 05:48:00,Instagram,Story,Education,5246,488,238,45239,300,328734,1.82,5,Tuesday,17,1058,Negative,Macro,True,False,False,False,3
POST_00717,2025-03-04 05:52:00,TikTok,Duet,Lifestyle,25866,1668,3677,288374,2346,110458,28.26,5,Tuesday,7,166,Negative,Macro,True,False,False,True,3
POST_04550,2025-03-04 07:20:00,TikTok,Video,Fitness,40345,764,3142,116086,2506,298160,14.84,7,Tuesday,19,368,Positive,Macro,True,False,False,True,3
POST_01721,2025-03-04 12:24:00,Instagram,Photo,Travel,192,374,139,37849,446,279588,0.25,12,Tuesday,5,173,Positive,Macro,True,False,False,False,3
POST_04687,2025-03-04 17:31:00,Instagram,Carousel,Travel,452,420,68,13414,378,295749,0.32,17,Tuesday,4,88,Positive,Macro,True,False,False,False,3
POST_04454,2025-03-04 22:29:00,TikTok,Video,Entertainment,12918,1558,4132,327253,519,421189,4.42,22,Tuesday,11,70,Neutral,Macro,True,False,False,False,3
POST_00011,2025-03-05 07:28:00,Instagram,Carousel,Entertainment,5642,404,81,6777,430,87809,6.98,7,Wednesday,19,1194,Neutral,Mid-tier,False,False,False,False,3
POST_04925,2025-03-05 12:56:00,Instagram,Photo,Gaming,3482,438,124,19268,617,54736,7.39,12,Wednesday,23,1810,Positive,Mid-tier,True,True,False,False,3
POST_00605,2025-03-05 14:21:00,Instagram,Reel,Entertainment,8589,244,59,24898,704,359583,2.47,14,Wednesday,4,66,Positive,Macro,True,False,False,False,3
POST_04825,2025-03-05 16:13:00,Facebook,Live,Technology,1219,92,842,78379,445,147101,1.46,16,Wednesday,26,528,Negative,Macro,True,True,False,False,3
POST_02234,2025-03-05 22:48:00,TikTok,Video,Technology,10794,723,198,117696,1979,272247,4.3,22,Wednesday,14,479,Neutral,Macro,False,False,False,False,3
POST_00297,2025-03-06 15:06:00,TikTok,Video,Fitness,30428,1081,3101,449648,85,221299,15.64,15,Thursday,4,405,Positive,Macro,True,True,False,True,3
POST_03413,2025-03-06 19:46:00,Instagram,Reel,Technology,368,47,160,44124,974,81619,0.7,19,Thursday,24,156,Positive,Mid-tier,True,False,False,False,3
POST_00206,2025-03-06 21:24:00,Instagram,Story,Fitness,4605,65,122,23746,555,173848,2.76,21,Thursday,4,896,Positive,Macro,True,False,False,False,3
POST_04702,2025-03-07 07:13:00,Instagram,Carousel,Lifestyle,8942,246,64,23984,706,72600,12.74,7,Friday,29,618,Positive,Mid-tier,True,False,False,False,3
POST_00272,2025-03-07 08:53:00,TikTok,Video,Sports,44753,379,3670,274693,1159,376305,12.97,8,Friday,24,523,Neutral,Macro,True,False,False,False,3
POST_01195,2025-03-07 09:30:00,Instagram,Carousel,Sports,2465,396,297,11460,354,55887,5.65,9,Friday,19,1199,Negative,Mid-tier,True,True,False,False,3
POST_04515,2025-03-07 15:35:00,Facebook,Post,Business,6554,338,482,26584,310,235086,3.14,15,Friday,7,1443,Positive,Macro,True,False,False,False,3
POST_03907,2025-03-07 15:46:00,Facebook,Video,Business,1359,116,540,26180,469,153958,1.31,15,Friday,26,201,Negative,Macro,False,False,False,False,3
POST_00551,2025-03-07 16:07:00,Facebook,Story,Entertainment,6657,339,726,77110,105,239692,3.22,16,Friday,27,1029,Positive,Macro,False,False,False,False,3
POST_00006,2025-03-08 01:01:00,Instagram,Photo,Travel,296,222,32,23586,655,327421,0.17,1,Saturday,13,79,Positive,Macro,True,False,False,False,3
POST_03410,2025-03-08 03:52:00,Instagram,Photo,Health,232,228,165,38764,714,408047,0.15,3,Saturday,20,917,Positive,Macro,True,True,False,False,3
POST_00014,2025-03-08 10:17:00,Instagram,Photo,Health,5746,225,287,23493,108,280346,2.23,10,Saturday,4,396,Positive,Macro,True,False,False,False,3
POST_00158,2025-03-09 08:02:00,TikTok,Duet,Technology,9717,1550,550,242225,2883,344365,3.43,8,Sunday,3,84,Positive,Macro,True,False,False,False,3
POST_03799,2025-03-09 17:28:00,Instagram,Carousel,Entertainment,1756,46,61,41834,598,461058,0.4,17,Sunday,27,1455,Neutral,Macro,False,False,False,False,3
POST_04725,2025-03-09 21:56:00,Instagram,Reel,Gaming,5981,117,195,10109,952,126986,4.96,21,Sunday,2,88,Positive,Macro,True,False,False,False,3
POST_00116,2025-03-09 22:46:00,TikTok,Stitch,Technology,6977,884,3829,441587,2157,395123,2.96,22,Sunday,8,324,Neutral,Macro,True,False,False,False,3
POST_02809,2025-03-10 19:00:00,Facebook,Video,Gaming,5643,145,586,55516,401,378692,1.68,19,Monday,22,489,Neutral,Macro,True,True,False,False,3
POST_04209,2025-03-10 23:15:00,Instagram,Carousel,Gaming,7468,436,148,27007,503,371512,2.17,23,Monday,25,624,Positive,Macro,False,True,False,False,3
POST_02805,2025-03-11 19:11:00,Facebook,Video,Fashion,6046,343,157,33108,452,434390,1.51,19,Tuesday,20,557,Neutral,Macro,False,True,False,False,3
POST_04418,2025-03-11 22:09:00,Instagram,Carousel,Sports,4794,110,70,45233,201,29736,16.73,22,Tuesday,9,668,Positive,Micro,True,True,False,True,3
POST_03052,2025-03-12 08:44:00,Facebook,Live,Lifestyle,3071,297,14,45033,264,81607,4.14,8,Wednesday,6,38,Positive,Mid-tier,True,False,False,False,3
POST_02728,2025-03-12 12:11:00,Instagram,Carousel,Gaming,6410,483,115,25312,485,164830,4.25,12,Wednesday,20,1479,Neutral,Macro,True,False,False,False,3
POST_02136,2025-03-12 20:37:00,TikTok,Duet,Health,2944,1213,2753,222412,2720,36189,19.09,20,Wednesday,22,363,Neutral,Micro,True,False,False,True,3
POST_04223,2025-03-13 08:44:00,TikTok,Duet,Business,11567,17,2539,113715,2193,168071,8.4,8,Thursday,24,320,Negative,Macro,True,False,False,False,3
POST_03546,2025-03-13 09:36:00,Instagram,Reel,Fitness,6207,285,45,26476,304,42732,15.3,9,Thursday,25,15,Neutral,Micro,True,False,False,True,3
POST_03139,2025-03-13 11:24:00,Facebook,Story,Business,2181,356,747,43850,216,70168,4.68,11,Thursday,0,204,Negative,Mid-tier,True,False,False,False,3
POST_04656,2025-03-13 12:09:00,Instagram,Story,Food,6529,30,122,30484,371,443142,1.51,12,Thursday,3,1764,Negative,Macro,True,False,False,False,3
POST_02638,2025-03-13 17:04:00,TikTok,Duet,Fitness,19715,868,3571,325954,145,122280,19.75,17,Thursday,22,403,Positive,Macro,False,True,False,True,3
POST_01063,2025-03-13 17:31:00,TikTok,Duet,Health,3775,629,972,352364,2898,304267,1.77,17,Thursday,11,415,Positive,Macro,True,False,False,False,3
POST_04504,2025-03-14 05:34:00,Instagram,Reel,Travel,2571,172,187,19586,28,410491,0.71,5,Friday,28,133,Neutral,Macro,True,False,False,False,3
POST_01315,2025-03-14 05:39:00,Facebook,Post,Gaming,4782,99,792,47315,34,494011,1.15,5,Friday,21,1845,Negative,Macro,True,False,False,False,3
POST_03251,2025-03-14 06:54:00,Facebook,Live,Technology,7760,261,242,61461,352,464013,1.78,6,Friday,9,433,Neutral,Macro,True,False,False,False,3
POST_04828,2025-03-14 10:48:00,Instagram,Photo,Fashion,3360,77,73,37943,526,40781,8.61,10,Friday,1,1163,Neutral,Micro,True,False,False,False,3
POST_03028,2025-03-14 23:55:00,Facebook,Post,Lifestyle,4214,377,401,13451,154,198056,2.52,23,Friday,5,713,Neutral,Macro,True,False,False,False,3
POST_01264,2025-03-15 12:00:00,Facebook,Post,Education,6561,281,785,19440,422,325322,2.34,12,Saturday,3,1018,Positive,Macro,True,False,False,False,3
POST_03961,2025-03-15 20:15:00,Facebook,Video,Food,2406,335,458,69795,771,190086,1.68,20,Saturday,7,197,Neutral,Macro,True,True,False,False,3
POST_00615,2025-03-16 03:18:00,TikTok,Stitch,Sports,14319,1627,2076,448888,1633,114323,15.76,3,Sunday,14,296,Negative,Macro,True,True,False,True,3
POST_00624,2025-03-16 05:08:00,Facebook,Story,Fashion,6083,316,610,33864,613,338155,2.07,5,Sunday,6,1679,Positive,Macro,True,False,False,False,3
POST_02308,2025-03-16 09:38:00,Facebook,Post,Lifestyle,3417,116,171,75775,269,57464,6.45,9,Sunday,14,1892,Positive,Mid-tier,True,True,False,False,3
POST_00199,2025-03-17 02:42:00,TikTok,Video,Business,10512,884,236,382207,1659,350765,3.32,2,Monday,12,138,Negative,Macro,True,False,False,False,3
POST_02120,2025-03-17 16:26:00,TikTok,Video,Entertainment,41320,1533,3212,386785,1313,39991,115.19,16,Monday,20,596,Positive,Micro,False,True,False,True,3
POST_03813,2025-03-18 06:39:00,Instagram,Reel,Food,5835,82,141,34791,99,57778,10.48,6,Tuesday,11,233,Positive,Mid-tier,False,False,False,False,3
POST_03992,2025-03-18 13:23:00,Instagram,Carousel,Fitness,8914,236,161,40050,569,70513,13.2,13,Tuesday,4,1045,Neutral,Mid-tier,False,False,False,False,3
POST_02867,2025-03-18 19:58:00,Facebook,Video,Health,3779,262,880,70769,273,460698,1.07,19,Tuesday,12,302,Positive,Macro,True,False,False,False,3
POST_03526,2025-03-18 23:51:00,Instagram,Carousel,Fitness,4597,465,264,32729,844,437987,1.22,23,Tuesday,26,1600,Positive,Macro,True,True,False,False,3
POST_00298,2025-03-19 11:40:00,Instagram,Carousel,Technology,5173,48,57,49181,264,180984,2.92,11,Wednesday,7,1931,Positive,Macro,False,False,False,False,3
POST_04508,2025-03-20 00:22:00,Instagram,Carousel,Travel,9745,172,92,46670,732,48763,20.53,0,Thursday,9,863,Positive,Micro,True,False,False,True,3
POST_01599,2025-03-20 05:03:00,Instagram,Reel,Sports,789,93,93,46066,51,455438,0.21,5,Thursday,11,570,Positive,Macro,True,True,False,False,3
POST_04380,2025-03-20 09:36:00,Facebook,Live,Entertainment,2308,143,622,46620,56,260871,1.18,9,Thursday,12,180,Neutral,Macro,True,False,False,False,3
POST_02353,2025-03-20 10:00:00,Facebook,Post,Entertainment,5195,91,702,74902,708,12481,47.98,10,Thursday,26,933,Positive,Micro,True,False,False,True,3
POST_04623,2025-03-20 11:09:00,Instagram,Photo,Gaming,1994,374,209,3883,953,442080,0.58,11,Thursday,23,1970,Positive,Macro,True,True,False,False,3
POST_02455,2025-03-20 13:59:00,Facebook,Story,Lifestyle,2029,55,644,78103,511,52132,5.23,13,Thursday,19,506,Positive,Mid-tier,True,False,False,False,3
POST_03030,2025-03-20 18:14:00,Facebook,Post,Food,136,347,941,29762,356,434779,0.33,18,Thursday,1,1581,Positive,Macro,True,False,False,False,3
POST_01754,2025-03-20 20:27:00,Instagram,Photo,Education,1130,244,258,37721,210,335406,0.49,20,Thursday,13,338,Positive,Macro,True,False,False,False,3
POST_03535,2025-03-20 20:27:00,Instagram,Story,Travel,6437,335,139,11791,528,11520,59.99,20,Thursday,21,1064,Negative,Micro,True,False,False,True,3
POST_03956,2025-03-20 22:04:00,TikTok,Stitch,Business,18641,688,3548,172399,1882,396293,5.77,22,Thursday,29,109,Positive,Macro,True,False,False,False,3
POST_00300,2025-03-21 05:46:00,Instagram,Carousel,Business,9520,470,278,21826,511,291128,3.53,5,Friday,4,869,Positive,Macro,True,False,False,False,3
POST_02995,2025-03-21 08:21:00,Instagram,Story,Lifestyle,2417,169,209,17131,441,97991,2.85,8,Friday,20,226,Negative,Mid-tier,True,False,False,False,3
POST_03355,2025-03-21 13:20:00,Instagram,Story,Health,9705,202,288,29736,378,305946,3.33,13,Friday,22,1024,Positive,Macro,True,False,False,False,3
POST_01982,2025-03-21 20:52:00,TikTok,Duet,Fashion,41374,1469,3479,156628,2996,245278,18.89,20,Friday,2,274,Neutral,Macro,True,False,False,True,3
POST_02781,2025-03-21 22:58:00,Instagram,Photo,Travel,7495,468,190,25993,187,351332,2.32,22,Friday,16,866,Neutral,Macro,True,False,False,False,3
POST_00629,2025-03-22 00:29:00,Instagram,Photo,Travel,1175,378,283,8475,815,145421,1.26,0,Saturday,0,1535,Neutral,Macro,False,False,False,False,3
POST_03010,2025-03-22 04:13:00,Instagram,Carousel,Lifestyle,9679,298,36,16033,401,151362,6.62,4,Saturday,6,1561,Neutral,Macro,True,False,False,False,3
POST_03326,2025-03-22 06:31:00,TikTok,Video,Business,37675,1567,1781,105244,1856,441830,9.28,6,Saturday,12,108,Positive,Macro,True,True,False,False,3
POST_04861,2025-03-22 12:18:00,Facebook,Story,Business,3389,197,770,20846,482,456240,0.95,12,Saturday,18,680,Negative,Macro,True,True,False,False,3
POST_00638,2025-03-22 18:25:00,Instagram,Photo,Education,2465,130,214,31919,693,406223,0.69,18,Saturday,16,1841,Positive,Macro,True,True,False,False,3
POST_00725,2025-03-23 02:58:00,Facebook,Live,Business,3697,201,559,69158,99,101398,4.4,2,Sunday,12,46,Positive,Macro,True,False,False,False,3
POST_00637,2025-03-23 03:15:00,Facebook,Post,Travel,2957,216,749,47412,22,7180,54.62,3,Sunday,0,1019,Neutral,Nano,True,False,False,True,3
POST_01162,2025-03-23 07:53:00,Instagram,Reel,Travel,5156,345,299,42740,733,342024,1.7,7,Sunday,29,152,Positive,Macro,True,False,False,False,3
POST_04863,2025-03-23 20:18:00,Instagram,Photo,Entertainment,461,450,151,42807,408,147967,0.72,20,Sunday,26,567,Neutral,Macro,False,False,False,False,3
POST_00798,2025-03-24 01:08:00,Facebook,Post,Education,5932,18,518,28093,37,477218,1.36,1,Monday,19,1433,Positive,Macro,True,True,False,False,3
POST_03607,2025-03-24 07:32:00,TikTok,Stitch,Technology,18362,19,3650,160126,1333,20842,105.7,7,Monday,10,164,Positive,Micro,True,False,False,True,3
POST_01217,2025-03-24 09:53:00,Instagram,Carousel,Business,5388,278,148,16191,865,81199,7.16,9,Monday,8,1854,Positive,Mid-tier,True,False,False,False,3
POST_00674,2025-03-24 14:33:00,Facebook,Video,Education,7990,28,181,53598,436,216973,3.78,14,Monday,3,386,Negative,Macro,True,False,False,False,3
POST_03636,2025-03-24 14:53:00,Facebook,Story,Technology,6530,386,563,44797,716,318814,2.35,14,Monday,0,691,Positive,Macro,True,False,False,False,3
POST_01818,2025-03-24 19:17:00,TikTok,Duet,Health,44327,835,1105,272590,1979,51337,90.12,19,Monday,10,220,Positive,Mid-tier,True,True,False,True,3
POST_02329,2025-03-24 23:00:00,Facebook,Story,Entertainment,1569,364,862,18786,664,154626,1.81,23,Monday,14,1720,Negative,Macro,True,True,False,False,3
POST_01583,2025-03-24 23:26:00,Facebook,Story,Health,1637,97,820,57105,333,309501,0.83,23,Monday,16,1944,Positive,Macro,True,False,False,False,3
POST_01250,2025-03-24 23:44:00,Facebook,Live,Sports,3903,50,321,27632,554,118158,3.62,23,Monday,26,292,Positive,Macro,True,False,False,False,3
POST_02164,2025-03-25 00:12:00,TikTok,Duet,Sports,41419,185,504,235804,2130,369134,11.41,0,Tuesday,3,84,Positive,Macro,False,True,False,False,3
POST_02368,2025-03-25 23:12:00,Facebook,Story,Food,4506,318,541,28282,401,143563,3.74,23,Tuesday,19,1134,Positive,Macro,True,False,False,False,3
POST_03486,2025-03-26 01:12:00,Facebook,Story,Sports,2091,58,407,64629,206,43617,5.86,1,Wednesday,2,1589,Neutral,Micro,True,False,False,False,3
POST_00656,2025-03-26 02:30:00,Instagram,Reel,Fashion,3072,29,147,34815,96,341484,0.95,2,Wednesday,11,151,Neutral,Macro,True,True,False,False,3
POST_01374,2025-03-26 11:46:00,Facebook,Live,Education,4654,175,978,32215,222,374917,1.55,11,Wednesday,11,60,Neutral,Macro,True,False,False,False,3
POST_00862,2025-03-26 13:30:00,Facebook,Video,Lifestyle,6871,80,394,41025,575,238704,3.08,13,Wednesday,22,580,Neutral,Macro,True,True,False,False,3
POST_01621,2025-03-26 14:16:00,Facebook,Live,Fashion,890,296,645,26375,399,328217,0.56,14,Wednesday,18,311,Neutral,Macro,True,False,False,False,3
POST_03108,2025-03-27 08:23:00,Instagram,Photo,Lifestyle,8067,260,142,13785,402,427102,1.98,8,Thursday,14,1204,Positive,Macro,True,False,False,False,3
POST_04791,2025-03-27 11:32:00,Instagram,Carousel,Food,4986,382,72,45416,347,222293,2.45,11,Thursday,8,1179,Positive,Macro,True,False,False,False,3
POST_03888,2025-03-28 01:19:00,Facebook,Video,Technology,2903,134,201,11074,427,8402,38.54,1,Friday,25,517,Positive,Nano,True,True,False,True,3
POST_03995,2025-03-28 07:16:00,Facebook,Story,Entertainment,1215,342,891,39677,305,282252,0.87,7,Friday,5,1622,Neutral,Macro,True,True,False,False,3
POST_03122,2025-03-28 10:44:00,Instagram,Photo,Technology,8258,307,63,26142,77,269879,3.2,10,Friday,18,1943,Positive,Macro,True,False,False,False,3
POST_02906,2025-03-28 22:16:00,Instagram,Reel,Sports,4784,50,195,7005,730,28140,17.87,22,Friday,13,184,Neutral,Micro,True,False,False,True,3
POST_02341,2025-03-29 07:47:00,TikTok,Stitch,Lifestyle,10874,563,347,274189,1238,210644,5.59,7,Saturday,11,555,Positive,Macro,False,True,False,False,3
POST_01934,2025-03-29 07:58:00,Facebook,Video,Education,2578,179,804,10734,222,396528,0.9,7,Saturday,28,139,Positive,Macro,True,False,False,False,3
POST_00355,2025-03-29 09:55:00,Instagram,Story,Education,3655,489,73,44977,512,96779,4.36,9,Saturday,7,410,Neutral,Mid-tier,True,False,False,False,3
POST_01667,2025-03-29 10:17:00,Instagram,Photo,Fashion,5861,432,193,25472,225,135819,4.78,10,Saturday,22,1179,Negative,Macro,True,False,False,False,3
POST_00804,2025-03-30 02:36:00,Facebook,Post,Education,3207,38,420,11596,316,455581,0.8,2,Sunday,7,378,Neutral,Macro,True,False,False,False,3
POST_03249,2025-03-30 07:35:00,TikTok,Duet,Education,13392,217,1343,261817,1052,351641,4.25,7,Sunday,24,207,Positive,Macro,False,False,False,False,3
POST_00789,2025-03-30 11:28:00,Facebook,Story,Lifestyle,3607,191,162,52669,253,338186,1.17,11,Sunday,13,324,Positive,Macro,True,False,False,False,3
POST_00530,2025-03-30 14:15:00,TikTok,Video,Entertainment,16452,803,4710,408562,630,322979,6.8,14,Sunday,21,89,Positive,Macro,True,True,False,False,3
POST_03144,2025-03-30 23:26:00,Facebook,Post,Gaming,6130,38,954,76627,495,228624,3.12,23,Sunday,15,344,Positive,Macro,True,False,False,False,3
POST_04403,2025-03-31 04:36:00,Instagram,Carousel,Entertainment,9447,447,215,44139,408,33577,30.11,4,Monday,15,454,Positive,Micro,True,True,False,True,3
POST_02293,2025-03-31 04:44:00,Instagram,Carousel,Entertainment,9077,144,215,38834,27,274215,3.44,4,Monday,12,1778,Positive,Macro,True,True,False,False,3
POST_02767,2025-03-31 05:19:00,Facebook,Story,Gaming,1141,140,112,15670,151,162665,0.86,5,Monday,9,1392,Positive,Macro,True,True,False,False,3
POST_04371,2025-03-31 11:00:00,Instagram,Carousel,Food,5182,413,59,31093,865,30295,18.66,11,Monday,3,1947,Positive,Micro,True,False,False,True,3
POST_02273,2025-03-31 11:47:00,Facebook,Video,Business,1921,113,620,47406,789,178512,1.49,11,Monday,27,508,Positive,Macro,True,False,False,False,3
POST_04570,2025-04-01 03:04:00,TikTok,Duet,Entertainment,16947,1007,3026,170518,914,300749,6.98,3,Tuesday,8,210,Neutral,Macro,True,True,False,False,4
POST_04288,2025-04-01 03:30:00,Facebook,Post,Food,488,189,682,58770,416,374697,0.36,3,Tuesday,1,1465,Positive,Macro,True,False,False,False,4
POST_01514,2025-04-01 04:02:00,Instagram,Reel,Business,3853,234,266,23291,119,329356,1.32,4,Tuesday,25,427,Neutral,Macro,True,False,False,False,4
POST_04622,2025-04-01 07:46:00,TikTok,Stitch,Technology,7470,560,645,493268,1928,163102,5.32,7,Tuesday,7,453,Negative,Macro,True,True,False,False,4
POST_02037,2025-04-01 11:49:00,Instagram,Reel,Sports,9486,396,65,28877,805,492694,2.02,11,Tuesday,10,395,Neutral,Macro,True,True,False,False,4
POST_03675,2025-04-01 20:13:00,Facebook,Post,Gaming,4953,325,631,69934,279,413148,1.43,20,Tuesday,8,1349,Negative,Macro,True,False,False,False,4
POST_02262,2025-04-02 02:24:00,Facebook,Video,Education,2892,87,288,27725,139,30172,10.83,2,Wednesday,7,233,Positive,Micro,True,False,False,False,4
POST_02778,2025-04-02 06:13:00,Instagram,Photo,Fashion,277,294,294,32029,202,70442,1.23,6,Wednesday,14,1026,Negative,Mid-tier,True,False,False,False,4
POST_04677,2025-04-02 23:50:00,Instagram,Story,Fashion,5287,346,280,48095,884,453745,1.3,23,Wednesday,14,656,Positive,Macro,True,True,False,False,4
POST_03746,2025-04-04 04:55:00,Instagram,Carousel,Fashion,4494,409,8,13311,861,406981,1.21,4,Friday,21,356,Positive,Macro,True,False,False,False,4
POST_01636,2025-04-04 05:10:00,Instagram,Carousel,Fitness,495,6,237,15937,481,367316,0.2,5,Friday,9,1262,Negative,Macro,True,False,False,False,4
POST_04476,2025-04-04 05:43:00,Facebook,Video,Lifestyle,5046,212,509,31502,322,466927,1.24,5,Friday,17,478,Neutral,Macro,True,False,False,False,4
POST_00711,2025-04-04 07:34:00,TikTok,Stitch,Travel,27186,110,3107,109132,1969,221613,13.72,7,Friday,8,47,Positive,Macro,True,False,False,False,4
POST_02536,2025-04-04 17:08:00,TikTok,Video,Fashion,37560,164,3260,128675,321,265131,15.46,17,Friday,8,531,Positive,Macro,False,True,False,True,4
POST_00803,2025-04-05 11:23:00,Facebook,Live,Fashion,2596,260,857,63483,759,112192,3.31,11,Saturday,18,271,Positive,Macro,True,True,False,False,4
POST_03587,2025-04-05 18:15:00,Facebook,Story,Technology,2469,171,447,61446,157,187237,1.65,18,Saturday,28,1516,Neutral,Macro,False,True,False,False,4
POST_04844,2025-04-05 20:37:00,Instagram,Carousel,Gaming,3257,199,50,14419,516,2912,120.4,20,Saturday,26,1110,Neutral,Nano,True,False,False,True,4
POST_04927,2025-04-06 05:11:00,Facebook,Live,Business,36,122,391,18557,648,339353,0.16,5,Sunday,21,580,Neutral,Macro,True,False,False,False,4
POST_00892,2025-04-06 17:17:00,TikTok,Video,Technology,19154,1961,1821,179682,226,212381,10.8,17,Sunday,1,103,Positive,Macro,True,False,False,False,4
POST_01290,2025-04-06 19:03:00,Instagram,Reel,Business,8591,409,176,21521,64,24690,37.16,19,Sunday,13,76,Neutral,Micro,False,False,False,True,4
POST_04269,2025-04-07 19:43:00,TikTok,Stitch,Lifestyle,4976,1716,4145,403544,1136,227862,4.76,19,Monday,6,213,Positive,Macro,True,True,False,False,4
POST_01871,2025-04-08 03:06:00,TikTok,Duet,Lifestyle,40529,536,4448,340209,223,141157,32.24,3,Tuesday,9,128,Neutral,Macro,True,True,False,True,4
POST_02323,2025-04-08 08:44:00,Facebook,Video,Health,4118,225,874,65979,269,406570,1.28,8,Tuesday,9,127,Neutral,Macro,True,True,False,False,4
POST_01495,2025-04-08 17:47:00,Facebook,Story,Lifestyle,1297,17,230,74210,300,417401,0.37,17,Tuesday,6,1346,Positive,Macro,False,False,False,False,4
POST_00574,2025-04-09 12:26:00,Facebook,Video,Health,6610,17,694,55449,594,328670,2.23,12,Wednesday,19,102,Neutral,Macro,True,True,False,False,4
POST_02107,2025-04-09 19:37:00,TikTok,Video,Entertainment,36058,862,1644,82656,1661,421845,9.14,19,Wednesday,22,418,Positive,Macro,True,False,False,False,4
POST_03443,2025-04-09 21:31:00,Instagram,Carousel,Sports,9998,329,147,30128,269,115050,9.1,21,Wednesday,19,1081,Neutral,Macro,True,False,False,False,4
POST_03415,2025-04-09 22:01:00,TikTok,Video,Business,15070,468,3906,103328,1204,379220,5.13,22,Wednesday,13,61,Negative,Macro,True,True,False,False,4
POST_04048,2025-04-10 01:23:00,Facebook,Post,Business,3385,52,39,33791,675,17445,19.93,1,Thursday,15,52,Neutral,Micro,True,True,False,True,4
POST_03930,2025-04-10 01:31:00,Instagram,Reel,Entertainment,8624,473,272,21100,416,392569,2.39,1,Thursday,21,194,Negative,Macro,True,False,False,False,4
POST_04812,2025-04-10 01:34:00,TikTok,Stitch,Business,36599,1583,480,217902,2352,355241,10.88,1,Thursday,28,160,Negative,Macro,True,False,False,False,4
POST_04780,2025-04-10 10:10:00,Instagram,Reel,Technology,5534,90,66,33321,639,450290,1.26,10,Thursday,19,52,Positive,Macro,False,False,False,False,4
POST_01868,2025-04-10 10:35:00,Instagram,Carousel,Business,8741,33,280,36808,601,313991,2.88,10,Thursday,1,443,Negative,Macro,True,False,False,False,4
POST_04726,2025-04-10 17:45:00,Instagram,Carousel,Gaming,68,344,94,9382,918,18711,2.7,17,Thursday,6,717,Negative,Micro,True,True,False,False,4
POST_00432,2025-04-11 10:55:00,TikTok,Video,Fitness,38780,404,3617,329332,2382,236157,18.12,10,Friday,24,512,Neutral,Macro,True,False,False,True,4
POST_01679,2025-04-12 01:58:00,Instagram,Story,Fitness,457,186,147,29733,439,446349,0.18,1,Saturday,19,1054,Positive,Macro,True,True,False,False,4
POST_04067,2025-04-12 11:44:00,Instagram,Photo,Lifestyle,2454,158,219,6159,139,269466,1.05,11,Saturday,6,577,Positive,Macro,True,False,False,False,4
POST_00420,2025-04-12 17:09:00,TikTok,Duet,Travel,36546,1824,356,334347,959,337296,11.48,17,Saturday,12,35,Positive,Macro,True,False,False,False,4
POST_00768,2025-04-13 01:18:00,TikTok,Video,Food,38981,525,326,209739,581,355296,11.21,1,Sunday,8,28,Positive,Macro,True,True,False,False,4
POST_01746,2025-04-13 04:20:00,Facebook,Story,Fashion,2164,79,893,55554,153,436383,0.72,4,Sunday,1,472,Neutral,Macro,True,True,False,False,4
POST_00880,2025-04-13 07:13:00,Instagram,Story,Education,2543,112,133,8088,913,252915,1.1,7,Sunday,0,1366,Negative,Macro,True,False,False,False,4
POST_02518,2025-04-13 17:59:00,Facebook,Story,Health,4974,245,674,53323,334,62744,9.39,17,Sunday,21,52,Positive,Mid-tier,True,True,False,False,4
POST_01301,2025-04-13 18:47:00,Instagram,Story,Lifestyle,8791,449,88,25000,842,238700,3.91,18,Sunday,19,1531,Neutral,Macro,True,False,False,False,4
POST_01275,2025-04-13 19:11:00,Facebook,Live,Sports,6268,276,557,31816,130,78010,9.1,19,Sunday,10,308,Neutral,Mid-tier,True,False,False,False,4
POST_01645,2025-04-14 00:50:00,Instagram,Story,Health,1245,90,47,25933,195,204606,0.68,0,Monday,8,353,Negative,Macro,True,False,False,False,4
POST_03456,2025-04-14 02:00:00,Instagram,Carousel,Technology,8576,191,185,17808,990,4438,200.0,2,Monday,25,175,Neutral,Nano,False,False,False,True,4
POST_04839,2025-04-14 04:31:00,Instagram,Photo,Gaming,8410,103,71,13960,638,134431,6.39,4,Monday,21,229,Neutral,Macro,True,False,False,False,4
POST_02613,2025-04-14 15:54:00,Instagram,Story,Lifestyle,4719,367,133,20508,210,364945,1.43,15,Monday,23,1035,Positive,Macro,True,False,False,False,4
POST_00557,2025-04-14 20:01:00,Instagram,Story,Fitness,8695,447,278,42907,485,249068,3.78,20,Monday,5,210,Neutral,Macro,True,False,False,False,4
POST_00978,2025-04-14 20:16:00,Instagram,Reel,Education,4818,254,252,12698,288,92338,5.77,20,Monday,6,213,Neutral,Mid-tier,True,False,False,False,4
POST_03288,2025-04-15 01:02:00,TikTok,Duet,Gaming,21406,603,773,231556,1637,281145,8.1,1,Tuesday,10,35,Positive,Macro,False,False,False,False,4
POST_03819,2025-04-15 19:21:00,TikTok,Video,Fashion,2419,834,229,403050,2890,447059,0.78,19,Tuesday,23,148,Neutral,Macro,True,False,False,False,4
POST_00299,2025-04-15 22:09:00,Facebook,Live,Entertainment,2817,116,753,56492,181,465998,0.79,22,Tuesday,23,399,Negative,Macro,False,False,False,False,4
POST_04493,2025-04-16 10:19:00,Facebook,Story,Education,2940,59,404,12398,141,197563,1.72,10,Wednesday,26,450,Negative,Macro,True,True,False,False,4
POST_02225,2025-04-16 10:44:00,Instagram,Carousel,Business,1812,402,250,23522,502,408765,0.6,10,Wednesday,15,343,Positive,Macro,True,True,False,False,4
POST_01042,2025-04-16 11:09:00,TikTok,Duet,Food,21296,1130,1420,144830,1523,442063,5.39,11,Wednesday,10,205,Neutral,Macro,False,True,False,False,4
POST_03745,2025-04-16 14:42:00,Instagram,Reel,Health,1983,101,8,28933,21,360806,0.58,14,Wednesday,25,524,Negative,Macro,True,False,False,False,4
POST_01508,2025-04-17 01:10:00,Facebook,Story,Sports,4865,308,592,61904,464,130537,4.42,1,Thursday,21,399,Neutral,Macro,True,False,False,False,4
POST_02747,2025-04-17 05:18:00,Facebook,Post,Gaming,5623,98,207,38110,75,75576,7.84,5,Thursday,2,457,Positive,Mid-tier,True,False,False,False,4
POST_04017,2025-04-17 10:50:00,TikTok,Video,Entertainment,5199,13,431,287873,1560,428120,1.32,10,Thursday,22,387,Neutral,Macro,True,False,False,False,4
POST_00469,2025-04-17 20:16:00,Instagram,Story,Technology,799,273,87,46611,345,123275,0.94,20,Thursday,29,1850,Neutral,Macro,True,True,False,False,4
POST_03178,2025-04-17 22:08:00,TikTok,Duet,Technology,27874,374,3959,182195,568,130484,24.68,22,Thursday,4,525,Positive,Macro,True,False,False,True,4
POST_01216,2025-04-17 22:13:00,Instagram,Story,Fitness,8820,380,219,15362,282,221035,4.26,22,Thursday,8,360,Neutral,Macro,True,False,False,False,4
POST_04065,2025-04-18 18:02:00,TikTok,Video,Health,18139,1714,2553,446923,108,371403,6.03,18,Friday,12,86,Positive,Macro,True,False,False,False,4
POST_04802,2025-04-18 21:05:00,Instagram,Story,Gaming,6694,377,69,30141,675,38361,18.61,21,Friday,27,1458,Positive,Micro,False,False,False,True,4
POST_01020,2025-04-18 21:51:00,Instagram,Story,Fitness,4621,49,33,10619,127,464636,1.01,21,Friday,29,472,Positive,Macro,True,False,False,False,4
POST_01072,2025-04-19 01:35:00,Instagram,Carousel,Health,7912,326,206,11163,770,494048,1.71,1,Saturday,3,1326,Positive,Macro,True,False,False,False,4
POST_03582,2025-04-19 04:30:00,TikTok,Duet,Sports,2500,1427,4390,94471,959,249191,3.34,4,Saturday,23,163,Positive,Macro,True,False,False,False,4
POST_04369,2025-04-19 20:24:00,Instagram,Story,Gaming,6862,76,45,13901,142,216195,3.23,20,Saturday,1,215,Neutral,Macro,True,False,False,False,4
POST_01039,2025-04-19 21:46:00,Instagram,Photo,Fitness,1672,403,99,18816,517,423457,0.51,21,Saturday,14,884,Positive,Macro,True,False,False,False,4
POST_00231,2025-04-20 01:35:00,TikTok,Video,Sports,12304,379,724,331958,875,498616,2.69,1,Sunday,2,278,Positive,Macro,True,True,False,False,4
POST_00863,2025-04-20 06:21:00,Facebook,Live,Education,1384,261,430,63965,13,217106,0.96,6,Sunday,15,241,Positive,Macro,True,False,False,False,4
POST_03897,2025-04-20 13:56:00,Instagram,Carousel,Food,9950,27,241,24539,730,342386,2.98,13,Sunday,6,1495,Positive,Macro,True,True,False,False,4
POST_04876,2025-04-20 13:58:00,Facebook,Story,Business,3514,164,696,48112,29,253970,1.72,13,Sunday,26,121,Positive,Macro,True,False,False,False,4
POST_03788,2025-04-20 17:26:00,Facebook,Story,Entertainment,606,308,776,51707,187,344812,0.49,17,Sunday,13,1499,Neutral,Macro,True,False,False,False,4
POST_00307,2025-04-20 18:39:00,Facebook,Story,Lifestyle,7377,183,239,72286,344,448967,1.74,18,Sunday,16,389,Positive,Macro,True,True,False,False,4
POST_00651,2025-04-20 18:48:00,Instagram,Carousel,Gaming,6261,232,124,47264,345,139444,4.75,18,Sunday,15,1374,Positive,Macro,False,False,False,False,4
POST_04805,2025-04-21 03:05:00,TikTok,Video,Technology,32741,971,4712,142045,1460,488718,7.86,3,Monday,25,185,Positive,Macro,True,True,False,False,4
POST_00994,2025-04-21 09:10:00,Facebook,Post,Business,1750,107,663,29692,381,345898,0.73,9,Monday,5,1768,Neutral,Macro,True,False,False,False,4
POST_02657,2025-04-21 20:50:00,TikTok,Duet,Gaming,43984,580,4879,88162,762,11201,200.0,20,Monday,11,35,Positive,Micro,True,True,False,True,4
POST_00869,2025-04-22 03:17:00,TikTok,Duet,Business,34679,308,191,320438,675,60461,58.18,3,Tuesday,18,101,Negative,Mid-tier,True,False,False,True,4
POST_03281,2025-04-22 06:18:00,Facebook,Post,Business,7128,230,906,57214,431,117317,7.04,6,Tuesday,3,1332,Positive,Macro,True,False,False,False,4
POST_01482,2025-04-22 10:26:00,Instagram,Photo,Health,1975,56,16,36663,450,101114,2.02,10,Tuesday,18,757,Positive,Macro,True,False,False,False,4
POST_01092,2025-04-22 17:41:00,Facebook,Story,Entertainment,3025,188,173,51659,267,178713,1.89,17,Tuesday,8,1524,Negative,Macro,False,True,False,False,4
POST_03933,2025-04-22 19:13:00,Facebook,Live,Fashion,4066,194,560,18364,483,319428,1.51,19,Tuesday,14,399,Positive,Macro,True,False,False,False,4
POST_02707,2025-04-23 01:06:00,Instagram,Carousel,Fitness,3465,34,230,26068,605,165589,2.25,1,Wednesday,26,1083,Positive,Macro,True,True,False,False,4
POST_04287,2025-04-23 05:57:00,TikTok,Stitch,Business,24612,1581,2823,457790,766,321496,9.03,5,Wednesday,2,239,Neutral,Macro,True,False,False,False,4
POST_04175,2025-04-23 09:10:00,TikTok,Duet,Lifestyle,12593,1251,1479,355998,1395,232982,6.58,9,Wednesday,8,332,Positive,Macro,False,False,False,False,4
POST_00100,2025-04-23 23:03:00,Instagram,Reel,Business,1866,257,133,26983,896,494722,0.46,23,Wednesday,29,516,Positive,Macro,False,False,False,False,4
POST_03611,2025-04-24 04:56:00,Facebook,Story,Health,704,345,118,34579,240,394462,0.3,4,Thursday,1,1438,Positive,Macro,True,False,False,False,4
POST_04456,2025-04-24 16:18:00,Instagram,Story,Business,8825,338,163,10688,851,180982,5.15,16,Thursday,15,1867,Neutral,Macro,True,True,False,False,4
POST_03457,2025-04-25 04:55:00,Facebook,Story,Business,2975,264,931,6229,351,61333,6.8,4,Friday,1,739,Neutral,Mid-tier,False,False,False,False,4
POST_00445,2025-04-25 08:21:00,TikTok,Stitch,Food,28276,1305,2076,351872,1274,315388,10.04,8,Friday,17,163,Positive,Macro,False,False,False,False,4
POST_01096,2025-04-25 10:58:00,Instagram,Photo,Fitness,1226,315,138,21764,158,287775,0.58,10,Friday,0,1275,Positive,Macro,True,False,False,False,4
POST_01849,2025-04-25 15:55:00,TikTok,Duet,Gaming,29970,1887,1843,427698,2436,111777,30.15,15,Friday,4,500,Neutral,Macro,True,False,False,True,4
POST_00756,2025-04-26 01:40:00,TikTok,Video,Entertainment,23040,1676,3100,435538,1788,376713,7.38,1,Saturday,28,269,Neutral,Macro,True,False,False,False,4
POST_00884,2025-04-26 09:34:00,Instagram,Photo,Health,479,73,32,20665,612,481326,0.12,9,Saturday,14,340,Positive,Macro,True,False,False,False,4
POST_02497,2025-04-27 00:21:00,Facebook,Video,Gaming,3563,233,399,29415,719,269876,1.55,0,Sunday,9,373,Neutral,Macro,True,True,False,False,4
POST_01398,2025-04-27 02:01:00,Instagram,Reel,Lifestyle,547,340,5,30523,107,204755,0.44,2,Sunday,26,570,Neutral,Macro,True,True,False,False,4
POST_01003,2025-04-27 17:51:00,TikTok,Stitch,Gaming,4258,518,2359,163810,1737,258687,2.76,17,Sunday,14,23,Neutral,Macro,True,True,False,False,4
POST_00959,2025-04-28 03:43:00,Instagram,Photo,Business,7416,93,249,18742,88,292429,2.65,3,Monday,25,1955,Negative,Macro,True,False,False,False,4
POST_04554,2025-04-28 08:58:00,TikTok,Duet,Education,36696,575,2340,102196,950,200465,19.76,8,Monday,23,15,Neutral,Macro,True,False,False,True,4
POST_04011,2025-04-28 20:32:00,Instagram,Story,Technology,4169,197,295,27252,562,176446,2.64,20,Monday,4,1055,Neutral,Macro,True,False,False,False,4
POST_03724,2025-04-29 01:47:00,Instagram,Reel,Sports,2422,155,35,18543,888,198675,1.31,1,Tuesday,8,590,Neutral,Macro,True,True,False,False,4
POST_03602,2025-04-29 03:31:00,Facebook,Story,Fashion,2901,263,391,42171,353,276227,1.29,3,Tuesday,27,512,Negative,Macro,True,False,False,False,4
POST_03879,2025-04-29 07:21:00,Facebook,Post,Lifestyle,3042,359,495,71474,364,242641,1.61,7,Tuesday,9,100,Positive,Macro,True,False,False,False,4
POST_04697,2025-04-30 04:58:00,Facebook,Live,Entertainment,5544,318,804,53452,281,167168,3.99,4,Wednesday,8,86,Positive,Macro,True,False,False,False,4
POST_04359,2025-04-30 05:03:00,Facebook,Video,Education,1714,94,586,63347,517,477793,0.5,5,Wednesday,1,403,Positive,Macro,True,False,False,False,4
POST_02861,2025-04-30 08:09:00,TikTok,Video,Food,46835,1819,4929,97881,2628,94822,56.51,8,Wednesday,5,293,Positive,Mid-tier,True,False,False,True,4
POST_03119,2025-04-30 09:48:00,Instagram,Carousel,Fashion,661,65,104,36791,402,117356,0.71,9,Wednesday,14,1780,Positive,Macro,False,False,False,False,4
POST_02991,2025-04-30 15:11:00,Instagram,Carousel,Travel,6709,37,166,21429,548,57233,12.08,15,Wednesday,8,1067,Negative,Mid-tier,True,False,False,False,4
POST_00901,2025-04-30 16:29:00,Instagram,Photo,Sports,3025,253,70,9745,636,45167,7.41,16,Wednesday,25,355,Positive,Micro,True,False,False,False,4
POST_00077,2025-05-01 17:10:00,TikTok,Video,Fashion,47823,462,3484,89179,717,493161,10.5,17,Thursday,13,180,Neutral,Macro,True,False,False,False,5
POST_04831,2025-05-01 17:44:00,TikTok,Duet,Travel,10334,81,510,314049,798,460360,2.37,17,Thursday,20,71,Negative,Macro,True,False,False,False,5
POST_04811,2025-05-02 03:17:00,Instagram,Photo,Education,1092,268,160,20990,17,126978,1.2,3,Friday,19,788,Negative,Macro,False,False,False,False,5
POST_02858,2025-05-02 09:30:00,Instagram,Reel,Fashion,7991,43,12,13411,418,412634,1.95,9,Friday,21,107,Positive,Macro,True,False,False,False,5
POST_00962,2025-05-02 15:41:00,Facebook,Video,Gaming,1969,30,274,56172,742,458605,0.5,15,Friday,15,466,Positive,Macro,True,False,False,False,5
POST_02470,2025-05-02 18:47:00,Facebook,Post,Lifestyle,7083,327,575,11735,497,278016,2.87,18,Friday,8,1021,Positive,Macro,True,False,False,False,5
POST_01726,2025-05-02 21:22:00,Instagram,Carousel,Fitness,3221,148,83,23616,580,95304,3.62,21,Friday,19,815,Neutral,Mid-tier,True,True,False,False,5
POST_04279,2025-05-02 21:54:00,Instagram,Reel,Education,9634,265,113,28097,636,488680,2.05,21,Friday,13,175,Positive,Macro,False,False,False,False,5
POST_02557,2025-05-03 04:32:00,Facebook,Post,Business,6400,65,175,69145,769,356949,1.86,4,Saturday,12,1341,Neutral,Macro,True,False,False,False,5
POST_02127,2025-05-03 07:58:00,Facebook,Post,Education,4169,155,930,29229,690,343898,1.53,7,Saturday,25,1837,Neutral,Macro,False,False,False,False,5
POST_02307,2025-05-03 09:00:00,Instagram,Photo,Sports,8033,117,5,37337,117,83445,9.77,9,Saturday,0,442,Neutral,Mid-tier,True,False,False,False,5
POST_04736,2025-05-03 10:41:00,Instagram,Story,Business,1722,281,256,34555,688,244516,0.92,10,Saturday,13,1587,Neutral,Macro,True,False,False,False,5
POST_03567,2025-05-03 14:44:00,Facebook,Live,Technology,4867,28,323,24510,285,5839,89.36,14,Saturday,29,135,Positive,Nano,True,True,False,True,5
POST_01823,2025-05-04 13:41:00,Facebook,Video,Business,449,51,308,35730,350,335091,0.24,13,Sunday,4,377,Neutral,Macro,True,False,False,False,5
POST_04329,2025-05-04 20:53:00,Instagram,Photo,Business,4119,137,169,16104,286,131252,3.37,20,Sunday,21,123,Neutral,Macro,True,False,False,False,5
POST_01088,2025-05-05 07:44:00,Instagram,Carousel,Technology,7496,289,99,15377,611,285118,2.77,7,Monday,7,1095,Positive,Macro,True,False,False,False,5
POST_00830,2025-05-05 16:26:00,Facebook,Video,Technology,2090,49,155,59382,651,252485,0.91,16,Monday,5,466,Neutral,Macro,True,True,False,False,5
POST_00766,2025-05-05 20:11:00,Facebook,Video,Business,5058,205,612,75774,756,416488,1.41,20,Monday,25,138,Neutral,Macro,False,False,False,False,5
POST_01611,2025-05-06 06:06:00,TikTok,Video,Entertainment,18606,1781,3363,359806,844,324070,7.33,6,Tuesday,4,388,Neutral,Macro,True,False,False,False,5
POST_00478,2025-05-09 03:15:00,Facebook,Post,Technology,6555,105,493,46916,661,180003,3.97,3,Friday,4,1276,Positive,Macro,True,False,False,False,5
POST_04351,2025-05-09 09:57:00,TikTok,Video,Fashion,25548,844,3344,349693,79,436591,6.81,9,Friday,27,283,Neutral,Macro,True,True,False,False,5
POST_04580,2025-05-09 13:33:00,Facebook,Story,Food,7619,261,629,43522,72,36242,23.48,13,Friday,19,85,Neutral,Micro,False,False,False,True,5
POST_02501,2025-05-09 19:46:00,TikTok,Stitch,Health,42902,1583,4464,284315,1595,201943,24.24,19,Friday,6,295,Positive,Macro,True,False,False,True,5
POST_02815,2025-05-09 22:23:00,Facebook,Live,Health,2771,35,269,57432,47,14416,21.33,22,Friday,11,572,Neutral,Micro,True,False,False,True,5
POST_00333,2025-05-10 08:46:00,Instagram,Carousel,Entertainment,8140,442,5,34379,672,251065,3.42,8,Saturday,17,1527,Neutral,Macro,True,False,False,False,5
POST_02062,2025-05-10 11:02:00,Facebook,Video,Entertainment,7304,69,203,50465,776,326687,2.32,11,Saturday,29,55,Positive,Macro,True,False,False,False,5
POST_00303,2025-05-10 14:27:00,Facebook,Story,Fitness,3064,74,252,79748,709,389713,0.87,14,Saturday,7,1450,Positive,Macro,True,False,False,False,5
POST_04379,2025-05-10 20:44:00,Instagram,Carousel,Lifestyle,4156,331,187,36689,388,404070,1.16,20,Saturday,4,1852,Neutral,Macro,True,True,False,False,5
POST_03493,2025-05-11 14:31:00,TikTok,Duet,Travel,4678,1535,1986,212156,923,77036,10.64,14,Sunday,21,473,Neutral,Mid-tier,True,False,False,False,5
POST_04810,2025-05-12 06:44:00,TikTok,Video,Technology,31749,708,4228,42236,2396,43211,84.9,6,Monday,27,424,Negative,Micro,True,False,False,True,5
POST_00112,2025-05-12 15:13:00,Instagram,Reel,Gaming,3586,94,68,19386,757,45517,8.23,15,Monday,2,599,Positive,Micro,True,False,False,False,5
POST_00612,2025-05-12 19:28:00,TikTok,Stitch,Entertainment,18802,1769,1694,308895,1012,249796,8.91,19,Monday,25,284,Neutral,Macro,True,False,False,False,5
POST_00118,2025-05-13 04:12:00,Instagram,Photo,Fashion,3096,37,45,33776,997,26476,12.0,4,Tuesday,11,696,Neutral,Micro,True,False,False,False,5
POST_03630,2025-05-13 08:21:00,Facebook,Live,Travel,479,59,431,66110,657,292929,0.33,8,Tuesday,15,421,Neutral,Macro,True,False,False,False,5
POST_00617,2025-05-13 16:42:00,Instagram,Reel,Health,6985,230,109,23060,32,358627,2.04,16,Tuesday,15,230,Negative,Macro,False,False,False,False,5
POST_02801,2025-05-13 21:27:00,TikTok,Video,Sports,23571,1115,4563,486167,1793,25680,113.9,21,Tuesday,10,147,Positive,Micro,True,False,False,True,5
POST_01833,2025-05-14 03:56:00,Facebook,Story,Sports,5730,69,437,16209,321,445214,1.4,3,Wednesday,8,748,Positive,Macro,False,True,False,False,5
POST_00451,2025-05-14 17:02:00,TikTok,Video,Entertainment,37290,1448,1441,186350,2733,46411,86.57,17,Wednesday,1,489,Positive,Micro,True,True,False,True,5
POST_04336,2025-05-14 23:25:00,Instagram,Reel,Travel,490,478,285,17295,823,161230,0.78,23,Wednesday,0,237,Neutral,Macro,True,False,False,False,5
POST_03321,2025-05-15 03:44:00,Facebook,Video,Entertainment,4591,227,178,46121,254,297904,1.68,3,Thursday,16,535,Positive,Macro,False,False,False,False,5
POST_03968,2025-05-15 06:46:00,Instagram,Photo,Lifestyle,9899,222,76,20286,246,469336,2.17,6,Thursday,21,1911,Positive,Macro,True,True,False,False,5
POST_00156,2025-05-15 08:57:00,Instagram,Reel,Entertainment,294,309,170,32661,365,59735,1.29,8,Thursday,21,257,Neutral,Mid-tier,True,False,False,False,5
POST_04365,2025-05-15 09:44:00,Instagram,Story,Sports,5039,335,247,27025,318,429828,1.31,9,Thursday,29,957,Negative,Macro,True,False,False,False,5
POST_01685,2025-05-15 19:28:00,Instagram,Reel,Education,1536,272,127,26492,771,377981,0.51,19,Thursday,26,544,Neutral,Macro,True,False,False,False,5
POST_04206,2025-05-15 20:44:00,Facebook,Video,Sports,3582,199,561,8437,387,310248,1.4,20,Thursday,26,111,Positive,Macro,True,False,False,False,5
POST_04438,2025-05-16 03:33:00,TikTok,Video,Entertainment,41255,210,4481,482902,1601,156492,29.36,3,Friday,27,342,Neutral,Macro,True,True,False,True,5
POST_01771,2025-05-16 11:48:00,Facebook,Video,Gaming,3978,355,905,15647,95,261664,2.0,11,Friday,27,225,Negative,Macro,True,False,False,False,5
POST_01607,2025-05-17 04:03:00,Instagram,Carousel,Technology,3994,287,161,27078,677,451427,0.98,4,Saturday,7,970,Positive,Macro,True,True,False,False,5
POST_03291,2025-05-18 13:08:00,Instagram,Story,Gaming,269,8,291,17263,911,240639,0.24,13,Sunday,23,420,Positive,Macro,True,False,False,False,5
POST_02212,2025-05-19 19:00:00,TikTok,Stitch,Education,45201,733,4655,112904,314,499815,10.12,19,Monday,12,294,Neutral,Macro,False,False,False,False,5
POST_00825,2025-05-20 00:23:00,Facebook,Post,Gaming,364,12,623,1910,586,153291,0.65,0,Tuesday,25,264,Neutral,Macro,True,True,False,False,5
POST_03246,2025-05-20 03:24:00,Instagram,Reel,Lifestyle,4154,434,295,33280,784,289699,1.69,3,Tuesday,18,535,Neutral,Macro,True,False,False,False,5
POST_02616,2025-05-20 07:13:00,Instagram,Photo,Technology,3190,462,29,43842,535,468431,0.79,7,Tuesday,27,405,Negative,Macro,True,False,False,False,5
POST_05000,2025-05-20 20:58:00,Facebook,Story,Lifestyle,683,394,28,26119,430,343683,0.32,20,Tuesday,28,1219,Positive,Macro,False,False,False,False,5
POST_03447,2025-05-21 12:08:00,TikTok,Stitch,Education,29485,353,3627,436476,2007,56359,59.38,12,Wednesday,23,359,Positive,Mid-tier,True,True,False,True,5
POST_02771,2025-05-21 20:42:00,Instagram,Photo,Fashion,6804,170,242,9528,519,216288,3.34,20,Wednesday,27,86,Negative,Macro,True,False,False,False,5
POST_03243,2025-05-22 11:45:00,Facebook,Live,Fitness,771,167,759,10706,65,429762,0.39,11,Thursday,10,529,Positive,Macro,True,False,False,False,5
POST_04947,2025-05-22 13:32:00,Facebook,Video,Travel,5097,351,711,17096,693,72906,8.45,13,Thursday,7,95,Positive,Mid-tier,True,False,False,False,5
POST_03540,2025-05-22 16:40:00,Instagram,Photo,Technology,3393,316,67,31639,348,409060,0.92,16,Thursday,25,110,Neutral,Macro,False,False,False,False,5
POST_03592,2025-05-22 23:37:00,Instagram,Reel,Food,7378,467,279,18458,882,416423,1.95,23,Thursday,23,94,Positive,Macro,True,True,False,False,5
POST_02689,2025-05-23 07:23:00,Facebook,Video,Entertainment,4753,334,137,34556,426,190309,2.75,7,Friday,20,283,Negative,Macro,True,False,False,False,5
POST_01430,2025-05-23 14:32:00,TikTok,Video,Lifestyle,42277,1474,4428,107478,2277,241014,19.99,14,Friday,5,568,Positive,Macro,True,False,False,True,5
POST_03323,2025-05-23 16:51:00,TikTok,Duet,Lifestyle,42504,980,4023,469443,303,17114,200.0,16,Friday,13,285,Neutral,Micro,True,False,False,True,5
POST_04285,2025-05-24 02:19:00,Facebook,Video,Health,1028,333,726,26590,677,339100,0.62,2,Saturday,12,206,Positive,Macro,True,False,False,False,5
POST_03993,2025-05-24 10:17:00,TikTok,Video,Education,27296,1667,4717,227566,2352,124826,26.98,10,Saturday,26,240,Negative,Macro,True,False,False,True,5
POST_01095,2025-05-24 14:06:00,Instagram,Carousel,Fashion,1875,479,89,22466,492,264797,0.92,14,Saturday,20,188,Positive,Macro,True,False,False,False,5
POST_02333,2025-05-25 11:29:00,Facebook,Post,Sports,2191,40,458,21137,749,176778,1.52,11,Sunday,19,768,Negative,Macro,True,True,False,False,5
POST_01517,2025-05-25 13:56:00,Facebook,Video,Food,840,287,270,69035,357,78781,1.77,13,Sunday,28,201,Neutral,Mid-tier,True,False,False,False,5
POST_03504,2025-05-25 21:06:00,Instagram,Photo,Education,4463,167,191,36616,606,81204,5.94,21,Sunday,13,1013,Positive,Mid-tier,False,True,False,False,5
POST_03264,2025-05-26 08:48:00,Instagram,Photo,Fitness,296,262,188,23448,133,435694,0.17,8,Monday,11,1799,Neutral,Macro,True,False,False,False,5
POST_00809,2025-05-26 16:24:00,Facebook,Story,Business,4022,333,471,74363,648,332822,1.45,16,Monday,19,832,Negative,Macro,True,False,False,False,5
POST_02938,2025-05-26 17:53:00,Facebook,Live,Travel,2738,125,657,20437,796,214483,1.64,17,Monday,0,192,Positive,Macro,True,False,False,False,5
POST_04672,2025-05-26 21:23:00,TikTok,Stitch,Gaming,42398,551,632,61898,949,404262,10.78,21,Monday,5,94,Negative,Macro,True,False,False,False,5
POST_02696,2025-05-27 04:12:00,Facebook,Live,Lifestyle,4679,287,70,8624,639,238997,2.11,4,Tuesday,0,547,Neutral,Macro,False,False,False,False,5
POST_01242,2025-05-27 04:22:00,TikTok,Duet,Food,7260,1507,1233,147195,468,305413,3.27,4,Tuesday,27,395,Positive,Macro,True,False,False,False,5
POST_00669,2025-05-28 04:03:00,Instagram,Story,Entertainment,6244,373,213,11096,12,228911,2.98,4,Wednesday,25,578,Neutral,Macro,True,False,False,False,5
POST_02080,2025-05-28 04:28:00,TikTok,Duet,Business,9233,1003,591,295869,654,67186,16.11,4,Wednesday,5,372,Neutral,Mid-tier,True,False,False,True,5
POST_02525,2025-05-28 08:51:00,TikTok,Video,Gaming,3884,532,3857,427395,1735,294559,2.81,8,Wednesday,0,56,Positive,Macro,False,False,False,False,5
POST_01403,2025-05-28 13:27:00,Instagram,Photo,Food,6437,182,66,22383,524,183602,3.64,13,Wednesday,24,1522,Neutral,Macro,True,False,False,False,5
POST_04535,2025-05-29 19:11:00,Facebook,Post,Education,7239,287,984,38651,307,288023,2.95,19,Thursday,4,515,Positive,Macro,True,False,False,False,5
POST_00847,2025-05-29 20:10:00,Instagram,Carousel,Gaming,7645,87,219,21717,791,216849,3.67,20,Thursday,11,55,Negative,Macro,True,False,False,False,5
POST_04327,2025-05-29 22:07:00,Instagram,Reel,Entertainment,8880,187,120,10812,561,316620,2.9,22,Thursday,24,414,Neutral,Macro,True,False,False,False,5
POST_04059,2025-05-29 22:43:00,TikTok,Video,Gaming,10763,1689,117,353097,1689,350535,3.59,22,Thursday,17,441,Neutral,Macro,True,False,False,False,5
POST_03553,2025-05-30 00:07:00,Facebook,Story,Travel,1985,386,911,37633,715,225814,1.45,0,Friday,3,1952,Neutral,Macro,True,True,False,False,5
POST_04759,2025-05-30 03:32:00,Facebook,Story,Technology,3021,268,859,33225,490,309435,1.34,3,Friday,7,1952,Positive,Macro,True,False,False,False,5
POST_03473,2025-05-30 15:59:00,Facebook,Story,Food,2087,319,396,32508,164,430552,0.65,15,Friday,26,1897,Positive,Macro,True,True,False,False,5
POST_04284,2025-05-31 01:08:00,Instagram,Story,Food,2204,67,246,19104,927,494641,0.51,1,Saturday,27,1946,Positive,Macro,False,False,False,False,5
POST_03283,2025-05-31 08:34:00,TikTok,Video,Sports,3144,1845,2960,118655,1115,492851,1.61,8,Saturday,6,111,Positive,Macro,True,True,False,False,5
POST_02423,2025-05-31 10:42:00,TikTok,Video,Technology,1125,159,2071,35192,1944,24966,13.44,10,Saturday,27,425,Positive,Micro,True,False,False,False,5
POST_03814,2025-05-31 10:56:00,Facebook,Story,Business,2733,74,437,66000,355,176407,1.84,10,Saturday,24,1336,Positive,Macro,False,False,False,False,5
POST_03786,2025-05-31 12:07:00,Instagram,Reel,Technology,2997,272,96,13656,373,36162,9.31,12,Saturday,27,109,Positive,Micro,True,True,False,False,5
POST_00672,2025-05-31 20:11:00,TikTok,Duet,Education,47001,1602,2795,414044,1640,86123,59.68,20,Saturday,0,513,Neutral,Mid-tier,True,False,False,True,5
POST_02111,2025-05-31 21:26:00,Instagram,Photo,Health,2478,48,63,48316,856,119502,2.17,21,Saturday,19,1867,Positive,Macro,True,False,False,False,5
POST_03234,2025-05-31 22:30:00,Instagram,Carousel,Health,649,338,262,47585,191,71262,1.75,22,Saturday,2,1506,Positive,Mid-tier,True,False,False,False,5
POST_02838,2025-06-01 02:54:00,Instagram,Story,Food,2246,198,169,14635,895,59897,4.36,2,Sunday,18,698,Positive,Mid-tier,True,False,False,False,6
POST_03691,2025-06-01 03:46:00,TikTok,Duet,Health,4823,564,3297,472353,1109,414740,2.09,3,Sunday,13,354,Positive,Macro,True,False,False,False,6
POST_01471,2025-06-01 04:40:00,Facebook,Live,Technology,7526,49,853,60061,238,479557,1.76,4,Sunday,9,139,Positive,Macro,True,True,False,False,6
POST_03651,2025-06-01 05:05:00,TikTok,Stitch,Technology,10543,354,1803,83649,1339,47727,26.61,5,Sunday,8,53,Positive,Micro,True,True,False,True,6
POST_00008,2025-06-01 19:01:00,TikTok,Video,Fitness,32115,692,3932,348625,305,143709,25.56,19,Sunday,26,404,Positive,Macro,True,True,False,True,6
POST_03412,2025-06-02 02:22:00,Instagram,Photo,Health,8926,397,38,47178,650,338397,2.77,2,Monday,28,1023,Neutral,Macro,True,False,False,False,6
POST_02183,2025-06-02 03:35:00,Instagram,Reel,Gaming,6338,190,263,12186,795,87795,7.74,3,Monday,15,314,Positive,Mid-tier,True,False,False,False,6
POST_04398,2025-06-02 09:23:00,Instagram,Story,Technology,2443,340,28,36962,242,148903,1.89,9,Monday,10,695,Positive,Macro,True,False,False,False,6
POST_03644,2025-06-02 15:46:00,Facebook,Post,Food,5775,25,874,74841,283,45880,14.55,15,Monday,22,1240,Positive,Micro,True,False,False,True,6
POST_03640,2025-06-03 03:10:00,Instagram,Reel,Entertainment,8952,132,154,16740,792,297114,3.11,3,Tuesday,17,381,Positive,Macro,True,False,False,False,6
POST_01853,2025-06-03 07:35:00,TikTok,Duet,Fashion,7815,1779,4937,87990,554,333691,4.35,7,Tuesday,28,545,Neutral,Macro,True,False,False,False,6
POST_00425,2025-06-03 08:52:00,Instagram,Carousel,Lifestyle,1892,239,258,17378,426,483331,0.49,8,Tuesday,27,922,Neutral,Macro,True,True,False,False,6
POST_01727,2025-06-03 09:54:00,Facebook,Post,Fitness,6402,93,870,73898,520,203594,3.62,9,Tuesday,3,1153,Negative,Macro,True,True,False,False,6
POST_00664,2025-06-03 12:29:00,Instagram,Reel,Lifestyle,3817,189,82,20329,165,263069,1.55,12,Tuesday,20,239,Positive,Macro,True,True,False,False,6
POST_00907,2025-06-03 16:34:00,TikTok,Stitch,Sports,27098,1324,4322,459555,2068,339030,9.66,16,Tuesday,20,107,Neutral,Macro,True,True,False,False,6
POST_02045,2025-06-03 20:01:00,TikTok,Duet,Travel,32457,300,2271,215121,615,29288,119.6,20,Tuesday,24,381,Neutral,Micro,True,False,False,True,6
POST_00125,2025-06-04 02:54:00,Instagram,Carousel,Fitness,8013,134,44,42184,632,471046,1.74,2,Wednesday,0,1247,Negative,Macro,True,False,False,False,6
POST_01891,2025-06-04 05:44:00,Instagram,Story,Fitness,2649,89,189,19683,879,86226,3.39,5,Wednesday,29,1985,Neutral,Mid-tier,True,False,False,False,6
POST_01972,2025-06-04 14:31:00,TikTok,Duet,Fitness,48363,1400,1169,180542,1860,475232,10.72,14,Wednesday,3,511,Neutral,Macro,False,False,False,False,6
POST_01864,2025-06-04 17:13:00,Facebook,Post,Fitness,3945,211,69,60765,472,129806,3.25,17,Wednesday,15,285,Negative,Macro,True,False,False,False,6
POST_01436,2025-06-05 00:02:00,Instagram,Reel,Travel,7147,282,113,16702,482,236409,3.19,0,Thursday,26,84,Neutral,Macro,True,False,False,False,6
POST_00898,2025-06-05 12:32:00,TikTok,Stitch,Food,9278,1735,2113,182605,1751,49753,26.38,12,Thursday,13,459,Positive,Micro,True,False,False,True,6
POST_01237,2025-06-06 23:33:00,TikTok,Duet,Travel,38125,1650,2971,325217,2428,11406,200.0,23,Friday,28,310,Neutral,Micro,True,True,False,True,6
POST_04529,2025-06-07 05:15:00,Facebook,Live,Food,5972,30,993,59972,219,384160,1.82,5,Saturday,24,441,Positive,Macro,True,False,False,False,6
POST_01408,2025-06-07 06:51:00,TikTok,Video,Health,47279,658,3292,247493,2580,84624,60.54,6,Saturday,21,470,Negative,Mid-tier,True,False,False,True,6
POST_03269,2025-06-07 08:09:00,Facebook,Story,Fashion,6556,46,777,14803,303,163903,4.5,8,Saturday,25,1214,Positive,Macro,True,True,False,False,6
POST_02105,2025-06-07 08:10:00,TikTok,Video,Health,31911,1467,378,315250,2894,360008,9.38,8,Saturday,8,48,Negative,Macro,True,True,False,False,6
POST_02601,2025-06-07 19:10:00,Facebook,Live,Food,2903,194,546,9148,494,331590,1.1,19,Saturday,28,557,Positive,Macro,True,False,False,False,6
POST_04144,2025-06-07 20:47:00,TikTok,Duet,Sports,37409,246,3880,448882,1117,122794,33.82,20,Saturday,23,315,Positive,Macro,True,False,False,True,6
POST_01928,2025-06-07 22:18:00,Facebook,Live,Sports,7476,200,674,67878,255,133294,6.26,22,Saturday,22,393,Neutral,Macro,True,False,False,False,6
POST_00614,2025-06-08 03:22:00,Instagram,Carousel,Fashion,9572,432,14,12621,501,247441,4.05,3,Sunday,28,1056,Neutral,Macro,True,False,False,False,6
POST_01901,2025-06-08 09:53:00,Facebook,Story,Food,7154,152,634,69572,259,241469,3.29,9,Sunday,0,1731,Positive,Macro,True,False,False,False,6
POST_03990,2025-06-08 19:21:00,TikTok,Stitch,Fashion,4627,677,653,20622,1755,80883,7.36,19,Sunday,18,363,Positive,Mid-tier,True,True,False,False,6
POST_01018,2025-06-09 13:29:00,Facebook,Live,Gaming,2055,249,252,36458,717,22516,11.35,13,Monday,20,212,Positive,Micro,True,False,False,False,6
POST_03722,2025-06-09 16:07:00,TikTok,Video,Lifestyle,5479,1355,2144,36536,945,314781,2.85,16,Monday,20,459,Positive,Macro,True,False,False,False,6
POST_00795,2025-06-09 23:43:00,Instagram,Photo,Entertainment,3054,335,14,37307,290,478478,0.71,23,Monday,14,576,Positive,Macro,True,False,False,False,6
POST_02082,2025-06-10 20:17:00,Instagram,Story,Lifestyle,1567,260,224,37910,880,160006,1.28,20,Tuesday,2,1592,Positive,Macro,False,False,False,False,6
POST_01322,2025-06-10 21:52:00,Instagram,Story,Lifestyle,7825,401,85,21719,308,222110,3.74,21,Tuesday,18,1297,Neutral,Macro,False,True,False,False,6
POST_00903,2025-06-11 04:20:00,Instagram,Photo,Fitness,5096,418,37,48671,164,321440,1.73,4,Wednesday,13,251,Positive,Macro,True,False,False,False,6
POST_04468,2025-06-11 21:43:00,Instagram,Photo,Food,4300,320,48,25269,233,234480,1.99,21,Wednesday,7,290,Neutral,Macro,True,False,False,False,6
POST_00722,2025-06-12 03:18:00,Instagram,Carousel,Business,4090,75,177,26301,257,356199,1.22,3,Thursday,9,1445,Neutral,Macro,True,False,False,False,6
POST_03345,2025-06-12 05:36:00,Facebook,Post,Business,2246,336,638,61203,243,491765,0.65,5,Thursday,25,1458,Positive,Macro,True,False,False,False,6
POST_03706,2025-06-12 18:12:00,TikTok,Duet,Gaming,4169,1569,4417,174511,1823,407121,2.49,18,Thursday,5,97,Positive,Macro,True,False,False,False,6
POST_04015,2025-06-12 18:50:00,Facebook,Story,Lifestyle,4204,33,520,22250,637,397078,1.2,18,Thursday,4,130,Negative,Macro,True,False,False,False,6
POST_02580,2025-06-12 20:03:00,Facebook,Post,Health,6835,395,768,22588,691,78805,10.15,20,Thursday,27,1462,Positive,Mid-tier,True,False,False,False,6
POST_03659,2025-06-12 21:23:00,Facebook,Video,Fitness,4220,121,882,44439,393,151733,3.44,21,Thursday,6,590,Neutral,Macro,True,False,False,False,6
POST_03662,2025-06-13 02:05:00,Facebook,Story,Fitness,6250,236,834,60777,491,78759,9.29,2,Friday,29,1923,Neutral,Mid-tier,True,False,False,False,6
POST_02819,2025-06-13 02:33:00,Instagram,Reel,Travel,1204,162,174,40435,26,20184,7.63,2,Friday,23,476,Neutral,Micro,True,False,False,False,6
POST_00315,2025-06-13 06:05:00,TikTok,Duet,Education,27166,610,1180,107903,2228,193947,14.93,6,Friday,0,512,Positive,Macro,True,False,False,True,6
POST_01634,2025-06-13 18:43:00,TikTok,Duet,Food,45824,1526,866,359373,2913,87027,55.4,18,Friday,26,382,Positive,Mid-tier,True,False,False,True,6
POST_04049,2025-06-14 00:10:00,TikTok,Duet,Food,47596,417,3794,129291,1769,12141,200.0,0,Saturday,20,365,Negative,Micro,True,False,False,True,6
POST_01388,2025-06-14 19:32:00,Instagram,Photo,Lifestyle,1853,308,31,28244,260,202977,1.08,19,Saturday,13,1600,Positive,Macro,False,False,False,False,6
POST_02412,2025-06-15 03:06:00,Instagram,Story,Travel,6325,6,116,37844,990,163609,3.94,3,Sunday,16,1255,Positive,Macro,True,False,False,False,6
POST_00928,2025-06-15 06:35:00,Facebook,Live,Fitness,1744,131,287,15915,37,476348,0.45,6,Sunday,0,539,Positive,Macro,True,True,False,False,6
POST_03988,2025-06-15 11:14:00,Facebook,Video,Lifestyle,7106,272,875,26429,323,70923,11.64,11,Sunday,17,112,Positive,Mid-tier,True,False,False,False,6
POST_00388,2025-06-15 20:28:00,Instagram,Carousel,Food,992,213,287,3286,195,374297,0.4,20,Sunday,19,1641,Positive,Macro,True,False,False,False,6
POST_03669,2025-06-16 09:26:00,Instagram,Photo,Business,4008,93,38,42313,904,147343,2.81,9,Monday,27,114,Neutral,Macro,False,False,False,False,6
POST_03280,2025-06-16 15:50:00,TikTok,Duet,Gaming,23463,711,1474,369234,2177,341326,7.51,15,Monday,7,226,Negative,Macro,True,False,False,False,6
POST_04283,2025-06-16 18:50:00,Instagram,Carousel,Gaming,8101,332,190,30932,112,489284,1.76,18,Monday,21,629,Neutral,Macro,True,False,False,False,6
POST_01768,2025-06-16 19:33:00,Facebook,Story,Entertainment,687,86,34,62215,584,470064,0.17,19,Monday,15,547,Neutral,Macro,True,False,False,False,6
POST_04255,2025-06-18 00:24:00,Instagram,Story,Technology,1736,266,81,9045,628,336439,0.62,0,Wednesday,4,1325,Neutral,Macro,True,True,False,False,6
POST_03025,2025-06-18 15:55:00,Instagram,Story,Education,1965,416,40,7576,488,36671,6.6,15,Wednesday,27,887,Neutral,Micro,True,False,False,False,6
POST_00301,2025-06-18 20:17:00,Instagram,Photo,Lifestyle,4586,73,231,37430,313,432374,1.13,20,Wednesday,23,147,Positive,Macro,True,False,False,False,6
POST_00354,2025-06-19 12:28:00,Instagram,Photo,Gaming,6197,329,238,18442,25,402882,1.68,12,Thursday,19,1872,Positive,Macro,True,True,False,False,6
POST_01629,2025-06-19 13:34:00,Instagram,Story,Education,2311,414,136,30139,839,194282,1.47,13,Thursday,0,106,Positive,Macro,True,False,False,False,6
POST_01422,2025-06-19 16:50:00,Facebook,Post,Lifestyle,5757,295,150,70835,9,109649,5.66,16,Thursday,1,985,Neutral,Macro,True,True,False,False,6
POST_03256,2025-06-19 21:43:00,Instagram,Reel,Fitness,8688,352,279,11733,541,231263,4.03,21,Thursday,12,267,Negative,Macro,True,False,False,False,6
POST_01113,2025-06-20 01:53:00,Instagram,Story,Education,5593,191,206,31135,625,434876,1.38,1,Friday,16,924,Positive,Macro,True,False,False,False,6
POST_02479,2025-06-20 07:15:00,Instagram,Carousel,Lifestyle,3671,285,289,18562,534,243367,1.74,7,Friday,2,350,Positive,Macro,True,False,False,False,6
POST_00974,2025-06-20 15:56:00,Instagram,Story,Entertainment,2429,34,162,18309,599,87487,3.0,15,Friday,4,1124,Positive,Mid-tier,True,False,False,False,6
POST_02297,2025-06-20 20:40:00,Instagram,Photo,Technology,1403,325,169,41946,558,161762,1.17,20,Friday,13,561,Positive,Macro,True,False,False,False,6
POST_04596,2025-06-21 08:19:00,Facebook,Video,Travel,6462,107,720,65418,660,258688,2.82,8,Saturday,5,369,Positive,Macro,True,True,False,False,6
POST_02691,2025-06-21 09:11:00,Facebook,Video,Business,2375,63,462,62188,311,192382,1.51,9,Saturday,15,108,Neutral,Macro,True,True,False,False,6
POST_04543,2025-06-21 09:44:00,Instagram,Carousel,Food,1597,296,30,47230,446,36431,5.28,9,Saturday,14,169,Neutral,Micro,True,False,False,False,6
POST_02574,2025-06-21 20:56:00,Facebook,Post,Education,6587,357,461,27121,538,414936,1.78,20,Saturday,28,1783,Positive,Macro,True,False,False,False,6
POST_02220,2025-06-22 13:30:00,Instagram,Story,Entertainment,1522,336,265,31302,786,56196,3.78,13,Sunday,9,1173,Neutral,Mid-tier,True,False,False,False,6
POST_03442,2025-06-22 13:49:00,Facebook,Post,Fitness,1151,377,174,55061,63,77925,2.18,13,Sunday,14,1974,Positive,Mid-tier,True,True,False,False,6
POST_03198,2025-06-22 17:45:00,TikTok,Duet,Fashion,17346,1178,2382,418920,1967,442436,4.73,17,Sunday,25,100,Neutral,Macro,True,False,False,False,6
POST_02399,2025-06-22 19:44:00,Facebook,Story,Education,6255,14,8,26954,58,425564,1.47,19,Sunday,28,1658,Neutral,Macro,True,True,False,False,6
POST_00702,2025-06-23 01:42:00,Instagram,Carousel,Food,6144,36,99,21022,902,307825,2.04,1,Monday,18,1179,Positive,Macro,True,False,False,False,6
POST_00693,2025-06-23 02:41:00,Facebook,Live,Business,2621,144,255,72773,617,195678,1.54,2,Monday,10,172,Positive,Macro,True,False,False,False,6
POST_03072,2025-06-23 03:30:00,Facebook,Story,Food,1976,107,385,75512,178,414871,0.59,3,Monday,5,735,Positive,Macro,True,True,False,False,6
POST_04635,2025-06-23 04:46:00,Instagram,Story,Health,5709,383,262,43183,408,341420,1.86,4,Monday,14,1718,Positive,Macro,True,True,False,False,6
POST_02818,2025-06-23 08:29:00,Instagram,Carousel,Travel,7216,259,226,17605,544,60794,12.67,8,Monday,19,1756,Positive,Mid-tier,True,False,False,False,6
POST_03955,2025-06-23 19:56:00,Instagram,Story,Business,5247,328,232,13909,638,180241,3.22,19,Monday,10,1015,Positive,Macro,False,False,False,False,6
POST_01394,2025-06-24 00:23:00,Facebook,Live,Health,3912,23,903,54294,418,203076,2.38,0,Tuesday,4,305,Positive,Macro,True,False,False,False,6
POST_03771,2025-06-24 10:24:00,Facebook,Live,Fitness,7385,142,525,11785,99,16525,48.73,10,Tuesday,14,52,Neutral,Micro,True,True,False,True,6
POST_04342,2025-06-24 23:18:00,Instagram,Reel,Health,1722,400,91,11691,227,239553,0.92,23,Tuesday,25,67,Positive,Macro,False,False,False,False,6
POST_02985,2025-06-26 03:39:00,Facebook,Live,Sports,2458,95,524,16572,766,297144,1.04,3,Thursday,11,418,Negative,Macro,True,False,False,False,6
POST_01074,2025-06-26 04:24:00,Instagram,Story,Fashion,6668,40,113,44618,192,117044,5.83,4,Thursday,28,1927,Positive,Macro,True,False,False,False,6
POST_02122,2025-06-26 13:14:00,Facebook,Video,Food,5059,311,731,17772,744,178350,3.42,13,Thursday,28,293,Neutral,Macro,False,False,False,False,6
POST_03655,2025-06-26 13:50:00,Instagram,Story,Fitness,6759,163,229,39884,381,349942,2.04,13,Thursday,15,256,Positive,Macro,True,False,False,False,6
POST_04386,2025-06-26 15:04:00,Facebook,Story,Health,3999,307,803,59412,636,465904,1.1,15,Thursday,19,1133,Positive,Macro,True,False,False,False,6
POST_03051,2025-06-27 01:18:00,Instagram,Photo,Food,8001,103,36,48798,119,357275,2.28,1,Friday,11,1663,Positive,Macro,True,False,False,False,6
POST_00124,2025-06-27 05:03:00,Instagram,Carousel,Business,3577,452,277,45371,850,429890,1.0,5,Friday,20,106,Positive,Macro,True,False,False,False,6
POST_00604,2025-06-27 06:24:00,Instagram,Photo,Health,6668,120,235,20468,511,239528,2.93,6,Friday,19,994,Positive,Macro,True,False,False,False,6
POST_03476,2025-06-27 13:09:00,TikTok,Duet,Fashion,47673,263,1589,491546,2837,331589,14.94,13,Friday,15,153,Positive,Macro,True,False,False,True,6
POST_01372,2025-06-27 18:00:00,Instagram,Carousel,Entertainment,6116,378,130,45952,692,2093,200.0,18,Friday,18,313,Negative,Nano,False,False,False,True,6
POST_01888,2025-06-27 23:03:00,Instagram,Story,Entertainment,51,275,144,40111,873,283131,0.17,23,Friday,17,1018,Positive,Macro,False,False,False,False,6
POST_03763,2025-06-28 05:01:00,Facebook,Story,Education,2205,360,82,44581,89,494156,0.54,5,Saturday,24,877,Positive,Macro,True,False,False,False,6
POST_01123,2025-06-28 17:26:00,TikTok,Video,Travel,21248,1118,2524,455011,1326,105468,23.6,17,Saturday,7,225,Positive,Macro,True,False,False,True,6
POST_02866,2025-06-28 20:22:00,Facebook,Live,Business,5167,291,677,23213,429,210315,2.92,20,Saturday,22,597,Negative,Macro,True,False,False,False,6
POST_02859,2025-06-29 07:24:00,Instagram,Photo,Lifestyle,6301,496,95,39495,67,19064,36.15,7,Sunday,14,1456,Negative,Micro,False,False,False,True,6
POST_00932,2025-06-29 10:34:00,TikTok,Video,Food,17410,112,642,473423,283,144340,12.58,10,Sunday,4,450,Neutral,Macro,True,False,False,False,6
POST_03959,2025-06-29 12:44:00,Instagram,Reel,Lifestyle,3029,282,140,45384,386,231111,1.49,12,Sunday,2,215,Positive,Macro,True,False,False,False,6
POST_04689,2025-06-29 17:52:00,Facebook,Post,Fashion,2414,283,37,77123,350,110155,2.48,17,Sunday,8,865,Negative,Macro,True,False,False,False,6
POST_00264,2025-06-30 00:58:00,Facebook,Post,Business,1468,363,122,50617,216,204546,0.95,0,Monday,26,617,Neutral,Macro,True,False,False,False,6
POST_02298,2025-06-30 09:58:00,Instagram,Story,Entertainment,9680,223,210,15216,96,118588,8.53,9,Monday,6,1321,Positive,Macro,True,False,False,False,6
POST_03389,2025-06-30 11:44:00,Instagram,Carousel,Lifestyle,765,114,32,14450,834,68263,1.33,11,Monday,22,1931,Positive,Mid-tier,True,True,False,False,6
POST_01993,2025-07-01 00:41:00,Facebook,Video,Fashion,5802,169,304,23355,431,43456,14.44,0,Tuesday,28,203,Neutral,Micro,True,True,False,True,7
POST_01340,2025-07-01 12:13:00,Instagram,Story,Fitness,298,13,35,37591,594,10515,3.29,12,Tuesday,28,636,Neutral,Micro,True,False,False,False,7
POST_01780,2025-07-01 19:03:00,TikTok,Video,Entertainment,45806,1094,313,178889,1372,60465,78.08,19,Tuesday,9,85,Positive,Mid-tier,True,False,False,True,7
POST_02679,2025-07-02 00:13:00,Instagram,Story,Fitness,8999,200,33,22982,630,267597,3.45,0,Wednesday,27,1896,Positive,Macro,True,False,False,False,7
POST_00746,2025-07-02 00:40:00,TikTok,Stitch,Health,25014,1231,4474,78071,2266,214685,14.31,0,Wednesday,3,119,Positive,Macro,True,False,False,True,7
POST_03328,2025-07-02 06:18:00,Facebook,Story,Fashion,6946,281,855,48169,294,47962,16.85,6,Wednesday,24,563,Positive,Micro,False,False,False,True,7
POST_04314,2025-07-02 06:54:00,TikTok,Video,Lifestyle,38297,1928,1712,122458,330,499599,8.39,6,Wednesday,19,188,Neutral,Macro,True,False,False,False,7
POST_04911,2025-07-02 07:46:00,TikTok,Stitch,Entertainment,25305,1170,4694,243470,1899,310089,10.05,7,Wednesday,15,358,Neutral,Macro,True,False,False,False,7
POST_00508,2025-07-03 03:29:00,TikTok,Duet,Lifestyle,27813,801,3631,119587,1566,348057,9.26,3,Thursday,22,157,Negative,Macro,True,False,False,False,7
POST_01268,2025-07-03 05:23:00,Facebook,Video,Food,1673,191,182,22618,27,91172,2.24,5,Thursday,14,258,Negative,Mid-tier,True,False,False,False,7
POST_00059,2025-07-03 08:49:00,Instagram,Photo,Education,1243,43,70,16095,569,83417,1.63,8,Thursday,26,562,Positive,Mid-tier,True,False,False,False,7
POST_02675,2025-07-03 10:29:00,TikTok,Duet,Entertainment,42623,1460,4704,471606,1927,47393,102.94,10,Thursday,10,322,Positive,Micro,False,True,False,True,7
POST_04188,2025-07-04 04:35:00,Facebook,Video,Food,3546,284,457,15832,411,74405,5.76,4,Friday,0,256,Positive,Mid-tier,True,False,False,False,7
POST_04383,2025-07-04 05:25:00,Facebook,Live,Health,2557,224,227,29740,325,488102,0.62,5,Friday,28,138,Neutral,Macro,True,False,False,False,7
POST_02578,2025-07-04 12:47:00,Facebook,Video,Technology,2812,95,9,45269,173,211050,1.38,12,Friday,1,274,Neutral,Macro,True,False,False,False,7
POST_02010,2025-07-04 17:05:00,Facebook,Story,Technology,1590,155,249,37143,227,402749,0.5,17,Friday,2,733,Positive,Macro,True,False,False,False,7
POST_02187,2025-07-04 18:16:00,TikTok,Stitch,Gaming,9840,153,2797,287294,912,308032,4.15,18,Friday,24,108,Positive,Macro,True,True,False,False,7
POST_03828,2025-07-05 00:57:00,Facebook,Video,Health,1836,24,694,47208,698,209666,1.22,0,Saturday,22,498,Neutral,Macro,True,False,False,False,7
POST_02042,2025-07-05 06:16:00,Facebook,Live,Lifestyle,1469,205,233,4646,79,266637,0.72,6,Saturday,1,71,Negative,Macro,False,False,False,False,7
POST_00951,2025-07-05 08:59:00,Facebook,Story,Fitness,3881,343,263,63598,92,188172,2.38,8,Saturday,28,137,Negative,Macro,False,False,False,False,7
POST_04320,2025-07-05 14:20:00,Facebook,Story,Fashion,2757,346,429,72627,739,225251,1.57,14,Saturday,5,985,Positive,Macro,False,False,False,False,7
POST_04688,2025-07-05 17:31:00,Instagram,Carousel,Food,5969,109,26,46632,256,499011,1.22,17,Saturday,15,1352,Negative,Macro,True,True,False,False,7
POST_04484,2025-07-06 03:18:00,Facebook,Video,Health,5338,211,17,53912,169,343294,1.62,3,Sunday,29,183,Positive,Macro,False,False,False,False,7
POST_01034,2025-07-06 04:41:00,Instagram,Reel,Technology,4847,240,38,17667,814,6986,73.36,4,Sunday,10,35,Positive,Nano,True,False,False,True,7
POST_00094,2025-07-06 04:46:00,Facebook,Post,Education,3229,197,855,26030,402,314632,1.36,4,Sunday,15,946,Neutral,Macro,False,False,False,False,7
POST_02294,2025-07-06 05:37:00,Facebook,Live,Gaming,5203,370,613,42505,247,168892,3.66,5,Sunday,25,520,Negative,Macro,True,True,False,False,7
POST_00080,2025-07-06 23:44:00,Instagram,Carousel,Health,5856,263,212,9974,623,124552,5.08,23,Sunday,15,1726,Positive,Macro,True,False,False,False,7
POST_01603,2025-07-07 08:42:00,Instagram,Photo,Fashion,9636,261,186,30993,963,275617,3.66,8,Monday,25,716,Negative,Macro,False,False,False,False,7
POST_00545,2025-07-07 08:51:00,Facebook,Post,Fashion,4383,236,340,27832,31,430797,1.15,8,Monday,29,1976,Positive,Macro,False,False,False,False,7
POST_01158,2025-07-07 10:24:00,TikTok,Duet,Food,38837,1982,4006,261196,2122,388838,11.53,10,Monday,28,410,Positive,Macro,True,False,False,False,7
POST_02937,2025-07-07 20:19:00,TikTok,Duet,Sports,36289,129,1118,199549,2771,284088,13.21,20,Monday,24,553,Neutral,Macro,True,False,False,False,7
POST_01923,2025-07-08 01:22:00,Facebook,Post,Business,673,141,369,70889,382,285583,0.41,1,Tuesday,18,1730,Neutral,Macro,True,False,False,False,7
POST_02213,2025-07-08 01:54:00,Instagram,Reel,Business,3143,260,192,26549,985,293476,1.22,1,Tuesday,29,102,Neutral,Macro,True,True,False,False,7
POST_04856,2025-07-09 13:33:00,Instagram,Reel,Health,8468,367,57,42051,33,12892,68.97,13,Wednesday,28,81,Neutral,Micro,True,False,False,True,7
POST_00250,2025-07-09 14:26:00,TikTok,Stitch,Travel,35677,883,4696,484177,2467,145280,28.4,14,Wednesday,2,72,Neutral,Macro,True,True,False,True,7
POST_01112,2025-07-09 20:03:00,Instagram,Photo,Food,550,130,53,8583,112,102826,0.71,20,Wednesday,1,545,Neutral,Macro,True,True,False,False,7
POST_02129,2025-07-10 13:16:00,TikTok,Stitch,Technology,20677,1922,683,183373,2882,144844,16.07,13,Thursday,7,261,Positive,Macro,True,True,False,True,7
POST_02337,2025-07-10 15:11:00,Facebook,Video,Education,4511,300,934,74109,260,314847,1.82,15,Thursday,3,316,Neutral,Macro,True,False,False,False,7
POST_00772,2025-07-10 15:16:00,TikTok,Video,Gaming,19046,814,961,116119,2495,142279,14.63,15,Thursday,24,64,Neutral,Macro,False,False,False,True,7
POST_01957,2025-07-10 17:25:00,Facebook,Video,Business,6731,226,332,46443,81,86009,8.47,17,Thursday,0,186,Positive,Mid-tier,True,False,False,False,7
POST_02049,2025-07-10 17:30:00,Facebook,Live,Entertainment,4505,145,744,62778,82,110502,4.88,17,Thursday,16,341,Neutral,Macro,True,False,False,False,7
POST_04399,2025-07-11 05:27:00,Instagram,Reel,Entertainment,1039,68,98,11155,914,338899,0.36,5,Friday,1,392,Negative,Macro,False,False,False,False,7
POST_01525,2025-07-11 15:22:00,Facebook,Story,Fitness,7968,386,379,72685,496,400484,2.18,15,Friday,18,1447,Neutral,Macro,True,False,False,False,7
POST_00005,2025-07-12 02:37:00,Instagram,Reel,Education,865,432,174,15566,473,305165,0.48,2,Saturday,10,81,Positive,Macro,True,False,False,False,7
POST_01214,2025-07-12 05:43:00,TikTok,Video,Sports,46364,167,3713,349162,2338,69416,72.38,5,Saturday,13,353,Negative,Mid-tier,True,False,False,True,7
POST_02004,2025-07-12 09:40:00,Instagram,Story,Fitness,1255,9,146,26447,488,128474,1.1,9,Saturday,3,1134,Neutral,Macro,True,False,False,False,7
POST_01111,2025-07-13 15:11:00,TikTok,Duet,Fitness,11321,1877,2355,106978,530,7226,200.0,15,Sunday,6,72,Neutral,Nano,True,True,False,True,7
POST_04571,2025-07-13 19:21:00,Facebook,Video,Technology,1220,59,654,27750,536,69809,2.77,19,Sunday,9,48,Positive,Mid-tier,True,False,False,False,7
POST_02621,2025-07-14 08:39:00,TikTok,Video,Food,37378,403,3706,296544,407,276485,15.01,8,Monday,13,336,Positive,Macro,True,False,False,True,7
POST_01010,2025-07-14 16:12:00,Facebook,Story,Entertainment,828,261,802,22452,397,489584,0.39,16,Monday,16,1160,Neutral,Macro,True,False,False,False,7
POST_04345,2025-07-15 12:06:00,Facebook,Story,Business,3564,222,463,69574,329,496283,0.86,12,Tuesday,18,1120,Negative,Macro,False,True,False,False,7
POST_03095,2025-07-15 14:29:00,Instagram,Reel,Lifestyle,9405,371,129,40786,156,365841,2.71,14,Tuesday,0,288,Positive,Macro,True,False,False,False,7
POST_01800,2025-07-15 15:58:00,Instagram,Carousel,Education,664,11,165,36758,481,382081,0.22,15,Tuesday,26,1795,Positive,Macro,True,True,False,False,7
POST_02786,2025-07-16 01:00:00,Instagram,Story,Food,1415,181,131,5252,92,301108,0.57,1,Wednesday,9,972,Positive,Macro,True,False,False,False,7
POST_04608,2025-07-16 08:46:00,Instagram,Story,Fitness,348,343,105,16661,971,325194,0.24,8,Wednesday,29,853,Positive,Macro,True,False,False,False,7
POST_02018,2025-07-16 14:41:00,TikTok,Duet,Fitness,46013,1368,2181,102052,968,106784,46.41,14,Wednesday,18,93,Positive,Macro,True,False,False,True,7
POST_00397,2025-07-17 01:29:00,TikTok,Stitch,Technology,44520,856,1943,438714,2661,156542,30.23,1,Thursday,10,364,Neutral,Macro,True,False,False,True,7
POST_00108,2025-07-17 03:03:00,TikTok,Stitch,Education,43127,1302,352,141746,956,103234,43.38,3,Thursday,10,87,Positive,Macro,True,True,False,True,7
POST_04414,2025-07-17 08:16:00,Facebook,Live,Travel,852,130,536,66502,243,16549,9.17,8,Thursday,22,77,Positive,Micro,True,True,False,False,7
POST_01518,2025-07-17 15:03:00,TikTok,Duet,Fashion,1119,987,3548,287414,2185,209069,2.7,15,Thursday,6,434,Neutral,Macro,True,False,False,False,7
POST_00819,2025-07-17 17:18:00,Instagram,Story,Education,2896,159,187,26508,78,229098,1.42,17,Thursday,22,1082,Negative,Macro,False,False,False,False,7
POST_04945,2025-07-18 20:18:00,TikTok,Video,Fitness,35901,745,2956,207267,1031,451011,8.78,20,Friday,10,450,Positive,Macro,False,False,False,False,7
POST_00162,2025-07-18 22:27:00,Facebook,Post,Technology,5680,222,946,18813,770,181126,3.78,22,Friday,14,207,Positive,Macro,True,False,False,False,7
POST_03199,2025-07-18 22:48:00,Instagram,Reel,Health,6102,308,69,18526,343,95345,6.8,22,Friday,20,392,Neutral,Mid-tier,True,False,False,False,7
POST_00571,2025-07-18 23:55:00,Facebook,Story,Fashion,4504,250,899,17262,392,348032,1.62,23,Friday,27,1079,Positive,Macro,False,True,False,False,7
POST_00362,2025-07-19 02:10:00,Facebook,Post,Travel,5109,241,585,47909,227,398357,1.49,2,Saturday,15,108,Neutral,Macro,False,True,False,False,7
POST_01257,2025-07-19 05:21:00,Instagram,Carousel,Gaming,750,61,110,18424,994,429584,0.21,5,Saturday,0,1703,Positive,Macro,False,True,False,False,7
POST_04411,2025-07-19 06:37:00,Instagram,Story,Fitness,6862,44,174,17770,403,117461,6.03,6,Saturday,17,1676,Negative,Macro,False,True,False,False,7
POST_03398,2025-07-19 12:19:00,TikTok,Stitch,Education,18101,588,3736,387907,1126,144798,15.49,12,Saturday,26,431,Neutral,Macro,True,False,False,True,7
POST_02807,2025-07-19 14:24:00,TikTok,Duet,Sports,12371,1106,4327,299319,773,194354,9.16,14,Saturday,18,270,Positive,Macro,True,True,False,False,7
POST_01140,2025-07-19 15:03:00,Facebook,Story,Sports,5698,157,490,50955,19,312340,2.03,15,Saturday,1,1894,Positive,Macro,True,True,False,False,7
POST_00431,2025-07-19 17:24:00,Instagram,Carousel,Fashion,5175,345,37,15162,365,381100,1.46,17,Saturday,20,1894,Positive,Macro,False,True,False,False,7
POST_04080,2025-07-20 03:23:00,Instagram,Photo,Travel,5964,6,23,23239,245,39880,15.03,3,Sunday,8,973,Neutral,Micro,True,False,False,True,7
POST_03671,2025-07-20 09:46:00,Instagram,Story,Fashion,3100,452,32,23976,359,382730,0.94,9,Sunday,19,125,Neutral,Macro,True,False,False,False,7
POST_02440,2025-07-20 16:35:00,Instagram,Reel,Technology,1323,486,76,25276,463,312306,0.6,16,Sunday,4,477,Positive,Macro,True,False,False,False,7
POST_01904,2025-07-20 20:13:00,Instagram,Reel,Entertainment,1831,271,140,18760,253,454217,0.49,20,Sunday,13,78,Positive,Macro,True,True,False,False,7
POST_00205,2025-07-21 04:12:00,Facebook,Story,Lifestyle,7377,60,484,17092,598,242914,3.26,4,Monday,19,1755,Neutral,Macro,True,True,False,False,7
POST_02378,2025-07-21 05:04:00,TikTok,Video,Technology,28725,169,3645,128950,1519,408648,7.96,5,Monday,9,355,Negative,Macro,True,False,False,False,7
POST_00148,2025-07-21 09:59:00,Facebook,Live,Lifestyle,7352,80,82,55616,795,173151,4.34,9,Monday,4,335,Neutral,Macro,True,False,False,False,7
POST_03158,2025-07-21 15:02:00,Instagram,Photo,Business,123,443,124,7449,152,42967,1.61,15,Monday,1,1620,Neutral,Micro,True,False,False,False,7
POST_02796,2025-07-22 12:53:00,Facebook,Live,Education,415,11,257,78500,105,392414,0.17,12,Tuesday,7,599,Positive,Macro,True,False,False,False,7
POST_03812,2025-07-23 08:56:00,Facebook,Video,Gaming,7127,197,763,65820,375,267294,3.03,8,Wednesday,25,188,Neutral,Macro,True,False,False,False,7
POST_04997,2025-07-23 10:31:00,Instagram,Reel,Lifestyle,2360,162,119,24501,777,249116,1.06,10,Wednesday,4,522,Negative,Macro,False,False,False,False,7
POST_01643,2025-07-23 12:35:00,Facebook,Live,Business,3942,359,524,44884,405,137445,3.51,12,Wednesday,19,409,Positive,Macro,False,True,False,False,7
POST_04385,2025-07-23 17:50:00,TikTok,Stitch,Education,34091,1917,1382,343623,1764,164900,22.67,17,Wednesday,12,112,Neutral,Macro,True,False,False,True,7
POST_00117,2025-07-23 21:45:00,TikTok,Duet,Food,44613,1283,579,340988,923,457797,10.15,21,Wednesday,1,194,Positive,Macro,True,False,False,False,7
POST_03632,2025-07-24 08:57:00,Instagram,Story,Gaming,9211,278,12,47221,447,174074,5.46,8,Thursday,2,1830,Positive,Macro,True,True,False,False,7
POST_00506,2025-07-24 11:05:00,Instagram,Reel,Business,1992,425,298,18215,732,139793,1.94,11,Thursday,6,218,Positive,Macro,True,True,False,False,7
POST_02142,2025-07-24 15:11:00,Facebook,Story,Health,2411,77,797,12475,526,469956,0.7,15,Thursday,23,1498,Negative,Macro,True,False,False,False,7
POST_01861,2025-07-24 17:00:00,TikTok,Duet,Travel,31379,1360,1807,80974,1989,425030,8.13,17,Thursday,24,259,Positive,Macro,True,False,False,False,7
POST_04022,2025-07-25 00:23:00,Instagram,Story,Technology,4130,403,33,11271,62,340109,1.34,0,Friday,7,467,Positive,Macro,True,False,False,False,7
POST_01729,2025-07-25 05:18:00,TikTok,Duet,Health,5163,1595,2010,355579,1308,422837,2.07,5,Friday,25,45,Negative,Macro,True,True,False,False,7
POST_00352,2025-07-25 13:38:00,TikTok,Video,Business,597,1779,4663,206664,181,156438,4.5,13,Friday,21,546,Neutral,Macro,True,False,False,False,7
POST_01238,2025-07-25 18:44:00,Facebook,Story,Lifestyle,6790,129,269,68071,771,258108,2.78,18,Friday,7,1217,Neutral,Macro,True,False,False,False,7
POST_01846,2025-07-25 19:03:00,Instagram,Reel,Gaming,4140,471,229,12875,19,421747,1.15,19,Friday,22,592,Neutral,Macro,True,True,False,False,7
POST_03433,2025-07-25 20:39:00,TikTok,Stitch,Fitness,12566,238,902,300305,2789,133001,10.31,20,Friday,7,102,Positive,Macro,True,False,False,False,7
POST_02406,2025-07-25 23:56:00,Facebook,Live,Gaming,5674,331,224,57125,758,354408,1.76,23,Friday,15,66,Neutral,Macro,True,False,False,False,7
POST_03920,2025-07-26 01:27:00,TikTok,Duet,Fashion,45348,236,4566,84029,981,81798,61.31,1,Saturday,13,184,Neutral,Mid-tier,True,False,False,True,7
POST_03471,2025-07-26 01:37:00,Instagram,Reel,Food,7424,39,251,32826,422,371385,2.08,1,Saturday,16,466,Positive,Macro,True,True,False,False,7
POST_01732,2025-07-26 05:43:00,Facebook,Live,Fashion,4912,299,601,45897,639,10517,55.26,5,Saturday,25,313,Neutral,Micro,True,False,False,True,7
POST_01084,2025-07-26 06:30:00,TikTok,Stitch,Sports,10007,472,32,456095,2367,164096,6.41,6,Saturday,16,412,Neutral,Macro,True,False,False,False,7
POST_02178,2025-07-26 18:22:00,Facebook,Video,Lifestyle,7981,146,255,21207,87,104534,8.02,18,Saturday,2,209,Positive,Macro,True,False,False,False,7
POST_01258,2025-07-27 13:29:00,Facebook,Post,Business,6197,223,964,15429,17,165915,4.45,13,Sunday,22,1000,Negative,Macro,True,True,False,False,7
POST_00172,2025-07-27 13:39:00,Instagram,Reel,Business,933,13,192,9915,855,468634,0.24,13,Sunday,8,525,Negative,Macro,True,False,False,False,7
POST_00942,2025-07-27 23:17:00,Facebook,Video,Gaming,7655,97,497,53021,157,467902,1.76,23,Sunday,29,340,Positive,Macro,True,True,False,False,7
POST_00163,2025-07-28 00:07:00,Facebook,Video,Fitness,6935,284,748,63309,515,138771,5.74,0,Monday,24,563,Negative,Macro,True,False,False,False,7
POST_04798,2025-07-28 00:09:00,TikTok,Duet,Entertainment,44692,807,2523,338393,1975,160572,29.91,0,Monday,26,199,Neutral,Macro,True,False,False,True,7
POST_00009,2025-07-28 06:45:00,Facebook,Post,Health,7278,270,132,20146,242,175208,4.38,6,Monday,25,928,Positive,Macro,True,False,False,False,7
POST_00514,2025-07-28 10:58:00,TikTok,Duet,Fashion,9738,357,4809,149294,962,33088,45.04,10,Monday,1,387,Neutral,Micro,True,False,False,True,7
POST_01927,2025-07-28 12:15:00,Facebook,Video,Food,3672,289,68,46623,567,468048,0.86,12,Monday,9,147,Neutral,Macro,True,True,False,False,7
POST_02311,2025-07-28 13:25:00,Facebook,Post,Gaming,2407,146,440,21415,496,476294,0.63,13,Monday,6,1465,Positive,Macro,False,False,False,False,7
POST_02478,2025-07-28 19:47:00,TikTok,Duet,Business,30896,1051,1577,88127,1730,310168,10.81,19,Monday,5,234,Positive,Macro,True,True,False,False,7
POST_00810,2025-07-29 03:16:00,Instagram,Carousel,Fitness,9196,201,43,22231,203,71232,13.25,3,Tuesday,13,645,Neutral,Mid-tier,True,False,False,False,7
POST_02633,2025-07-29 05:29:00,Instagram,Reel,Entertainment,7200,358,88,14361,574,151431,5.05,5,Tuesday,6,556,Neutral,Macro,True,True,False,False,7
POST_03297,2025-07-29 05:32:00,Facebook,Story,Gaming,2650,319,106,3473,181,129701,2.37,5,Tuesday,24,810,Positive,Macro,True,False,False,False,7
POST_04396,2025-07-29 08:54:00,TikTok,Stitch,Travel,10065,1339,333,59784,1756,472133,2.49,8,Tuesday,21,470,Negative,Macro,True,False,False,False,7
POST_00583,2025-07-29 10:42:00,Facebook,Post,Sports,5997,233,243,65271,260,133476,4.85,10,Tuesday,7,678,Neutral,Macro,True,False,False,False,7
POST_04305,2025-07-29 13:51:00,TikTok,Stitch,Business,2986,1066,815,188552,2912,491285,0.99,13,Tuesday,18,128,Positive,Macro,True,False,False,False,7
POST_03809,2025-07-30 02:19:00,Instagram,Photo,Food,2848,440,10,34761,641,202601,1.63,2,Wednesday,3,1259,Positive,Macro,False,False,False,False,7
POST_02189,2025-07-30 15:49:00,TikTok,Stitch,Lifestyle,27415,638,1309,184577,605,376726,7.79,15,Wednesday,3,390,Neutral,Macro,True,True,False,False,7
POST_02430,2025-07-30 17:13:00,TikTok,Video,Technology,41653,1434,1946,464608,1942,71055,63.38,17,Wednesday,21,222,Positive,Mid-tier,True,False,False,True,7
POST_03532,2025-07-30 19:27:00,TikTok,Duet,Entertainment,37213,774,3658,155170,140,217077,19.18,19,Wednesday,29,55,Negative,Macro,False,True,False,True,7
POST_00851,2025-07-31 01:52:00,Instagram,Reel,Gaming,4518,492,260,28117,540,402382,1.31,1,Thursday,0,287,Positive,Macro,True,False,False,False,7
POST_01009,2025-07-31 03:03:00,Instagram,Photo,Technology,6860,77,198,38630,607,242044,2.95,3,Thursday,21,462,Positive,Macro,True,True,False,False,7
POST_01542,2025-07-31 04:36:00,Instagram,Reel,Food,7043,466,159,41525,982,462416,1.66,4,Thursday,8,178,Positive,Macro,True,False,False,False,7
POST_01213,2025-07-31 06:37:00,Instagram,Carousel,Technology,7965,264,193,22205,783,270262,3.12,6,Thursday,21,1304,Neutral,Macro,True,False,False,False,7
POST_01156,2025-07-31 07:36:00,TikTok,Video,Food,2264,467,2632,249525,2142,215111,2.49,7,Thursday,23,236,Positive,Macro,True,True,False,False,7
POST_04423,2025-07-31 21:41:00,Facebook,Live,Food,1127,286,575,58292,513,157579,1.26,21,Thursday,20,372,Positive,Macro,True,True,False,False,7
POST_02543,2025-08-01 05:20:00,TikTok,Duet,Education,46736,997,4348,373793,956,465383,11.19,5,Friday,28,474,Positive,Macro,True,False,False,False,8
POST_00653,2025-08-01 20:40:00,Facebook,Post,Sports,2500,28,943,5699,708,147224,2.36,20,Friday,6,1363,Neutral,Macro,True,False,False,False,8
POST_04584,2025-08-02 01:50:00,TikTok,Duet,Health,41964,173,1156,334705,155,186372,23.23,1,Saturday,22,457,Positive,Macro,True,False,False,True,8
POST_01572,2025-08-02 03:59:00,Instagram,Carousel,Gaming,3404,202,33,5243,769,129216,2.82,3,Saturday,2,170,Negative,Macro,True,False,False,False,8
POST_04203,2025-08-02 05:12:00,Instagram,Story,Technology,1330,446,285,14647,370,139469,1.48,5,Saturday,8,1628,Neutral,Macro,True,False,False,False,8
POST_02060,2025-08-02 21:55:00,Facebook,Story,Education,2945,245,256,22836,314,38159,9.03,21,Saturday,2,1273,Negative,Micro,True,False,False,False,8
POST_03350,2025-08-02 23:40:00,Instagram,Story,Education,1716,226,154,12642,993,46376,4.52,23,Saturday,26,408,Negative,Micro,True,False,False,False,8
POST_01432,2025-08-03 05:23:00,Facebook,Post,Fitness,2075,16,103,25632,41,25935,8.46,5,Sunday,6,893,Neutral,Micro,False,False,False,False,8
POST_03335,2025-08-03 16:30:00,TikTok,Duet,Technology,41086,236,3887,271116,1641,225377,20.06,16,Sunday,27,309,Positive,Macro,True,True,False,True,8
POST_01649,2025-08-03 18:37:00,TikTok,Duet,Entertainment,16594,593,3245,407894,818,333815,6.12,18,Sunday,25,394,Neutral,Macro,True,False,False,False,8
POST_04776,2025-08-03 20:31:00,TikTok,Duet,Entertainment,24664,652,3977,378698,543,412256,7.11,20,Sunday,6,322,Neutral,Macro,True,False,False,False,8
POST_00041,2025-08-03 22:20:00,Instagram,Carousel,Sports,9321,19,186,41261,428,62227,15.31,22,Sunday,16,618,Neutral,Mid-tier,True,False,False,True,8
POST_01569,2025-08-04 01:11:00,Facebook,Story,Fashion,3702,79,652,26293,117,246782,1.8,1,Monday,20,369,Negative,Macro,True,False,False,False,8
POST_02248,2025-08-04 01:25:00,TikTok,Video,Travel,45677,1232,4349,105146,2341,3840,200.0,1,Monday,3,96,Positive,Nano,False,True,False,True,8
POST_01473,2025-08-04 01:27:00,TikTok,Stitch,Health,6383,672,4136,204933,2161,48001,23.31,1,Monday,29,578,Positive,Micro,True,False,False,True,8
POST_03156,2025-08-04 04:12:00,Facebook,Post,Sports,4056,251,592,69488,368,188430,2.6,4,Monday,27,1345,Negative,Macro,True,False,False,False,8
POST_04972,2025-08-04 10:57:00,TikTok,Duet,Education,19504,1054,3312,355940,2851,280118,8.52,10,Monday,22,518,Neutral,Macro,True,False,False,False,8
POST_04033,2025-08-04 20:51:00,Instagram,Story,Fashion,7421,406,247,13398,280,48808,16.54,20,Monday,20,1382,Neutral,Micro,True,False,False,True,8
POST_04074,2025-08-05 03:25:00,Facebook,Video,Technology,5082,17,110,45929,292,88606,5.88,3,Tuesday,10,353,Negative,Mid-tier,True,True,False,False,8
POST_03515,2025-08-05 04:13:00,TikTok,Duet,Food,31462,1670,344,385322,2148,362407,9.24,4,Tuesday,14,190,Positive,Macro,True,False,False,False,8
POST_04135,2025-08-05 05:16:00,Facebook,Live,Business,3353,182,104,31411,592,494953,0.74,5,Tuesday,23,466,Positive,Macro,True,False,False,False,8
POST_03551,2025-08-05 08:22:00,TikTok,Duet,Technology,36025,1996,1454,415556,762,341413,11.56,8,Tuesday,0,524,Negative,Macro,True,False,False,False,8
POST_01396,2025-08-05 13:23:00,TikTok,Stitch,Travel,30141,485,3390,328870,1958,223049,15.25,13,Tuesday,29,574,Negative,Macro,False,False,False,True,8
POST_00357,2025-08-05 19:03:00,Instagram,Story,Gaming,6456,55,66,34629,310,271686,2.42,19,Tuesday,18,495,Positive,Macro,True,True,False,False,8
POST_00129,2025-08-06 07:37:00,Instagram,Carousel,Lifestyle,5683,176,285,46030,63,290035,2.12,7,Wednesday,24,232,Positive,Macro,True,False,False,False,8
POST_03853,2025-08-06 07:56:00,Facebook,Video,Food,7152,45,233,23254,451,396427,1.87,7,Wednesday,3,25,Positive,Macro,False,True,False,False,8
POST_02780,2025-08-06 21:19:00,Instagram,Photo,Technology,2712,402,147,16628,318,282392,1.15,21,Wednesday,17,302,Negative,Macro,True,False,False,False,8
POST_03502,2025-08-07 05:26:00,TikTok,Duet,Education,39402,618,469,475383,1334,19818,200.0,5,Thursday,26,571,Negative,Micro,True,True,False,True,8
POST_00095,2025-08-07 18:30:00,TikTok,Stitch,Fitness,49362,99,782,444575,1406,50269,99.95,18,Thursday,8,311,Neutral,Mid-tier,False,False,False,True,8
POST_03377,2025-08-07 23:32:00,TikTok,Video,Entertainment,38299,1477,4398,290697,2171,331604,13.32,23,Thursday,27,513,Positive,Macro,True,False,False,False,8
POST_03870,2025-08-08 00:47:00,Instagram,Reel,Food,5723,356,111,34063,135,659,200.0,0,Friday,3,300,Neutral,Nano,True,True,False,True,8
POST_00855,2025-08-08 13:39:00,Instagram,Reel,Fitness,3189,210,7,49452,40,105483,3.23,13,Friday,25,554,Positive,Macro,True,False,False,False,8
POST_03296,2025-08-08 15:30:00,Instagram,Photo,Travel,9227,466,115,31345,611,6194,158.35,15,Friday,28,681,Positive,Nano,True,True,False,True,8
POST_01606,2025-08-08 17:53:00,Facebook,Story,Technology,7289,84,741,54126,669,179659,4.52,17,Friday,25,447,Neutral,Macro,True,True,False,False,8
POST_00667,2025-08-08 20:12:00,Instagram,Photo,Health,8310,98,187,11643,691,207165,4.15,20,Friday,18,1681,Neutral,Macro,False,True,False,False,8
POST_02094,2025-08-09 04:03:00,Facebook,Live,Sports,4042,207,503,13682,569,258201,1.84,4,Saturday,27,336,Positive,Macro,True,True,False,False,8
POST_02534,2025-08-09 04:27:00,Instagram,Carousel,Lifestyle,7893,31,184,46265,858,303859,2.67,4,Saturday,19,628,Neutral,Macro,True,False,False,False,8
POST_03905,2025-08-09 04:40:00,TikTok,Stitch,Sports,24710,166,3364,122702,445,71234,39.64,4,Saturday,7,516,Neutral,Mid-tier,True,False,False,True,8
POST_04228,2025-08-09 11:52:00,Facebook,Story,Fitness,7361,351,984,25219,650,193991,4.48,11,Saturday,29,504,Positive,Macro,True,True,False,False,8
POST_04376,2025-08-09 15:17:00,Facebook,Post,Technology,5312,63,9,60651,224,422293,1.27,15,Saturday,7,1408,Negative,Macro,True,False,False,False,8
POST_01011,2025-08-09 17:09:00,Instagram,Reel,Gaming,2061,420,191,11980,937,188420,1.42,17,Saturday,15,497,Positive,Macro,True,True,False,False,8
POST_01952,2025-08-09 17:22:00,Instagram,Reel,Technology,2239,210,200,47498,180,201686,1.31,17,Saturday,9,160,Positive,Macro,True,True,False,False,8
POST_00921,2025-08-09 22:07:00,TikTok,Video,Gaming,15269,1402,50,389828,753,269136,6.21,22,Saturday,11,274,Neutral,Macro,True,False,False,False,8
POST_02204,2025-08-10 08:11:00,Instagram,Carousel,Health,942,54,108,19964,754,68745,1.61,8,Sunday,3,1359,Neutral,Mid-tier,True,False,False,False,8
POST_01509,2025-08-10 13:52:00,Facebook,Video,Sports,6874,304,50,40752,585,156777,4.61,13,Sunday,10,337,Neutral,Macro,True,False,False,False,8
POST_04978,2025-08-10 20:26:00,Instagram,Carousel,Gaming,4378,52,209,39126,510,369635,1.26,20,Sunday,4,1031,Positive,Macro,True,False,False,False,8
POST_03120,2025-08-10 21:09:00,Instagram,Reel,Technology,3752,21,192,10439,87,282273,1.4,21,Sunday,8,258,Positive,Macro,True,True,False,False,8
POST_03667,2025-08-11 01:40:00,TikTok,Duet,Gaming,11479,254,4775,53731,134,223778,7.38,1,Monday,16,308,Neutral,Macro,True,True,False,False,8
POST_01988,2025-08-11 07:58:00,Facebook,Video,Lifestyle,4424,203,139,18328,76,113645,4.19,7,Monday,21,516,Positive,Macro,True,False,False,False,8
POST_00480,2025-08-11 09:44:00,Facebook,Live,Gaming,2373,109,864,46809,537,267485,1.25,9,Monday,27,73,Neutral,Macro,True,True,False,False,8
POST_02650,2025-08-11 19:22:00,Facebook,Story,Technology,3698,308,912,57582,790,289618,1.7,19,Monday,23,1094,Positive,Macro,True,False,False,False,8
POST_03175,2025-08-12 00:54:00,Instagram,Photo,Fashion,4447,289,228,30407,365,357009,1.39,0,Tuesday,4,1471,Positive,Macro,True,False,False,False,8
POST_04988,2025-08-12 00:58:00,Facebook,Video,Food,7031,149,277,35093,42,41332,18.04,0,Tuesday,5,306,Neutral,Micro,True,False,False,True,8
POST_02482,2025-08-12 02:07:00,TikTok,Video,Food,25223,169,3004,462102,2640,91918,30.89,2,Tuesday,25,414,Negative,Mid-tier,True,False,False,True,8
POST_04355,2025-08-12 03:43:00,Facebook,Post,Health,3011,123,746,42617,10,407607,0.95,3,Tuesday,18,918,Neutral,Macro,True,True,False,False,8
POST_02238,2025-08-12 21:14:00,Instagram,Carousel,Health,3391,355,221,24559,237,52104,7.61,21,Tuesday,20,1057,Neutral,Mid-tier,True,True,False,False,8
POST_04986,2025-08-13 00:18:00,Instagram,Reel,Sports,4717,423,243,26640,596,68463,7.86,0,Wednesday,10,394,Neutral,Mid-tier,True,False,False,False,8
POST_04850,2025-08-13 00:23:00,Instagram,Story,Technology,912,456,133,25432,657,268448,0.56,0,Wednesday,27,1073,Negative,Macro,False,False,False,False,8
POST_02219,2025-08-13 04:03:00,TikTok,Video,Fashion,49362,1521,1046,311658,393,206686,25.12,4,Wednesday,13,286,Positive,Macro,True,False,False,True,8
POST_00194,2025-08-13 06:16:00,Facebook,Post,Entertainment,2327,91,129,68496,144,355886,0.72,6,Wednesday,16,723,Positive,Macro,True,False,False,False,8
POST_02453,2025-08-13 12:05:00,Facebook,Live,Health,139,151,410,65985,706,438498,0.16,12,Wednesday,23,506,Positive,Macro,True,False,False,False,8
POST_01429,2025-08-13 20:04:00,Facebook,Live,Sports,7579,273,938,24758,699,60806,14.46,20,Wednesday,16,212,Positive,Mid-tier,False,True,False,True,8
POST_02145,2025-08-14 11:49:00,Facebook,Story,Technology,3833,393,106,19912,505,48568,8.92,11,Thursday,7,919,Negative,Micro,True,False,False,False,8
POST_00588,2025-08-14 16:13:00,Instagram,Photo,Sports,9396,361,174,37193,894,101995,9.74,16,Thursday,25,873,Positive,Macro,True,False,False,False,8
POST_02680,2025-08-14 21:21:00,Facebook,Story,Lifestyle,1918,3,186,7629,688,221390,0.95,21,Thursday,24,519,Positive,Macro,True,False,False,False,8
POST_03229,2025-08-15 00:33:00,Instagram,Carousel,Education,1561,215,233,32089,704,144597,1.39,0,Friday,16,108,Positive,Macro,False,False,False,False,8
POST_03884,2025-08-15 03:05:00,Instagram,Story,Food,2457,68,254,44281,965,276993,1.0,3,Friday,27,283,Neutral,Macro,True,False,False,False,8
POST_03333,2025-08-15 03:37:00,Instagram,Carousel,Gaming,1654,112,36,12634,53,418192,0.43,3,Friday,21,1975,Neutral,Macro,True,True,False,False,8
POST_02634,2025-08-15 11:59:00,Instagram,Carousel,Lifestyle,9805,81,201,14206,440,334996,3.01,11,Friday,14,373,Negative,Macro,False,False,False,False,8
POST_02072,2025-08-15 17:36:00,Facebook,Post,Entertainment,4977,326,180,64003,374,125909,4.35,17,Friday,20,1898,Positive,Macro,False,False,False,False,8
POST_03927,2025-08-15 18:21:00,Facebook,Video,Lifestyle,1997,329,216,78932,115,382923,0.66,18,Friday,19,155,Positive,Macro,True,False,False,False,8
POST_02945,2025-08-16 07:59:00,TikTok,Stitch,Education,31930,1736,3092,254212,699,128879,28.52,7,Saturday,0,242,Positive,Macro,True,False,False,True,8
POST_02824,2025-08-16 09:39:00,Instagram,Story,Gaming,9955,265,236,47744,492,189051,5.53,9,Saturday,21,1361,Neutral,Macro,True,False,False,False,8
POST_03225,2025-08-16 11:22:00,Instagram,Carousel,Entertainment,4028,354,38,32902,956,274399,1.61,11,Saturday,10,1116,Positive,Macro,True,False,False,False,8
POST_00494,2025-08-16 11:46:00,Instagram,Photo,Fitness,4140,19,161,31424,990,413077,1.05,11,Saturday,8,1109,Positive,Macro,True,False,False,False,8
POST_00652,2025-08-16 14:43:00,Facebook,Post,Education,1206,269,673,4247,450,8339,25.76,14,Saturday,23,840,Positive,Nano,True,False,False,True,8
POST_00120,2025-08-16 23:34:00,Facebook,Story,Business,6005,388,803,71307,744,432041,1.67,23,Saturday,29,1550,Positive,Macro,False,True,False,False,8
POST_02022,2025-08-17 15:21:00,Facebook,Video,Gaming,306,204,218,38171,82,318872,0.23,15,Sunday,11,36,Positive,Macro,True,True,False,False,8
POST_03379,2025-08-17 16:16:00,Instagram,Photo,Gaming,390,283,202,38680,807,301474,0.29,16,Sunday,4,1660,Neutral,Macro,True,False,False,False,8
POST_02538,2025-08-17 17:43:00,Instagram,Carousel,Travel,1490,27,64,12089,489,61545,2.57,17,Sunday,27,1070,Negative,Mid-tier,True,False,False,False,8
POST_00665,2025-08-17 17:50:00,Instagram,Story,Food,2884,287,250,10886,490,336321,1.02,17,Sunday,4,1459,Neutral,Macro,True,True,False,False,8
POST_02968,2025-08-18 01:08:00,Facebook,Video,Fashion,7157,23,643,68668,640,440206,1.78,1,Monday,5,451,Positive,Macro,False,False,False,False,8
POST_00761,2025-08-18 23:48:00,Instagram,Photo,Sports,8031,265,114,13193,995,294779,2.85,23,Monday,22,868,Positive,Macro,True,True,False,False,8
POST_01912,2025-08-19 18:42:00,TikTok,Duet,Fashion,18640,1810,4575,212113,1211,200807,12.46,18,Tuesday,26,100,Positive,Macro,False,False,False,False,8
POST_00990,2025-08-19 23:36:00,TikTok,Stitch,Technology,5415,1295,1325,230648,1256,347692,2.31,23,Tuesday,25,279,Neutral,Macro,True,False,False,False,8
POST_04615,2025-08-20 03:46:00,Instagram,Photo,Technology,9754,135,82,28514,68,139709,7.14,3,Wednesday,20,1917,Positive,Macro,True,True,False,False,8
POST_00468,2025-08-20 04:14:00,TikTok,Stitch,Business,41576,627,1321,340732,661,67472,64.51,4,Wednesday,22,381,Positive,Mid-tier,True,True,False,True,8
POST_00881,2025-08-20 11:03:00,Instagram,Story,Fashion,5133,202,48,43223,766,390686,1.38,11,Wednesday,5,1378,Positive,Macro,True,False,False,False,8
POST_00048,2025-08-20 12:23:00,Facebook,Story,Technology,2380,31,474,61004,84,65292,4.42,12,Wednesday,0,1400,Positive,Mid-tier,True,False,False,False,8
POST_03130,2025-08-20 16:14:00,TikTok,Stitch,Food,33089,746,3957,217151,1437,41428,91.22,16,Wednesday,1,179,Positive,Micro,True,False,False,True,8
POST_00132,2025-08-20 18:33:00,Instagram,Carousel,Technology,4005,414,236,7305,414,220799,2.11,18,Wednesday,0,1259,Neutral,Macro,True,False,False,False,8
POST_03979,2025-08-20 20:02:00,Instagram,Carousel,Fitness,6911,36,75,49902,459,357178,1.97,20,Wednesday,10,1507,Neutral,Macro,True,False,False,False,8
POST_01532,2025-08-21 07:10:00,Facebook,Video,Lifestyle,3419,348,636,10258,144,159975,2.75,7,Thursday,25,503,Positive,Macro,True,True,False,False,8
POST_02871,2025-08-21 12:29:00,TikTok,Duet,Education,17379,1186,3773,201012,1826,251745,8.87,12,Thursday,5,185,Positive,Macro,True,False,False,False,8
POST_00253,2025-08-21 22:01:00,TikTok,Video,Technology,23565,245,2229,91569,2885,92670,28.1,22,Thursday,15,202,Positive,Mid-tier,False,False,False,True,8
POST_03383,2025-08-21 23:24:00,Instagram,Reel,Sports,5604,111,9,42661,251,210139,2.72,23,Thursday,15,370,Positive,Macro,True,True,False,False,8
POST_01995,2025-08-22 01:44:00,TikTok,Duet,Health,1244,1989,2719,358807,2918,479502,1.24,1,Friday,12,397,Positive,Macro,True,False,False,False,8
POST_04143,2025-08-22 14:24:00,Instagram,Reel,Travel,9777,178,53,27123,299,76146,13.14,14,Friday,21,453,Positive,Mid-tier,True,False,False,False,8
POST_02589,2025-08-22 22:34:00,Instagram,Story,Gaming,1817,105,163,29792,444,255319,0.82,22,Friday,16,1851,Negative,Macro,True,False,False,False,8
POST_02174,2025-08-23 06:33:00,TikTok,Video,Fashion,39565,1083,2179,396313,279,329530,13.0,6,Saturday,6,227,Positive,Macro,True,False,False,False,8
POST_04568,2025-08-23 20:52:00,Instagram,Story,Health,4068,207,12,7574,668,150488,2.85,20,Saturday,11,1999,Positive,Macro,True,False,False,False,8
POST_03792,2025-08-23 21:06:00,Instagram,Reel,Technology,3582,116,216,5334,751,204988,1.91,21,Saturday,10,236,Negative,Macro,True,False,False,False,8
POST_01399,2025-08-24 02:00:00,Facebook,Video,Fashion,2443,219,467,23355,720,419215,0.75,2,Sunday,9,367,Neutral,Macro,True,False,False,False,8
POST_03558,2025-08-24 23:29:00,Facebook,Live,Food,248,7,915,26102,714,136653,0.86,23,Sunday,26,217,Neutral,Macro,False,False,False,False,8
POST_00525,2025-08-24 23:46:00,TikTok,Duet,Technology,344,30,413,182561,1036,491800,0.16,23,Sunday,7,383,Positive,Macro,True,True,False,False,8
POST_03318,2025-08-25 00:20:00,Instagram,Carousel,Technology,1539,300,288,24574,346,72707,2.93,0,Monday,17,623,Positive,Mid-tier,True,False,False,False,8
POST_01765,2025-08-25 09:10:00,Instagram,Reel,Business,6691,92,204,20136,821,270642,2.58,9,Monday,7,260,Positive,Macro,True,False,False,False,8
POST_00356,2025-08-25 13:19:00,Facebook,Post,Entertainment,7129,232,111,16548,727,213906,3.49,13,Monday,4,1824,Positive,Macro,True,False,False,False,8
POST_03714,2025-08-25 17:33:00,Facebook,Post,Food,816,298,844,51850,537,398398,0.49,17,Monday,24,1827,Neutral,Macro,True,True,False,False,8
POST_01313,2025-08-25 22:22:00,Facebook,Live,Health,3620,114,52,58971,40,302883,1.25,22,Monday,25,328,Positive,Macro,True,False,False,False,8
POST_03388,2025-08-26 01:31:00,Facebook,Story,Gaming,7501,75,396,74889,271,481107,1.66,1,Tuesday,14,1357,Positive,Macro,True,False,False,False,8
POST_01627,2025-08-26 07:35:00,Instagram,Carousel,Lifestyle,4166,320,53,22441,432,386257,1.18,7,Tuesday,26,779,Positive,Macro,True,False,False,False,8
POST_03734,2025-08-26 13:03:00,Facebook,Story,Technology,7835,338,388,21246,323,88937,9.63,13,Tuesday,3,710,Positive,Mid-tier,True,False,False,False,8
POST_00334,2025-08-26 16:38:00,Instagram,Carousel,Fashion,8417,215,260,38134,933,420664,2.11,16,Tuesday,28,148,Neutral,Macro,True,False,False,False,8
POST_02052,2025-08-26 23:54:00,Facebook,Live,Technology,5191,224,712,63039,17,153775,3.98,23,Tuesday,18,190,Positive,Macro,True,False,False,False,8
POST_02047,2025-08-27 06:58:00,Instagram,Story,Fitness,4501,322,88,26166,868,226542,2.17,6,Wednesday,10,1631,Negative,Macro,True,False,False,False,8
POST_02400,2025-08-27 08:03:00,Facebook,Live,Travel,5410,136,977,37001,575,437110,1.49,8,Wednesday,2,505,Positive,Macro,True,False,False,False,8
POST_00440,2025-08-27 10:55:00,Instagram,Carousel,Gaming,5341,227,218,28392,345,137053,4.22,10,Wednesday,23,985,Negative,Macro,True,False,False,False,8
POST_01827,2025-08-27 15:51:00,Instagram,Reel,Health,7516,252,298,46532,973,113594,7.1,15,Wednesday,20,73,Positive,Macro,True,True,False,False,8
POST_01540,2025-08-28 00:45:00,Facebook,Video,Food,4355,170,813,61387,367,199727,2.67,0,Thursday,11,22,Positive,Macro,True,False,False,False,8
POST_03031,2025-08-28 04:58:00,Instagram,Story,Gaming,5902,80,228,13764,597,24693,25.15,4,Thursday,27,1128,Neutral,Micro,True,False,False,True,8
POST_01455,2025-08-28 15:49:00,Instagram,Photo,Business,77,140,242,9547,963,271464,0.17,15,Thursday,22,1957,Positive,Macro,True,False,False,False,8
POST_03596,2025-08-28 23:39:00,Facebook,Video,Education,384,203,969,41299,375,100359,1.55,23,Thursday,21,577,Positive,Macro,False,False,False,False,8
POST_01061,2025-08-28 23:58:00,TikTok,Duet,Lifestyle,27373,1799,1560,135223,2507,209497,14.67,23,Thursday,1,476,Neutral,Macro,True,False,False,True,8
POST_04309,2025-08-29 06:47:00,TikTok,Duet,Entertainment,13993,1516,2779,496578,820,321891,5.68,6,Friday,28,111,Negative,Macro,True,False,False,False,8
POST_00304,2025-08-29 08:20:00,Facebook,Story,Food,125,386,286,3169,403,493300,0.16,8,Friday,4,1041,Neutral,Macro,True,False,False,False,8
POST_03002,2025-08-29 18:20:00,TikTok,Duet,Business,30501,773,2329,142702,2551,5541,200.0,18,Friday,6,284,Neutral,Nano,True,True,False,True,8
POST_02730,2025-08-29 20:53:00,Facebook,Story,Entertainment,2587,167,281,31776,139,379041,0.8,20,Friday,20,1219,Negative,Macro,True,False,False,False,8
POST_04903,2025-08-30 04:01:00,Instagram,Reel,Fitness,4042,455,283,28733,737,364431,1.31,4,Saturday,7,384,Neutral,Macro,False,False,False,False,8
POST_04378,2025-08-30 05:24:00,TikTok,Stitch,Business,11019,970,3355,450014,645,388676,3.95,5,Saturday,7,153,Positive,Macro,False,False,False,False,8
POST_00130,2025-08-31 01:39:00,Facebook,Video,Entertainment,5607,69,424,45445,639,207848,2.93,1,Sunday,24,249,Positive,Macro,False,False,False,False,8
POST_02706,2025-08-31 02:21:00,TikTok,Stitch,Education,41863,669,2386,345047,1526,274074,16.39,2,Sunday,1,451,Neutral,Macro,True,False,False,True,8
POST_04710,2025-08-31 05:01:00,Facebook,Live,Fashion,3108,186,120,65241,30,329392,1.04,5,Sunday,25,246,Positive,Macro,True,False,False,False,8
POST_03512,2025-08-31 21:00:00,Instagram,Carousel,Technology,1999,85,145,23463,17,327044,0.68,21,Sunday,13,1624,Neutral,Macro,True,True,False,False,8
POST_04860,2025-09-01 05:34:00,TikTok,Duet,Travel,47929,1925,2456,175927,1854,27597,189.55,5,Monday,23,564,Neutral,Micro,True,False,False,True,9
POST_01641,2025-09-01 08:20:00,Facebook,Story,Gaming,1572,307,698,78732,331,45138,5.71,8,Monday,13,266,Positive,Micro,True,False,False,False,9
POST_03262,2025-09-01 12:07:00,Facebook,Video,Travel,457,369,347,40058,103,257596,0.46,12,Monday,18,43,Neutral,Macro,True,False,False,False,9
POST_02466,2025-09-01 18:32:00,Instagram,Carousel,Entertainment,2937,439,27,15060,455,277325,1.23,18,Monday,1,292,Neutral,Macro,False,False,False,False,9
POST_01283,2025-09-02 04:36:00,Facebook,Story,Health,3081,206,116,52324,265,323555,1.05,4,Tuesday,9,1133,Positive,Macro,False,True,False,False,9
POST_00191,2025-09-02 13:22:00,Instagram,Carousel,Fitness,9431,297,69,28373,179,64814,15.12,13,Tuesday,18,1253,Positive,Mid-tier,False,False,False,True,9
POST_02765,2025-09-02 14:20:00,Instagram,Story,Technology,284,73,99,17883,320,305728,0.15,14,Tuesday,5,1319,Negative,Macro,True,False,False,False,9
POST_00055,2025-09-02 14:33:00,Facebook,Video,Gaming,288,309,851,73967,253,55514,2.61,14,Tuesday,19,334,Neutral,Mid-tier,True,False,False,False,9
POST_00313,2025-09-02 22:56:00,Instagram,Carousel,Gaming,5046,225,118,26169,907,77713,6.93,22,Tuesday,10,426,Neutral,Mid-tier,True,False,False,False,9
POST_03593,2025-09-02 23:35:00,Facebook,Story,Entertainment,198,70,11,76262,139,424194,0.07,23,Tuesday,14,1326,Neutral,Macro,True,False,False,False,9
POST_02162,2025-09-03 01:49:00,Facebook,Post,Entertainment,2557,379,771,34543,16,423228,0.88,1,Wednesday,15,108,Positive,Macro,True,False,False,False,9
POST_04835,2025-09-03 06:04:00,Facebook,Live,Sports,2316,194,131,18125,548,275520,0.96,6,Wednesday,21,489,Positive,Macro,True,True,False,False,9
POST_00704,2025-09-03 12:09:00,Instagram,Photo,Gaming,9678,435,64,18254,914,83946,12.12,12,Wednesday,20,416,Positive,Mid-tier,True,False,False,False,9
POST_02295,2025-09-03 14:40:00,Instagram,Carousel,Technology,1994,422,55,22751,132,116542,2.12,14,Wednesday,5,538,Positive,Macro,True,False,False,False,9
POST_01319,2025-09-03 17:10:00,Instagram,Photo,Gaming,3781,188,228,28951,557,223947,1.87,17,Wednesday,4,796,Positive,Macro,True,False,False,False,9
POST_00883,2025-09-03 20:43:00,Instagram,Photo,Travel,4931,344,262,24564,95,374377,1.48,20,Wednesday,22,1178,Negative,Macro,True,False,False,False,9
POST_02831,2025-09-03 23:19:00,Facebook,Post,Travel,6636,291,279,78638,48,231114,3.12,23,Wednesday,28,1035,Positive,Macro,True,False,False,False,9
POST_00381,2025-09-04 01:56:00,Instagram,Photo,Sports,9647,70,6,28240,874,139080,6.99,1,Thursday,15,806,Positive,Macro,True,False,False,False,9
POST_01185,2025-09-04 10:55:00,Instagram,Photo,Fashion,6106,155,134,40762,194,191508,3.34,10,Thursday,6,1800,Negative,Macro,True,False,False,False,9
POST_02167,2025-09-05 16:33:00,Facebook,Post,Fashion,5595,76,100,13260,413,96347,5.99,16,Friday,6,621,Positive,Mid-tier,True,False,False,False,9
POST_00422,2025-09-05 16:47:00,TikTok,Video,Food,20754,1932,1428,47903,2338,392651,6.14,16,Friday,22,24,Positive,Macro,True,True,False,False,9
POST_02097,2025-09-05 18:40:00,Facebook,Story,Technology,4440,306,905,72718,734,299350,1.89,18,Friday,15,1692,Negative,Macro,True,False,False,False,9
POST_04391,2025-09-05 22:11:00,Instagram,Story,Technology,5848,250,246,47387,924,41750,15.2,22,Friday,4,373,Positive,Micro,True,True,False,True,9
POST_04886,2025-09-06 10:21:00,TikTok,Stitch,Travel,35203,1145,1745,210914,1939,343029,11.1,10,Saturday,29,84,Positive,Macro,True,False,False,False,9
POST_02156,2025-09-06 13:05:00,Instagram,Carousel,Sports,3577,263,271,18372,43,38488,10.68,13,Saturday,18,865,Negative,Micro,True,False,False,False,9
POST_03221,2025-09-08 06:37:00,Facebook,Video,Lifestyle,4870,211,54,24412,250,213441,2.41,6,Monday,11,65,Neutral,Macro,True,True,False,False,9
POST_01570,2025-09-08 10:58:00,Facebook,Story,Travel,6526,303,95,37575,421,217937,3.18,10,Monday,14,1949,Positive,Macro,True,False,False,False,9
POST_04318,2025-09-08 18:14:00,Instagram,Photo,Gaming,3536,103,171,19633,627,170796,2.23,18,Monday,24,1463,Positive,Macro,True,False,False,False,9
POST_01081,2025-09-09 01:55:00,TikTok,Stitch,Health,14770,1880,4748,462391,624,490106,4.37,1,Tuesday,28,512,Positive,Macro,True,False,False,False,9
POST_01938,2025-09-09 06:49:00,TikTok,Video,Fashion,27426,1323,1734,268279,2311,166690,18.29,6,Tuesday,18,503,Positive,Macro,True,False,False,True,9
POST_02627,2025-09-09 09:21:00,Instagram,Reel,Lifestyle,7314,51,192,25215,624,441807,1.71,9,Tuesday,8,21,Neutral,Macro,True,False,False,False,9
POST_04742,2025-09-09 10:01:00,Instagram,Photo,Travel,7844,23,36,49699,754,296096,2.67,10,Tuesday,22,1245,Positive,Macro,True,False,False,False,9
POST_03268,2025-09-09 12:31:00,Facebook,Video,Gaming,205,31,681,75845,484,61902,1.48,12,Tuesday,24,158,Positive,Mid-tier,True,False,False,False,9
POST_02118,2025-09-09 17:52:00,Facebook,Post,Food,6226,175,951,76325,386,4849,151.62,17,Tuesday,15,360,Negative,Nano,True,False,False,True,9
POST_03850,2025-09-09 18:11:00,Instagram,Story,Education,721,257,90,2130,281,402937,0.27,18,Tuesday,21,1301,Positive,Macro,True,True,False,False,9
POST_01206,2025-09-09 22:12:00,TikTok,Stitch,Travel,34354,595,3318,140542,1573,373663,10.24,22,Tuesday,16,309,Neutral,Macro,True,False,False,False,9
POST_04427,2025-09-10 07:04:00,Instagram,Carousel,Gaming,8824,259,132,37924,542,164798,5.59,7,Wednesday,28,1060,Neutral,Macro,True,False,False,False,9
POST_00383,2025-09-10 08:01:00,Facebook,Video,Lifestyle,7409,10,163,28715,668,179431,4.23,8,Wednesday,2,91,Positive,Macro,True,False,False,False,9
POST_04618,2025-09-10 17:13:00,TikTok,Duet,Entertainment,38667,891,337,137602,2619,384612,10.37,17,Wednesday,6,172,Positive,Macro,True,False,False,False,9
POST_00802,2025-09-11 04:43:00,Instagram,Photo,Education,2521,319,129,23059,102,65194,4.55,4,Thursday,9,1349,Positive,Mid-tier,True,False,False,False,9
POST_00153,2025-09-11 06:45:00,Instagram,Story,Travel,6391,220,185,12814,175,355907,1.91,6,Thursday,11,1780,Neutral,Macro,True,False,False,False,9
POST_00850,2025-09-11 10:53:00,Facebook,Story,Entertainment,5356,176,700,8725,43,219462,2.84,10,Thursday,18,1285,Neutral,Macro,True,False,False,False,9
POST_03743,2025-09-12 04:48:00,TikTok,Video,Lifestyle,34612,945,2378,374871,1227,8561,200.0,4,Friday,26,54,Negative,Nano,True,True,False,True,9
POST_02180,2025-09-12 06:29:00,Facebook,Video,Fashion,3081,168,600,53516,567,164666,2.34,6,Friday,27,306,Positive,Macro,False,False,False,False,9
POST_01001,2025-09-12 11:26:00,Instagram,Reel,Lifestyle,9355,395,168,11090,78,225651,4.4,11,Friday,2,474,Positive,Macro,True,True,False,False,9
POST_04192,2025-09-12 15:04:00,TikTok,Duet,Business,19448,771,3333,380503,2977,85901,27.42,15,Friday,21,204,Positive,Mid-tier,True,True,False,True,9
POST_02553,2025-09-12 18:39:00,TikTok,Stitch,Fitness,27616,1305,74,473668,2960,473959,6.12,18,Friday,1,593,Positive,Macro,True,False,False,False,9
POST_00485,2025-09-12 23:31:00,Facebook,Video,Entertainment,621,143,478,22334,70,339273,0.37,23,Friday,5,192,Neutral,Macro,True,True,False,False,9
POST_04555,2025-09-13 03:27:00,Facebook,Video,Health,2208,11,728,7577,121,471348,0.63,3,Saturday,24,91,Neutral,Macro,True,False,False,False,9
POST_04441,2025-09-14 03:57:00,TikTok,Stitch,Travel,27559,851,2934,250108,1722,137215,22.84,3,Sunday,3,498,Neutral,Macro,True,False,False,True,9
POST_04631,2025-09-14 06:04:00,Instagram,Reel,Gaming,2361,210,19,42847,772,120218,2.15,6,Sunday,18,79,Negative,Macro,True,False,False,False,9
POST_01655,2025-09-15 15:02:00,Instagram,Reel,Technology,992,108,159,20193,312,307684,0.41,15,Monday,17,159,Positive,Macro,True,False,False,False,9
POST_04768,2025-09-15 20:33:00,Instagram,Photo,Technology,1470,42,174,25180,561,360896,0.47,20,Monday,27,244,Positive,Macro,True,False,False,False,9
POST_00596,2025-09-15 21:53:00,Facebook,Video,Health,1650,282,249,38987,369,356481,0.61,21,Monday,1,471,Neutral,Macro,True,False,False,False,9
POST_03011,2025-09-16 14:11:00,Facebook,Post,Lifestyle,3203,326,297,38772,208,263590,1.45,14,Tuesday,29,1039,Positive,Macro,True,False,False,False,9
POST_01373,2025-09-16 20:10:00,TikTok,Stitch,Gaming,48254,720,1415,209674,1170,5102,200.0,20,Tuesday,29,135,Neutral,Nano,True,False,False,True,9
POST_00358,2025-09-16 23:06:00,Facebook,Post,Technology,4503,177,967,42235,273,143541,3.93,23,Tuesday,12,605,Positive,Macro,True,False,False,False,9
POST_00223,2025-09-17 02:29:00,Instagram,Story,Education,7791,50,88,30806,816,327966,2.42,2,Wednesday,15,1525,Positive,Macro,True,False,False,False,9
POST_01273,2025-09-17 12:37:00,TikTok,Duet,Education,29494,1808,3423,235611,136,378942,9.16,12,Wednesday,29,95,Positive,Macro,True,False,False,False,9
POST_03638,2025-09-17 19:50:00,Instagram,Carousel,Gaming,8283,293,124,16910,471,452514,1.92,19,Wednesday,23,966,Positive,Macro,True,False,False,False,9
POST_03889,2025-09-17 20:27:00,Facebook,Video,Gaming,4502,222,902,70295,704,121845,4.62,20,Wednesday,8,299,Positive,Macro,True,False,False,False,9
POST_00982,2025-09-17 20:57:00,TikTok,Video,Technology,44944,537,2563,295846,211,316137,15.2,20,Wednesday,14,157,Neutral,Macro,True,False,False,True,9
POST_01571,2025-09-18 07:40:00,Facebook,Video,Sports,4827,75,689,77297,305,482095,1.16,7,Thursday,18,216,Neutral,Macro,True,True,False,False,9
POST_00926,2025-09-18 15:55:00,Instagram,Carousel,Gaming,7568,447,156,20739,515,223277,3.66,15,Thursday,22,397,Neutral,Macro,False,False,False,False,9
POST_02552,2025-09-18 19:17:00,Instagram,Carousel,Fashion,6764,189,45,36519,85,195062,3.59,19,Thursday,26,923,Neutral,Macro,True,False,False,False,9
POST_00146,2025-09-18 20:33:00,Instagram,Story,Gaming,2230,429,297,38421,901,376525,0.79,20,Thursday,5,1961,Positive,Macro,True,False,False,False,9
POST_01232,2025-09-19 01:36:00,Instagram,Carousel,Lifestyle,1284,453,162,18478,123,394668,0.48,1,Friday,20,1177,Positive,Macro,True,False,False,False,9
POST_03227,2025-09-19 07:32:00,Instagram,Carousel,Gaming,2705,198,297,33419,955,447467,0.72,7,Friday,10,396,Positive,Macro,True,False,False,False,9
POST_00904,2025-09-19 10:10:00,Facebook,Video,Lifestyle,1130,80,617,16597,439,357542,0.51,10,Friday,6,37,Positive,Macro,True,False,False,False,9
POST_02723,2025-09-19 10:34:00,TikTok,Duet,Business,2367,172,990,46607,2666,140664,2.51,10,Friday,1,113,Neutral,Macro,True,False,False,False,9
POST_02267,2025-09-19 18:25:00,Facebook,Live,Food,7816,107,75,70350,91,429967,1.86,18,Friday,0,271,Positive,Macro,True,False,False,False,9
POST_01549,2025-09-20 06:51:00,Instagram,Carousel,Fitness,3563,40,3,11634,370,197013,1.83,6,Saturday,9,971,Neutral,Macro,True,False,False,False,9
POST_02263,2025-09-20 09:29:00,TikTok,Stitch,Sports,19675,1761,3227,183803,2670,81981,30.08,9,Saturday,29,477,Neutral,Mid-tier,True,False,False,True,9
POST_01563,2025-09-20 11:14:00,TikTok,Duet,Technology,47953,1197,4568,271336,2406,469086,11.45,11,Saturday,15,24,Positive,Macro,True,False,False,False,9
POST_01596,2025-09-20 15:45:00,Facebook,Video,Travel,109,53,462,13701,183,231474,0.27,15,Saturday,6,424,Negative,Macro,True,False,False,False,9
POST_01515,2025-09-20 19:39:00,Instagram,Story,Lifestyle,2404,204,227,47788,973,411732,0.69,19,Saturday,26,1512,Neutral,Macro,True,False,False,False,9
POST_02057,2025-09-20 21:10:00,Facebook,Post,Business,256,275,942,10914,93,225416,0.65,21,Saturday,28,1452,Positive,Macro,True,True,False,False,9
POST_03325,2025-09-21 09:23:00,TikTok,Duet,Food,5556,1375,3381,25563,1190,404580,2.55,9,Sunday,18,200,Positive,Macro,False,True,False,False,9
POST_02114,2025-09-21 19:02:00,TikTok,Video,Sports,33408,1449,2442,292010,2140,486796,7.66,19,Sunday,23,266,Neutral,Macro,True,False,False,False,9
POST_01406,2025-09-22 04:17:00,Facebook,Story,Gaming,6562,27,828,43416,609,297538,2.49,4,Monday,10,1139,Neutral,Macro,True,False,False,False,9
POST_04663,2025-09-22 10:07:00,Facebook,Live,Gaming,3038,330,250,53614,633,409891,0.88,10,Monday,22,420,Positive,Macro,True,False,False,False,9
POST_00302,2025-09-22 17:49:00,Facebook,Story,Business,5097,38,421,58292,34,399769,1.39,17,Monday,14,1867,Positive,Macro,True,True,False,False,9
POST_04541,2025-09-23 06:05:00,Instagram,Carousel,Gaming,5360,51,252,30189,784,169530,3.34,6,Tuesday,14,582,Positive,Macro,True,False,False,False,9
POST_02015,2025-09-23 08:12:00,Facebook,Story,Technology,2905,62,481,28035,8,181940,1.9,8,Tuesday,6,472,Positive,Macro,True,False,False,False,9
POST_02732,2025-09-23 11:19:00,Facebook,Story,Technology,716,211,720,32542,526,351275,0.47,11,Tuesday,7,630,Negative,Macro,False,False,False,False,9
POST_02996,2025-09-23 14:02:00,TikTok,Stitch,Education,25359,1686,663,185702,2810,415273,6.67,14,Tuesday,22,220,Positive,Macro,True,False,False,False,9
POST_02488,2025-09-23 14:39:00,TikTok,Video,Gaming,31312,979,122,219075,1159,19464,166.53,14,Tuesday,15,302,Positive,Micro,False,False,False,True,9
POST_01121,2025-09-23 15:42:00,TikTok,Stitch,Travel,40482,1570,3735,468026,444,126751,36.12,15,Tuesday,7,502,Negative,Macro,True,False,False,True,9
POST_02567,2025-09-23 15:44:00,Instagram,Photo,Fitness,7713,464,285,13646,415,175308,4.83,15,Tuesday,15,1351,Neutral,Macro,True,False,False,False,9
POST_03300,2025-09-23 21:22:00,TikTok,Duet,Sports,42224,1981,3547,169139,2436,415378,11.5,21,Tuesday,25,110,Neutral,Macro,True,False,False,False,9
POST_00452,2025-09-24 02:15:00,Facebook,Video,Fitness,1810,381,872,42992,435,43513,7.04,2,Wednesday,8,378,Neutral,Micro,True,True,False,False,9
POST_02284,2025-09-24 04:05:00,Instagram,Story,Technology,4295,18,30,23491,249,26262,16.54,4,Wednesday,2,545,Positive,Micro,True,False,False,True,9
POST_03438,2025-09-24 13:38:00,Facebook,Post,Gaming,6746,394,874,45355,554,88691,9.04,13,Wednesday,3,1515,Neutral,Mid-tier,True,False,False,False,9
POST_00635,2025-09-24 14:53:00,Instagram,Reel,Education,6387,161,155,26214,405,154094,4.35,14,Wednesday,3,573,Positive,Macro,True,False,False,False,9
POST_01994,2025-09-25 02:48:00,Instagram,Reel,Education,3905,54,157,14135,357,240175,1.71,2,Thursday,4,494,Neutral,Macro,True,False,False,False,9
POST_01171,2025-09-25 09:51:00,Facebook,Post,Gaming,3257,396,305,65120,74,151691,2.61,9,Thursday,21,1801,Neutral,Macro,True,False,False,False,9
POST_03677,2025-09-25 20:28:00,Instagram,Carousel,Sports,9146,440,59,27865,117,275818,3.5,20,Thursday,3,729,Positive,Macro,True,False,False,False,9
POST_00919,2025-09-26 12:09:00,TikTok,Stitch,Gaming,37246,1137,4476,295449,1108,401185,10.68,12,Friday,16,66,Positive,Macro,True,False,False,False,9
POST_01869,2025-09-26 19:30:00,Instagram,Carousel,Entertainment,9377,365,91,29400,159,33337,29.5,19,Friday,16,877,Positive,Micro,True,False,False,True,9
POST_03075,2025-09-27 11:51:00,Facebook,Live,Entertainment,4131,286,199,79148,70,426899,1.08,11,Saturday,5,74,Neutral,Macro,True,False,False,False,9
POST_01202,2025-09-27 12:51:00,Instagram,Reel,Education,2482,375,233,26034,834,356514,0.87,12,Saturday,13,362,Positive,Macro,True,True,False,False,9
POST_03898,2025-09-27 19:06:00,TikTok,Duet,Fitness,1245,1286,1495,131803,2971,406336,0.99,19,Saturday,26,459,Positive,Macro,True,False,False,False,9
POST_03278,2025-09-28 19:06:00,Facebook,Video,Education,7433,44,164,35282,132,8486,90.04,19,Sunday,18,375,Negative,Nano,True,False,False,True,9
POST_02612,2025-09-29 08:00:00,Instagram,Story,Health,1339,56,144,42103,867,446702,0.34,8,Monday,29,676,Positive,Macro,True,False,False,False,9
POST_00744,2025-09-29 14:04:00,Facebook,Live,Gaming,925,141,568,55600,684,438995,0.37,14,Monday,0,350,Negative,Macro,True,False,False,False,9
POST_03514,2025-09-29 14:20:00,TikTok,Duet,Sports,10761,1849,2533,211930,2664,256401,5.91,14,Monday,25,341,Positive,Macro,True,False,False,False,9
POST_02717,2025-09-29 17:32:00,Facebook,Post,Fitness,4790,346,334,37601,359,322736,1.69,17,Monday,10,931,Neutral,Macro,True,True,False,False,9
POST_03603,2025-09-29 20:22:00,Instagram,Carousel,Fashion,2056,98,101,37136,470,172862,1.3,20,Monday,13,1771,Neutral,Macro,True,False,False,False,9
POST_00893,2025-09-30 21:39:00,TikTok,Video,Lifestyle,4644,752,2368,437834,356,204739,3.79,21,Tuesday,16,282,Positive,Macro,True,False,False,False,9
POST_03342,2025-10-01 16:29:00,Facebook,Story,Travel,4996,249,179,55955,499,96967,5.59,16,Wednesday,11,1857,Positive,Mid-tier,True,True,False,False,10
POST_03305,2025-10-02 10:24:00,Instagram,Photo,Food,3416,337,92,41574,168,207954,1.85,10,Thursday,28,424,Neutral,Macro,True,True,False,False,10
POST_02043,2025-10-03 02:46:00,Facebook,Live,Health,254,387,647,50762,616,405935,0.32,2,Friday,8,76,Positive,Macro,True,False,False,False,10
POST_04122,2025-10-03 06:39:00,Facebook,Post,Gaming,4406,259,98,78338,369,95108,5.01,6,Friday,15,388,Positive,Mid-tier,True,False,False,False,10
POST_03877,2025-10-03 10:53:00,Instagram,Reel,Business,7680,456,40,45649,531,413113,1.98,10,Friday,29,552,Negative,Macro,True,False,False,False,10
POST_03580,2025-10-03 17:12:00,Facebook,Live,Fashion,7192,280,861,65786,574,131557,6.33,17,Friday,22,484,Positive,Macro,False,False,False,False,10
POST_02988,2025-10-03 21:13:00,Facebook,Post,Entertainment,6258,274,594,77391,774,357465,1.99,21,Friday,25,1749,Positive,Macro,True,False,False,False,10
POST_00450,2025-10-03 22:56:00,Instagram,Photo,Technology,2387,317,118,24046,641,349260,0.81,22,Friday,12,1901,Positive,Macro,True,False,False,False,10
POST_01761,2025-10-03 23:15:00,Facebook,Post,Sports,5916,280,137,46605,534,125104,5.06,23,Friday,25,77,Neutral,Macro,True,False,False,False,10
POST_00052,2025-10-04 05:50:00,TikTok,Stitch,Sports,2519,1606,3515,415356,2574,121757,6.27,5,Saturday,10,329,Positive,Macro,False,False,False,False,10
POST_02982,2025-10-04 09:22:00,Instagram,Story,Education,6383,254,80,35911,181,389806,1.72,9,Saturday,22,1763,Neutral,Macro,True,False,False,False,10
POST_02674,2025-10-04 14:57:00,Instagram,Carousel,Lifestyle,4779,139,141,24913,674,309628,1.63,14,Saturday,24,937,Positive,Macro,True,False,False,False,10
POST_03693,2025-10-04 16:22:00,TikTok,Stitch,Education,12835,195,1672,192577,1347,215787,6.81,16,Saturday,19,81,Positive,Macro,True,False,False,False,10
POST_00492,2025-10-04 20:02:00,Facebook,Post,Fitness,3069,58,795,73776,471,454307,0.86,20,Saturday,13,1914,Neutral,Macro,True,False,False,False,10
POST_02622,2025-10-05 17:52:00,TikTok,Video,Travel,17665,683,2085,388703,2658,353510,5.78,17,Sunday,22,434,Negative,Macro,True,False,False,False,10
POST_04621,2025-10-06 12:09:00,TikTok,Stitch,Fashion,16685,102,1692,112552,468,404113,4.57,12,Monday,11,226,Neutral,Macro,True,False,False,False,10
POST_02833,2025-10-06 15:37:00,Instagram,Story,Travel,8007,431,161,41856,943,284546,3.02,15,Monday,13,306,Positive,Macro,False,True,False,False,10
POST_02093,2025-10-06 16:02:00,Instagram,Reel,Sports,9342,340,46,20997,876,229792,4.23,16,Monday,25,184,Neutral,Macro,True,False,False,False,10
POST_02645,2025-10-06 16:05:00,Instagram,Story,Fitness,3763,473,28,43160,464,6139,69.46,16,Monday,21,1280,Positive,Nano,True,True,False,True,10
POST_04420,2025-10-06 23:17:00,Instagram,Carousel,Education,134,480,217,15873,46,239673,0.35,23,Monday,10,1331,Positive,Macro,True,False,False,False,10
POST_03641,2025-10-07 03:55:00,Instagram,Story,Sports,2948,448,84,18442,532,64647,5.38,3,Tuesday,12,905,Positive,Mid-tier,True,False,False,False,10
POST_01116,2025-10-07 07:04:00,Facebook,Video,Travel,4193,248,393,6569,315,218663,2.21,7,Tuesday,4,170,Neutral,Macro,True,False,False,False,10
POST_02245,2025-10-07 16:34:00,TikTok,Duet,Health,4954,1549,1919,265956,2994,201941,4.17,16,Tuesday,24,113,Positive,Macro,True,False,False,False,10
POST_04908,2025-10-08 11:11:00,Instagram,Story,Sports,4354,205,138,15400,865,459194,1.02,11,Wednesday,14,1008,Neutral,Macro,True,True,False,False,10
POST_04487,2025-10-08 18:25:00,Instagram,Story,Travel,7595,229,183,10012,825,77195,10.37,18,Wednesday,8,565,Negative,Mid-tier,True,False,False,False,10
POST_03941,2025-10-08 18:58:00,TikTok,Stitch,Lifestyle,48497,1368,3676,447675,1500,135570,39.49,18,Wednesday,5,518,Neutral,Macro,False,False,False,True,10
POST_04959,2025-10-09 02:28:00,Instagram,Reel,Education,6015,110,285,29195,528,228397,2.81,2,Thursday,16,525,Positive,Macro,True,True,False,False,10
POST_01330,2025-10-09 08:40:00,Facebook,Story,Gaming,6924,310,550,68775,644,41689,18.67,8,Thursday,25,1643,Positive,Micro,True,True,False,True,10
POST_02459,2025-10-09 12:03:00,Facebook,Story,Health,1948,67,646,67024,797,46142,5.77,12,Thursday,20,1840,Positive,Micro,True,False,False,False,10
POST_04606,2025-10-09 19:23:00,TikTok,Duet,Health,23279,860,4667,254750,2171,136912,21.04,19,Thursday,27,333,Neutral,Macro,True,False,False,True,10
POST_00603,2025-10-10 00:05:00,Instagram,Photo,Fashion,4587,137,156,17935,803,61539,7.93,0,Friday,9,876,Negative,Mid-tier,True,False,False,False,10
POST_01874,2025-10-10 09:35:00,TikTok,Duet,Entertainment,36683,633,597,347709,472,6134,200.0,9,Friday,14,242,Positive,Nano,True,False,False,True,10
POST_04870,2025-10-10 14:32:00,TikTok,Duet,Fashion,40710,35,4567,138225,289,138875,32.63,14,Friday,22,574,Neutral,Macro,True,False,False,True,10
POST_01884,2025-10-10 21:37:00,TikTok,Video,Gaming,48325,594,1768,330764,2254,463965,10.92,21,Friday,11,264,Neutral,Macro,True,False,False,False,10
POST_04421,2025-10-10 22:41:00,Instagram,Story,Technology,7244,156,65,45625,163,243363,3.07,22,Friday,20,474,Neutral,Macro,True,True,False,False,10
POST_00456,2025-10-10 22:55:00,Facebook,Video,Technology,1595,86,170,4896,768,160466,1.15,22,Friday,27,47,Negative,Macro,False,True,False,False,10
POST_01175,2025-10-11 04:47:00,Facebook,Post,Fitness,5309,72,629,59700,142,382768,1.57,4,Saturday,5,906,Neutral,Macro,False,True,False,False,10
POST_03327,2025-10-12 02:53:00,TikTok,Video,Education,29672,1135,676,171343,708,15724,200.0,2,Sunday,23,593,Neutral,Micro,True,True,False,True,10
POST_01683,2025-10-12 03:43:00,Facebook,Story,Lifestyle,7309,17,416,38289,259,333739,2.32,3,Sunday,10,968,Negative,Macro,True,True,False,False,10
POST_02774,2025-10-13 00:48:00,Facebook,Story,Technology,834,54,756,10405,364,365250,0.45,0,Monday,6,66,Positive,Macro,True,False,False,False,10
POST_02154,2025-10-13 00:51:00,TikTok,Stitch,Travel,43738,160,354,249987,1992,238338,18.57,0,Monday,22,181,Negative,Macro,True,False,False,True,10
POST_04685,2025-10-13 10:08:00,TikTok,Stitch,Technology,9121,1020,869,108638,2830,285505,3.86,10,Monday,20,500,Positive,Macro,True,True,False,False,10
POST_03181,2025-10-13 11:03:00,Instagram,Carousel,Sports,4327,455,98,13350,323,253256,1.93,11,Monday,28,485,Negative,Macro,True,False,False,False,10
POST_04892,2025-10-13 12:46:00,Instagram,Story,Gaming,7989,174,99,11932,969,368485,2.24,12,Monday,20,221,Neutral,Macro,False,False,False,False,10
POST_03164,2025-10-13 15:07:00,Facebook,Post,Lifestyle,7804,66,250,51564,484,79968,10.15,15,Monday,15,1398,Positive,Mid-tier,False,False,False,False,10
POST_02296,2025-10-13 18:27:00,Instagram,Photo,Entertainment,7783,220,198,11290,975,49353,16.62,18,Monday,2,106,Neutral,Micro,True,True,False,True,10
POST_01141,2025-10-14 00:44:00,TikTok,Video,Food,10406,551,2163,435294,2291,490448,2.68,0,Tuesday,21,476,Positive,Macro,True,True,False,False,10
POST_02853,2025-10-14 05:13:00,Instagram,Photo,Lifestyle,619,336,58,16586,840,351814,0.29,5,Tuesday,21,926,Negative,Macro,True,False,False,False,10
POST_02662,2025-10-14 06:00:00,TikTok,Stitch,Travel,10896,720,4084,449194,1314,23603,66.52,6,Tuesday,3,493,Positive,Micro,False,False,False,True,10
POST_01863,2025-10-14 09:56:00,Instagram,Carousel,Travel,101,116,296,20535,198,463255,0.11,9,Tuesday,1,758,Positive,Macro,True,False,False,False,10
POST_01613,2025-10-15 09:05:00,Facebook,Video,Health,664,334,255,20066,137,231604,0.54,9,Wednesday,25,308,Neutral,Macro,True,True,False,False,10
POST_03845,2025-10-15 12:07:00,Instagram,Photo,Gaming,8337,25,261,15420,257,252893,3.41,12,Wednesday,14,169,Positive,Macro,True,False,False,False,10
POST_02382,2025-10-15 16:24:00,TikTok,Video,Lifestyle,27535,102,1467,181246,2082,363945,8.0,16,Wednesday,28,228,Negative,Macro,True,False,False,False,10
POST_03348,2025-10-15 17:51:00,Instagram,Story,Entertainment,5422,362,59,45474,408,495015,1.18,17,Wednesday,22,297,Negative,Macro,True,False,False,False,10
POST_04915,2025-10-15 18:55:00,Instagram,Photo,Lifestyle,2852,161,266,47860,985,480596,0.68,18,Wednesday,12,1837,Positive,Macro,True,False,False,False,10
POST_01393,2025-10-15 19:04:00,Instagram,Story,Entertainment,2441,120,137,25352,998,342137,0.79,19,Wednesday,6,1572,Positive,Macro,True,False,False,False,10
POST_01120,2025-10-15 21:59:00,Instagram,Photo,Travel,9595,53,115,40885,616,162139,6.02,21,Wednesday,12,1569,Neutral,Macro,True,False,False,False,10
POST_00856,2025-10-16 00:31:00,Instagram,Story,Entertainment,5687,487,208,11408,588,442405,1.44,0,Thursday,12,1214,Negative,Macro,True,False,False,False,10
POST_00475,2025-10-16 13:44:00,Facebook,Video,Gaming,5196,81,426,24237,137,443127,1.29,13,Thursday,26,30,Neutral,Macro,True,False,False,False,10
POST_00066,2025-10-16 16:38:00,Facebook,Live,Sports,6777,319,402,36161,83,135428,5.54,16,Thursday,2,339,Positive,Macro,True,False,False,False,10
POST_00537,2025-10-16 19:01:00,TikTok,Video,Technology,31440,647,1795,147645,979,379474,8.93,19,Thursday,8,89,Positive,Macro,True,False,False,False,10
POST_03399,2025-10-16 22:23:00,Instagram,Story,Health,7653,210,234,21033,589,110516,7.33,22,Thursday,22,1574,Positive,Macro,True,False,False,False,10
POST_01577,2025-10-16 23:56:00,Instagram,Carousel,Lifestyle,5049,247,36,25912,903,163204,3.27,23,Thursday,29,1506,Negative,Macro,True,False,False,False,10
POST_02911,2025-10-17 00:59:00,Instagram,Carousel,Education,8210,64,250,48593,178,289175,2.95,0,Friday,25,62,Positive,Macro,False,False,False,False,10
POST_04814,2025-10-17 06:20:00,Facebook,Video,Business,4781,44,740,76115,428,101137,5.5,6,Friday,6,504,Positive,Macro,True,False,False,False,10
POST_02663,2025-10-17 06:44:00,Instagram,Carousel,Lifestyle,4497,48,81,49789,672,451195,1.03,6,Friday,21,1116,Neutral,Macro,True,False,False,False,10
POST_02977,2025-10-17 08:33:00,TikTok,Duet,Fitness,14087,773,3388,194313,1002,8929,200.0,8,Friday,28,521,Negative,Nano,True,False,False,True,10
POST_00853,2025-10-18 18:16:00,Instagram,Reel,Health,3374,146,144,40886,792,239714,1.53,18,Saturday,14,374,Neutral,Macro,False,False,False,False,10
POST_03860,2025-10-18 21:41:00,TikTok,Stitch,Business,38879,1978,3242,172990,1521,199230,22.13,21,Saturday,28,196,Neutral,Macro,True,False,False,True,10
POST_04722,2025-10-19 01:38:00,Instagram,Story,Lifestyle,1982,428,32,22296,182,477946,0.51,1,Sunday,9,776,Positive,Macro,True,False,False,False,10
POST_00858,2025-10-19 09:30:00,Facebook,Live,Fashion,994,142,957,72779,20,106152,1.97,9,Sunday,1,187,Negative,Macro,True,True,False,False,10
POST_04737,2025-10-19 12:52:00,Facebook,Video,Health,7874,31,471,30220,301,449196,1.86,12,Sunday,4,192,Neutral,Macro,True,False,False,False,10
POST_04804,2025-10-19 17:57:00,Instagram,Reel,Education,5620,8,263,33596,803,144301,4.08,17,Sunday,26,255,Negative,Macro,True,True,False,False,10
POST_01108,2025-10-19 23:31:00,TikTok,Duet,Gaming,3843,1025,538,283796,687,20146,26.83,23,Sunday,18,447,Neutral,Micro,True,True,False,True,10
POST_02905,2025-10-20 03:58:00,Facebook,Story,Business,6424,205,820,48078,354,105630,7.05,3,Monday,7,1127,Neutral,Macro,True,True,False,False,10
POST_01854,2025-10-20 12:25:00,TikTok,Stitch,Sports,24790,1449,1810,300906,272,104312,26.89,12,Monday,9,334,Neutral,Macro,True,False,False,True,10
POST_01521,2025-10-20 16:15:00,Instagram,Story,Fitness,2007,465,122,4941,733,173284,1.5,16,Monday,7,1183,Negative,Macro,True,False,False,False,10
POST_04489,2025-10-20 16:52:00,TikTok,Video,Food,36233,1273,2415,287764,253,262482,15.21,16,Monday,23,364,Negative,Macro,True,False,False,True,10
POST_00595,2025-10-20 17:01:00,TikTok,Duet,Health,12296,164,3388,22279,1571,267001,5.94,17,Monday,13,205,Neutral,Macro,True,True,False,False,10
POST_04639,2025-10-21 01:08:00,TikTok,Video,Fashion,43324,999,2442,308139,825,358919,13.03,1,Tuesday,12,586,Positive,Macro,True,False,False,False,10
POST_04547,2025-10-21 01:19:00,Instagram,Story,Travel,598,429,98,34163,531,124648,0.9,1,Tuesday,29,759,Positive,Macro,True,False,False,False,10
POST_03999,2025-10-21 02:50:00,Facebook,Video,Lifestyle,2407,181,137,74101,464,475347,0.57,2,Tuesday,20,582,Positive,Macro,True,False,False,False,10
POST_03088,2025-10-22 00:18:00,Instagram,Reel,Sports,8991,236,93,30198,488,186706,4.99,0,Wednesday,26,561,Neutral,Macro,False,False,False,False,10
POST_03757,2025-10-22 03:41:00,Instagram,Photo,Fitness,3448,422,84,11015,379,38377,10.3,3,Wednesday,22,383,Positive,Micro,True,True,False,False,10
POST_00646,2025-10-22 04:15:00,TikTok,Stitch,Sports,13223,289,3831,477099,2654,219667,7.9,4,Wednesday,10,71,Positive,Macro,True,False,False,False,10
POST_02367,2025-10-22 11:51:00,Instagram,Reel,Technology,7577,69,2,12518,990,175499,4.36,11,Wednesday,3,474,Negative,Macro,True,False,False,False,10
POST_04634,2025-10-22 12:06:00,TikTok,Duet,Entertainment,33505,967,4294,326967,574,272092,14.25,12,Wednesday,11,428,Negative,Macro,True,True,False,True,10
POST_03972,2025-10-22 16:23:00,Facebook,Video,Entertainment,3726,273,711,57772,643,217572,2.16,16,Wednesday,17,250,Neutral,Macro,True,False,False,False,10
POST_01233,2025-10-22 21:41:00,Instagram,Reel,Lifestyle,2002,164,221,9048,178,226640,1.05,21,Wednesday,7,415,Positive,Macro,True,False,False,False,10
POST_04877,2025-10-22 22:50:00,Facebook,Post,Fashion,6178,141,218,39359,146,482433,1.36,22,Wednesday,13,1067,Positive,Macro,True,False,False,False,10
POST_02313,2025-10-23 12:53:00,Facebook,Live,Entertainment,7598,361,896,14560,642,357166,2.48,12,Thursday,8,566,Positive,Macro,True,False,False,False,10
POST_00319,2025-10-23 22:31:00,Instagram,Carousel,Travel,6027,160,54,11181,850,302141,2.07,22,Thursday,23,1253,Positive,Macro,True,False,False,False,10
POST_03541,2025-10-24 16:05:00,Instagram,Carousel,Health,3031,473,257,5596,648,107337,3.5,16,Friday,0,1176,Neutral,Macro,True,True,False,False,10
POST_01708,2025-10-24 19:38:00,Instagram,Photo,Business,2068,448,244,16415,527,257762,1.07,19,Friday,24,799,Neutral,Macro,True,False,False,False,10
POST_03118,2025-10-24 22:18:00,Instagram,Photo,Education,8193,355,72,46390,422,405159,2.13,22,Friday,12,808,Neutral,Macro,True,False,False,False,10
POST_02800,2025-10-25 00:09:00,Instagram,Story,Gaming,8361,278,141,26396,864,491143,1.79,0,Saturday,17,1186,Neutral,Macro,True,False,False,False,10
POST_03041,2025-10-25 02:01:00,Instagram,Photo,Entertainment,2659,139,147,19110,273,241399,1.22,2,Saturday,17,958,Positive,Macro,True,False,False,False,10
POST_00372,2025-10-25 04:58:00,Instagram,Story,Business,1803,352,78,3775,565,179117,1.25,4,Saturday,16,935,Positive,Macro,True,False,False,False,10
POST_04628,2025-10-25 09:01:00,Facebook,Story,Gaming,3291,236,19,53763,287,72399,4.9,9,Saturday,26,1883,Positive,Mid-tier,True,True,False,False,10
POST_02006,2025-10-25 11:00:00,TikTok,Duet,Sports,42944,1043,767,46423,803,348722,12.83,11,Saturday,16,436,Neutral,Macro,True,False,False,False,10
POST_01936,2025-10-25 11:48:00,TikTok,Duet,Fitness,25968,560,3457,108018,2445,122725,24.43,11,Saturday,17,222,Positive,Macro,True,True,False,True,10
POST_03601,2025-10-25 13:56:00,Instagram,Carousel,Fashion,5884,326,33,9193,412,70479,8.86,13,Saturday,8,889,Neutral,Mid-tier,True,False,False,False,10
POST_02889,2025-10-25 18:51:00,TikTok,Video,Fashion,17719,1929,1991,62477,2962,14512,149.11,18,Saturday,10,339,Negative,Micro,True,False,False,True,10
POST_01963,2025-10-26 00:07:00,TikTok,Stitch,Sports,14432,1657,4452,486311,2044,384786,5.34,0,Sunday,13,91,Neutral,Macro,True,False,False,False,10
POST_03578,2025-10-26 04:41:00,Facebook,Video,Health,3832,221,370,60147,265,149953,2.95,4,Sunday,29,123,Positive,Macro,True,False,False,False,10
POST_03423,2025-10-26 04:54:00,TikTok,Stitch,Education,24800,321,794,216945,2970,267877,9.67,4,Sunday,6,78,Positive,Macro,True,False,False,False,10
POST_02069,2025-10-26 10:06:00,Instagram,Carousel,Technology,1107,92,147,27139,754,252397,0.53,10,Sunday,17,1254,Neutral,Macro,False,False,False,False,10
POST_03679,2025-10-26 12:49:00,TikTok,Duet,Food,41324,1783,2817,458680,726,423413,10.85,12,Sunday,29,500,Positive,Macro,True,False,False,False,10
POST_00518,2025-10-26 13:07:00,TikTok,Stitch,Entertainment,47071,794,939,176960,867,373634,13.06,13,Sunday,24,583,Positive,Macro,True,False,False,False,10
POST_03827,2025-10-26 20:04:00,Facebook,Video,Education,2177,131,922,27642,484,201302,1.6,20,Sunday,17,557,Neutral,Macro,True,False,False,False,10
POST_01138,2025-10-27 01:05:00,Facebook,Live,Fitness,4605,353,463,16866,633,446928,1.21,1,Monday,6,217,Positive,Macro,True,False,False,False,10
POST_01352,2025-10-27 09:10:00,Facebook,Video,Entertainment,3816,26,359,61686,112,97521,4.31,9,Monday,14,309,Positive,Mid-tier,True,False,False,False,10
POST_02559,2025-10-27 11:11:00,Instagram,Carousel,Sports,7185,38,131,17013,403,26850,27.39,11,Monday,23,1558,Neutral,Micro,True,False,False,True,10
POST_01411,2025-10-27 21:41:00,Instagram,Story,Technology,9087,57,63,24074,53,82197,11.2,21,Monday,13,1921,Positive,Mid-tier,True,True,False,False,10
POST_00854,2025-10-28 06:49:00,TikTok,Duet,Education,14742,1533,27,266188,1764,297370,5.48,6,Tuesday,22,395,Positive,Macro,True,False,False,False,10
POST_04208,2025-10-28 12:59:00,Facebook,Live,Travel,7151,157,665,41078,452,40319,19.77,12,Tuesday,12,280,Neutral,Micro,True,False,False,True,10
POST_00276,2025-10-29 01:48:00,Facebook,Post,Technology,5075,111,432,55773,497,492473,1.14,1,Wednesday,9,1270,Positive,Macro,True,False,False,False,10
POST_00438,2025-10-29 04:31:00,TikTok,Video,Fitness,20238,1518,4444,48262,1460,397188,6.6,4,Wednesday,7,392,Positive,Macro,True,False,False,False,10
POST_01974,2025-10-29 06:20:00,Facebook,Story,Business,3694,234,432,29914,333,459929,0.95,6,Wednesday,21,1878,Positive,Macro,True,True,False,False,10
POST_02868,2025-10-29 08:21:00,TikTok,Duet,Lifestyle,35718,1388,1834,195680,370,198059,19.66,8,Wednesday,19,490,Neutral,Macro,True,True,False,True,10
POST_01714,2025-10-29 09:12:00,Facebook,Story,Fitness,6150,223,703,25060,223,159924,4.42,9,Wednesday,2,1094,Positive,Macro,True,False,False,False,10
POST_00109,2025-10-29 17:53:00,Instagram,Photo,Sports,960,405,29,44791,543,370186,0.38,17,Wednesday,14,394,Neutral,Macro,False,False,False,False,10
POST_02477,2025-10-29 18:12:00,Instagram,Carousel,Lifestyle,2748,307,160,42470,753,200871,1.6,18,Wednesday,23,144,Neutral,Macro,True,True,False,False,10
POST_01859,2025-10-31 00:06:00,TikTok,Duet,Fitness,6506,1166,363,337975,2108,128907,6.23,0,Friday,12,55,Neutral,Macro,True,True,False,False,10
POST_02075,2025-10-31 02:33:00,TikTok,Video,Health,32443,1816,4462,79783,957,477549,8.11,2,Friday,15,443,Positive,Macro,False,True,False,False,10
POST_03524,2025-10-31 04:07:00,Instagram,Story,Food,8658,57,253,29209,317,218533,4.1,4,Friday,15,1765,Positive,Macro,True,False,False,False,10
POST_03165,2025-10-31 21:57:00,Instagram,Photo,Health,7476,97,292,25858,542,153290,5.13,21,Friday,18,1189,Positive,Macro,True,False,False,False,10
POST_03951,2025-11-01 03:21:00,Instagram,Carousel,Technology,9946,433,207,26968,530,486896,2.17,3,Saturday,16,1967,Positive,Macro,True,False,False,False,11
POST_04349,2025-11-01 05:36:00,TikTok,Video,Food,26685,937,49,159970,2691,390205,7.09,5,Saturday,18,568,Positive,Macro,True,True,False,False,11
POST_01106,2025-11-01 21:21:00,Instagram,Story,Entertainment,1039,401,50,40610,913,219471,0.68,21,Saturday,23,1248,Positive,Macro,True,False,False,False,11
POST_02024,2025-11-02 07:06:00,Instagram,Carousel,Business,1767,465,196,29841,155,281250,0.86,7,Sunday,29,379,Negative,Macro,True,False,False,False,11
POST_00915,2025-11-02 18:36:00,Facebook,Post,Technology,4993,388,876,22495,149,124843,5.01,18,Sunday,26,1787,Positive,Macro,True,False,False,False,11
POST_01713,2025-11-02 22:57:00,TikTok,Stitch,Food,45038,1145,3795,108313,1632,205249,24.35,22,Sunday,3,439,Neutral,Macro,True,False,False,True,11
POST_02415,2025-11-03 07:36:00,Facebook,Story,Business,657,379,819,17273,49,271516,0.68,7,Monday,20,686,Neutral,Macro,True,False,False,False,11
POST_02165,2025-11-03 16:18:00,Facebook,Video,Lifestyle,5614,186,161,54612,209,136671,4.36,16,Monday,1,199,Neutral,Macro,True,False,False,False,11
POST_00683,2025-11-03 19:55:00,Instagram,Photo,Food,5335,144,204,18403,765,291121,1.95,19,Monday,2,741,Positive,Macro,True,False,False,False,11
POST_00760,2025-11-03 20:06:00,TikTok,Duet,Fitness,44964,1155,337,485437,1688,48189,96.4,20,Monday,13,378,Neutral,Micro,False,False,False,True,11
POST_04400,2025-11-04 00:15:00,Instagram,Photo,Sports,6460,489,233,34178,452,362296,1.98,0,Tuesday,12,928,Positive,Macro,True,False,False,False,11
POST_03375,2025-11-04 02:25:00,TikTok,Duet,Health,39376,81,3331,64895,1487,264374,16.18,2,Tuesday,19,173,Positive,Macro,True,False,False,True,11
POST_04130,2025-11-04 08:41:00,Instagram,Photo,Sports,9181,152,232,38926,710,354078,2.7,8,Tuesday,23,1748,Negative,Macro,True,True,False,False,11
POST_03315,2025-11-04 13:36:00,Instagram,Reel,Lifestyle,8678,322,95,40685,920,302498,3.01,13,Tuesday,1,136,Positive,Macro,True,False,False,False,11
POST_01894,2025-11-04 19:38:00,Instagram,Photo,Gaming,2581,308,113,13443,777,471161,0.64,19,Tuesday,6,702,Negative,Macro,True,False,False,False,11
POST_03485,2025-11-04 20:51:00,Facebook,Post,Sports,4853,321,827,10429,601,265173,2.26,20,Tuesday,7,1163,Positive,Macro,False,False,False,False,11
POST_04073,2025-11-05 05:44:00,Facebook,Post,Travel,7166,304,157,78136,42,276895,2.75,5,Wednesday,13,1157,Neutral,Macro,False,False,False,False,11
POST_01387,2025-11-05 09:13:00,TikTok,Stitch,Fashion,41816,906,2888,422950,835,223279,20.43,9,Wednesday,15,72,Negative,Macro,True,False,False,True,11
POST_04026,2025-11-05 11:21:00,TikTok,Stitch,Food,44323,1374,3597,479699,2237,349870,14.09,11,Wednesday,12,555,Positive,Macro,True,False,False,True,11
POST_04225,2025-11-05 12:37:00,Facebook,Live,Lifestyle,6099,302,469,75141,696,474535,1.45,12,Wednesday,22,179,Positive,Macro,True,True,False,False,11
POST_02386,2025-11-05 17:52:00,Facebook,Post,Travel,341,38,93,49139,325,145959,0.32,17,Wednesday,3,1649,Neutral,Macro,True,False,False,False,11
POST_01886,2025-11-05 18:32:00,Facebook,Live,Sports,2672,236,576,35045,707,22484,15.5,18,Wednesday,15,119,Neutral,Micro,True,True,False,True,11
POST_02605,2025-11-06 04:10:00,Instagram,Carousel,Gaming,7476,439,137,20837,207,262466,3.07,4,Thursday,27,935,Positive,Macro,True,False,False,False,11
POST_02511,2025-11-06 11:55:00,Instagram,Story,Entertainment,4056,42,199,43131,113,166955,2.57,11,Thursday,19,551,Neutral,Macro,True,False,False,False,11
POST_00428,2025-11-06 15:55:00,TikTok,Duet,Travel,27732,1271,2077,431647,622,496494,6.26,15,Thursday,1,18,Positive,Macro,True,False,False,False,11
POST_03216,2025-11-06 16:37:00,Instagram,Carousel,Gaming,1947,149,69,43361,140,60975,3.55,16,Thursday,24,845,Positive,Mid-tier,True,False,False,False,11
POST_00490,2025-11-06 21:53:00,TikTok,Stitch,Lifestyle,18776,131,204,115623,1047,415300,4.6,21,Thursday,0,280,Positive,Macro,True,False,False,False,11
POST_04291,2025-11-06 22:05:00,Facebook,Live,Entertainment,6552,116,668,73159,551,431042,1.7,22,Thursday,6,469,Neutral,Macro,False,False,False,False,11
POST_04862,2025-11-06 22:43:00,TikTok,Video,Fitness,6999,612,2993,432013,2890,102221,10.37,22,Thursday,0,552,Neutral,Macro,False,False,False,False,11
POST_02510,2025-11-07 08:42:00,TikTok,Stitch,Lifestyle,42869,1208,2226,395527,1300,1319,200.0,8,Friday,7,525,Positive,Nano,False,False,False,True,11
POST_01045,2025-11-07 13:39:00,TikTok,Stitch,Business,5154,1726,1032,71846,524,71386,11.08,13,Friday,25,568,Positive,Mid-tier,True,False,False,False,11
POST_02852,2025-11-07 14:46:00,Instagram,Reel,Gaming,7403,443,26,16432,27,85810,9.17,14,Friday,1,32,Positive,Mid-tier,True,False,False,False,11
POST_02631,2025-11-07 22:44:00,Facebook,Video,Gaming,482,49,592,32457,38,252428,0.44,22,Friday,15,153,Positive,Macro,True,True,False,False,11
POST_00025,2025-11-08 07:49:00,Facebook,Story,Gaming,698,136,395,47428,572,161305,0.76,7,Saturday,21,761,Negative,Macro,False,True,False,False,11
POST_02099,2025-11-08 09:05:00,TikTok,Video,Gaming,42303,284,1690,277363,1818,362021,12.23,9,Saturday,7,125,Neutral,Macro,True,False,False,False,11
POST_01951,2025-11-08 09:31:00,Instagram,Reel,Fashion,8091,261,76,15179,723,260332,3.24,9,Saturday,10,172,Neutral,Macro,False,False,False,False,11
POST_03554,2025-11-08 14:11:00,Facebook,Story,Fitness,5601,246,836,18208,608,145290,4.6,14,Saturday,6,1604,Positive,Macro,True,False,False,False,11
POST_03282,2025-11-08 15:31:00,Instagram,Photo,Health,5064,440,5,21144,435,305454,1.8,15,Saturday,25,1749,Positive,Macro,True,False,False,False,11
POST_01610,2025-11-08 20:38:00,Facebook,Live,Technology,1684,201,917,48087,667,127066,2.21,20,Saturday,20,382,Neutral,Macro,True,False,False,False,11
POST_01707,2025-11-09 11:35:00,Facebook,Story,Food,2078,13,830,63903,221,177337,1.65,11,Sunday,19,998,Neutral,Macro,True,False,False,False,11
POST_00201,2025-11-10 03:46:00,Facebook,Story,Fitness,4092,80,439,57803,615,274481,1.68,3,Monday,20,1741,Negative,Macro,True,False,False,False,11
POST_00149,2025-11-10 03:56:00,Instagram,Carousel,Health,3110,371,8,21219,972,189146,1.84,3,Monday,4,1520,Positive,Macro,True,False,False,False,11
POST_02290,2025-11-10 11:55:00,Instagram,Reel,Business,9550,149,263,30769,500,174345,5.71,11,Monday,19,502,Neutral,Macro,True,True,False,False,11
POST_02822,2025-11-10 21:04:00,Instagram,Story,Lifestyle,9785,84,298,24725,311,245577,4.14,21,Monday,16,350,Neutral,Macro,False,False,False,False,11
POST_01844,2025-11-10 21:41:00,Facebook,Live,Health,7019,185,554,71360,123,114574,6.77,21,Monday,27,521,Neutral,Macro,True,False,False,False,11
POST_03654,2025-11-11 07:09:00,Instagram,Reel,Business,5719,409,90,25615,101,418319,1.49,7,Tuesday,5,297,Negative,Macro,True,True,False,False,11
POST_04163,2025-11-11 07:51:00,Facebook,Post,Travel,5476,39,386,23215,46,294541,2.0,7,Tuesday,16,733,Neutral,Macro,True,False,False,False,11
POST_04514,2025-11-12 08:07:00,Facebook,Video,Gaming,3831,4,250,18465,624,425458,0.96,8,Wednesday,21,345,Positive,Macro,False,False,False,False,11
POST_00585,2025-11-12 13:55:00,Facebook,Story,Education,7460,324,226,55148,69,31468,25.45,13,Wednesday,18,170,Neutral,Micro,True,False,False,True,11
POST_04213,2025-11-12 20:09:00,Facebook,Live,Lifestyle,5265,57,296,18025,792,30898,18.18,20,Wednesday,23,527,Positive,Micro,True,False,False,True,11
POST_04325,2025-11-12 22:02:00,TikTok,Stitch,Business,13114,1349,1021,454717,1620,272663,5.68,22,Wednesday,5,184,Positive,Macro,True,False,False,False,11
POST_03094,2025-11-12 22:33:00,TikTok,Video,Travel,14196,195,1033,472495,1225,204494,7.54,22,Wednesday,16,468,Positive,Macro,True,False,False,False,11
POST_04513,2025-11-13 06:30:00,Instagram,Reel,Technology,9908,316,39,37929,651,20484,50.1,6,Thursday,25,500,Neutral,Micro,True,False,False,True,11
POST_04532,2025-11-13 13:12:00,Instagram,Reel,Entertainment,9477,271,270,48064,946,33602,29.81,13,Thursday,21,258,Neutral,Micro,True,False,False,True,11
POST_03324,2025-11-14 10:10:00,Facebook,Live,Fitness,1573,393,111,79818,65,315536,0.66,10,Friday,21,586,Positive,Macro,True,False,False,False,11
POST_02895,2025-11-14 10:16:00,Instagram,Photo,Fashion,4053,270,17,20047,257,268399,1.62,10,Friday,12,313,Neutral,Macro,True,False,False,False,11
POST_04836,2025-11-14 18:39:00,Instagram,Reel,Sports,5855,148,180,17534,968,319324,1.94,18,Friday,13,122,Neutral,Macro,True,False,False,False,11
POST_02503,2025-11-15 00:24:00,Facebook,Live,Travel,5009,381,283,64628,335,291025,1.95,0,Saturday,23,25,Neutral,Macro,True,False,False,False,11
POST_00627,2025-11-15 11:04:00,Facebook,Video,Travel,4412,68,884,75744,62,134214,4.0,11,Saturday,16,490,Neutral,Macro,True,False,False,False,11
POST_00261,2025-11-15 21:51:00,Facebook,Story,Technology,2568,275,233,46899,10,196654,1.56,21,Saturday,26,425,Positive,Macro,True,False,False,False,11
POST_02762,2025-11-16 02:47:00,Instagram,Story,Gaming,4135,48,8,27317,325,429110,0.98,2,Sunday,8,1082,Positive,Macro,True,False,False,False,11
POST_04826,2025-11-16 08:11:00,Instagram,Carousel,Technology,7895,178,228,47869,530,336234,2.47,8,Sunday,5,994,Positive,Macro,True,False,False,False,11
POST_02173,2025-11-16 12:25:00,Instagram,Carousel,Food,2152,403,37,38393,386,373936,0.69,12,Sunday,9,1197,Positive,Macro,True,True,False,False,11
POST_00093,2025-11-16 15:13:00,TikTok,Duet,Fitness,38115,1270,4097,353962,2716,300337,14.48,15,Sunday,5,485,Neutral,Macro,False,False,False,True,11
POST_04297,2025-11-17 03:42:00,Instagram,Carousel,Sports,3523,273,252,43268,903,103143,3.92,3,Monday,0,1746,Neutral,Macro,True,True,False,False,11
POST_00198,2025-11-17 06:23:00,TikTok,Video,Sports,22585,1110,1690,395535,1485,379239,6.69,6,Monday,11,397,Neutral,Macro,True,False,False,False,11
POST_00694,2025-11-17 13:32:00,Instagram,Story,Fashion,2911,47,121,26335,57,301192,1.02,13,Monday,2,1148,Neutral,Macro,False,False,False,False,11
POST_03559,2025-11-17 14:39:00,Instagram,Reel,Gaming,5635,495,283,17695,511,245930,2.61,14,Monday,2,557,Negative,Macro,True,True,False,False,11
POST_03397,2025-11-18 07:16:00,TikTok,Duet,Fitness,28920,392,1572,366483,525,178702,17.28,7,Tuesday,8,597,Neutral,Macro,True,False,False,True,11
POST_03829,2025-11-18 14:43:00,TikTok,Duet,Technology,44611,1818,2406,80623,2276,485626,10.06,14,Tuesday,18,269,Negative,Macro,True,False,False,False,11
POST_03343,2025-11-18 17:11:00,Facebook,Live,Gaming,2946,304,84,57738,312,399331,0.83,17,Tuesday,22,489,Negative,Macro,True,False,False,False,11
POST_02877,2025-11-19 00:53:00,Facebook,Video,Technology,2474,338,733,63977,36,57127,6.21,0,Wednesday,17,524,Neutral,Mid-tier,True,False,False,False,11
POST_00386,2025-11-19 08:36:00,TikTok,Video,Sports,19826,123,916,432530,1843,328444,6.35,8,Wednesday,13,252,Positive,Macro,True,False,False,False,11
POST_02873,2025-11-19 18:49:00,TikTok,Duet,Gaming,45790,1932,3573,170189,747,447110,11.47,18,Wednesday,28,386,Neutral,Macro,False,True,False,False,11
POST_01049,2025-11-19 22:55:00,TikTok,Duet,Technology,14901,1149,1456,79264,1001,234009,7.48,22,Wednesday,22,55,Positive,Macro,True,False,False,False,11
POST_00911,2025-11-20 03:26:00,Facebook,Video,Sports,7056,152,569,31732,73,228588,3.4,3,Thursday,20,323,Neutral,Macro,True,False,False,False,11
POST_02261,2025-11-20 16:31:00,TikTok,Video,Business,7134,1937,1240,186171,634,366348,2.81,16,Thursday,8,124,Positive,Macro,False,True,False,False,11
POST_04286,2025-11-20 17:55:00,Facebook,Story,Fashion,7004,227,688,53346,515,42625,18.58,17,Thursday,22,537,Positive,Micro,True,False,False,True,11
POST_00101,2025-11-20 20:41:00,Instagram,Story,Entertainment,5825,270,110,40117,44,170597,3.64,20,Thursday,11,1752,Negative,Macro,False,False,False,False,11
POST_03614,2025-11-20 20:47:00,TikTok,Stitch,Health,13694,660,3704,58639,431,211160,8.55,20,Thursday,1,234,Negative,Macro,False,False,False,False,11
POST_03572,2025-11-20 22:43:00,Facebook,Story,Fashion,6416,294,980,28748,691,85136,9.03,22,Thursday,6,1266,Neutral,Mid-tier,True,False,False,False,11
POST_01276,2025-11-20 22:51:00,Instagram,Reel,Gaming,4839,196,208,5850,543,205974,2.55,22,Thursday,5,511,Neutral,Macro,True,False,False,False,11
POST_03076,2025-11-20 22:51:00,TikTok,Duet,Health,35952,770,224,50952,1838,293692,12.58,22,Thursday,20,59,Neutral,Macro,True,False,False,False,11
POST_03057,2025-11-21 11:56:00,Facebook,Video,Fashion,6012,288,942,60198,504,272051,2.66,11,Friday,27,229,Positive,Macro,True,False,False,False,11
POST_03254,2025-11-21 15:43:00,Instagram,Photo,Technology,1692,250,88,9269,147,454238,0.45,15,Friday,0,1180,Positive,Macro,True,False,False,False,11
POST_03322,2025-11-22 06:21:00,Instagram,Carousel,Travel,5816,144,254,48078,185,305549,2.03,6,Saturday,21,741,Positive,Macro,True,False,False,False,11
POST_03294,2025-11-22 15:42:00,Facebook,Video,Fashion,6232,268,523,77289,244,238786,2.94,15,Saturday,1,233,Neutral,Macro,True,False,False,False,11
POST_01925,2025-11-22 23:35:00,TikTok,Stitch,Travel,39104,1441,1201,187370,2322,357400,11.68,23,Saturday,25,522,Neutral,Macro,False,False,False,False,11
POST_04212,2025-11-23 00:44:00,Facebook,Story,Travel,4715,337,567,7304,785,141354,3.98,0,Sunday,22,1528,Neutral,Macro,True,False,False,False,11
POST_00944,2025-11-23 17:24:00,TikTok,Duet,Health,20960,1142,571,249856,344,24857,91.21,17,Sunday,1,201,Positive,Micro,True,False,False,True,11
POST_00004,2025-11-23 23:57:00,Facebook,Post,Food,1930,172,694,75111,466,87346,3.2,23,Sunday,20,1532,Neutral,Mid-tier,True,False,False,False,11
POST_03950,2025-11-24 04:24:00,Instagram,Story,Sports,9254,173,265,30867,858,14816,65.42,4,Monday,7,577,Neutral,Micro,True,True,False,True,11
POST_03625,2025-11-24 05:11:00,Instagram,Carousel,Education,1438,157,273,45947,556,472107,0.4,5,Monday,25,1911,Positive,Macro,True,True,False,False,11
POST_03450,2025-11-24 06:26:00,Instagram,Story,Health,1088,82,77,21397,849,492533,0.25,6,Monday,5,752,Neutral,Macro,False,False,False,False,11
POST_01493,2025-11-24 09:16:00,Instagram,Photo,Entertainment,1504,402,236,42300,815,117790,1.82,9,Monday,26,420,Positive,Macro,True,False,False,False,11
POST_03004,2025-11-24 10:14:00,Facebook,Story,Food,6130,171,752,41521,350,482506,1.46,10,Monday,6,1745,Positive,Macro,True,False,False,False,11
POST_02875,2025-11-24 22:11:00,TikTok,Stitch,Fitness,14162,1373,327,138823,933,497933,3.19,22,Monday,28,407,Negative,Macro,True,False,False,False,11
POST_00207,2025-11-24 23:57:00,Instagram,Carousel,Gaming,3703,21,21,32188,324,246441,1.52,23,Monday,24,147,Neutral,Macro,True,False,False,False,11
POST_03275,2025-11-25 00:11:00,TikTok,Duet,Fitness,35825,782,1749,310005,713,100399,38.2,0,Tuesday,27,458,Positive,Macro,True,False,False,True,11
POST_03856,2025-11-25 00:44:00,Instagram,Story,Fashion,6264,431,163,24151,336,434424,1.58,0,Tuesday,28,692,Positive,Macro,False,False,False,False,11
POST_02864,2025-11-25 10:33:00,Facebook,Post,Education,5232,382,640,66127,526,92009,6.8,10,Tuesday,28,1834,Positive,Mid-tier,False,False,False,False,11
POST_02678,2025-11-25 10:35:00,Instagram,Story,Gaming,3704,154,188,47010,894,292496,1.38,10,Tuesday,26,1972,Positive,Macro,True,True,False,False,11
POST_03597,2025-11-25 15:14:00,Instagram,Story,Business,633,25,17,9638,537,143454,0.47,15,Tuesday,24,936,Neutral,Macro,True,False,False,False,11
POST_04340,2025-11-25 15:22:00,Instagram,Story,Education,8348,232,143,45357,181,274572,3.18,15,Tuesday,29,750,Neutral,Macro,True,True,False,False,11
POST_01837,2025-11-25 16:49:00,Instagram,Story,Sports,6671,484,268,38833,349,229674,3.23,16,Tuesday,14,421,Neutral,Macro,True,False,False,False,11
POST_04483,2025-11-26 07:53:00,Facebook,Story,Food,7040,180,612,38186,785,142236,5.51,7,Wednesday,24,1936,Positive,Macro,True,False,False,False,11
POST_04668,2025-11-26 13:09:00,TikTok,Stitch,Health,48191,1199,23,452950,2242,153999,32.09,13,Wednesday,5,307,Positive,Macro,True,False,False,True,11
POST_00187,2025-11-26 17:21:00,TikTok,Duet,Travel,24351,1858,502,236853,392,391499,6.82,17,Wednesday,3,327,Neutral,Macro,True,False,False,False,11
POST_01241,2025-11-26 18:44:00,TikTok,Video,Sports,36280,461,3460,182071,2945,391804,10.26,18,Wednesday,17,207,Positive,Macro,True,False,False,False,11
POST_01014,2025-11-27 06:45:00,Instagram,Carousel,Lifestyle,6608,91,41,34452,712,173042,3.9,6,Thursday,2,221,Positive,Macro,True,True,False,False,11
POST_02140,2025-11-27 12:48:00,TikTok,Stitch,Gaming,49057,884,1917,82264,2229,178106,29.12,12,Thursday,22,200,Neutral,Macro,True,False,False,True,11
POST_01363,2025-11-27 14:00:00,Facebook,Live,Gaming,4469,341,528,37792,142,415504,1.28,14,Thursday,18,105,Negative,Macro,False,False,False,False,11
POST_01169,2025-11-27 18:42:00,Instagram,Reel,Technology,6773,189,11,30773,273,438409,1.59,18,Thursday,17,249,Positive,Macro,True,False,False,False,11
POST_04215,2025-11-28 04:16:00,Facebook,Live,Sports,1962,353,229,6941,476,288332,0.88,4,Friday,0,507,Neutral,Macro,False,False,False,False,11
POST_00920,2025-11-28 07:02:00,Instagram,Photo,Fitness,6306,312,54,33102,90,441487,1.51,7,Friday,5,1143,Neutral,Macro,True,False,False,False,11
POST_00934,2025-11-28 20:51:00,Facebook,Story,Business,4163,163,466,22752,124,498492,0.96,20,Friday,13,1663,Positive,Macro,True,False,False,False,11
POST_03506,2025-11-28 21:07:00,Facebook,Story,Technology,2279,153,900,74454,511,236699,1.41,21,Friday,14,493,Positive,Macro,True,False,False,False,11
POST_01696,2025-11-29 00:30:00,Instagram,Story,Education,6049,287,89,7788,12,242310,2.65,0,Saturday,1,1879,Positive,Macro,False,False,False,False,11
POST_00170,2025-11-29 07:42:00,Facebook,Post,Fashion,7457,314,324,27619,485,203727,3.97,7,Saturday,21,935,Positive,Macro,True,False,False,False,11
POST_01967,2025-11-29 10:24:00,Instagram,Carousel,Technology,5539,249,291,17256,294,68649,8.86,10,Saturday,11,1843,Neutral,Mid-tier,True,True,False,False,11
POST_00817,2025-11-29 10:42:00,Facebook,Story,Entertainment,5079,328,653,22111,580,370636,1.64,10,Saturday,14,177,Negative,Macro,True,False,False,False,11
POST_04979,2025-11-29 13:20:00,Instagram,Photo,Health,9162,81,220,23899,90,148435,6.38,13,Saturday,9,1596,Positive,Macro,False,False,False,False,11
POST_04005,2025-11-30 08:12:00,Instagram,Story,Health,1311,153,274,14390,16,275370,0.63,8,Sunday,19,241,Positive,Macro,True,False,False,False,11
POST_02388,2025-11-30 15:49:00,Facebook,Post,Gaming,1293,322,704,16216,120,312217,0.74,15,Sunday,11,260,Positive,Macro,True,False,False,False,11
POST_00032,2025-11-30 20:04:00,Instagram,Photo,Business,1124,383,6,33856,169,4411,34.3,20,Sunday,11,1821,Positive,Nano,True,True,False,True,11
POST_01033,2025-11-30 21:55:00,Instagram,Carousel,Travel,427,176,26,21372,112,328483,0.19,21,Sunday,28,265,Positive,Macro,True,False,False,False,11
POST_02860,2025-11-30 22:24:00,Instagram,Story,Sports,7031,97,166,17320,736,489964,1.49,22,Sunday,3,1962,Positive,Macro,False,False,False,False,11
POST_02960,2025-12-01 18:34:00,TikTok,Stitch,Gaming,48330,1273,4148,248746,1322,353713,15.2,18,Monday,15,574,Positive,Macro,True,False,False,True,12
POST_02823,2025-12-01 20:34:00,Facebook,Story,Fashion,3317,250,545,6191,140,484287,0.85,20,Monday,4,1859,Negative,Macro,False,False,False,False,12
POST_02738,2025-12-01 20:45:00,Facebook,Live,Travel,1149,42,772,72876,114,42946,4.57,20,Monday,21,285,Positive,Micro,False,False,False,False,12
POST_03400,2025-12-02 03:34:00,Facebook,Video,Entertainment,3591,293,348,59336,168,293801,1.44,3,Tuesday,5,149,Negative,Macro,True,False,False,False,12
POST_03354,2025-12-02 09:54:00,Facebook,Video,Health,3852,149,697,22807,437,249544,1.88,9,Tuesday,9,138,Positive,Macro,True,False,False,False,12
POST_01931,2025-12-02 10:35:00,Facebook,Post,Technology,4589,192,641,7106,67,12174,44.54,10,Tuesday,7,1069,Positive,Micro,True,False,False,True,12
POST_02880,2025-12-02 14:22:00,Instagram,Photo,Entertainment,6205,190,250,38522,766,477232,1.39,14,Tuesday,11,884,Neutral,Macro,True,False,False,False,12
POST_01295,2025-12-02 15:26:00,TikTok,Video,Health,35929,1023,4465,457889,2390,411785,10.06,15,Tuesday,16,416,Positive,Macro,True,True,False,False,12
POST_02223,2025-12-03 05:29:00,Instagram,Photo,Education,9685,101,214,35669,833,454980,2.2,5,Wednesday,11,239,Positive,Macro,True,False,False,False,12
POST_01998,2025-12-03 09:38:00,Instagram,Photo,Health,1026,181,3,11048,128,407456,0.3,9,Wednesday,3,1516,Positive,Macro,False,True,False,False,12
POST_04028,2025-12-03 12:48:00,Instagram,Photo,Fashion,7697,337,84,15352,740,65234,12.44,12,Wednesday,22,941,Positive,Mid-tier,True,False,False,False,12
POST_03173,2025-12-03 15:44:00,Instagram,Photo,Gaming,9863,79,136,37152,694,48256,20.88,15,Wednesday,21,621,Neutral,Micro,False,False,False,True,12
POST_02361,2025-12-03 19:21:00,Instagram,Reel,Fitness,9570,294,209,15703,912,477608,2.11,19,Wednesday,1,76,Neutral,Macro,True,False,False,False,12
POST_01788,2025-12-03 20:00:00,Facebook,Post,Food,4088,77,810,46575,602,115654,4.3,20,Wednesday,16,1379,Positive,Macro,True,False,False,False,12
POST_01501,2025-12-03 20:41:00,Facebook,Video,Technology,7192,182,813,34546,525,1003,200.0,20,Wednesday,28,402,Positive,Nano,True,True,False,True,12
POST_00484,2025-12-03 23:03:00,Facebook,Post,Business,5875,327,948,16967,698,347291,2.06,23,Wednesday,4,1485,Positive,Macro,True,False,False,False,12
POST_03427,2025-12-04 18:52:00,Facebook,Post,Education,4614,216,243,37843,426,11498,44.12,18,Thursday,10,1542,Neutral,Micro,True,False,False,True,12
POST_04659,2025-12-04 22:52:00,Instagram,Photo,Sports,4135,490,182,21194,127,183719,2.62,22,Thursday,3,83,Positive,Macro,True,False,False,False,12
POST_02134,2025-12-05 10:26:00,Facebook,Live,Gaming,3378,280,442,13603,584,302057,1.36,10,Friday,15,253,Neutral,Macro,True,True,False,False,12
POST_04140,2025-12-05 10:54:00,Facebook,Video,Lifestyle,5634,367,171,62379,101,301321,2.05,10,Friday,13,207,Positive,Macro,False,False,False,False,12
POST_00913,2025-12-05 20:01:00,Facebook,Video,Education,7334,371,651,31432,573,84120,9.93,20,Friday,12,550,Positive,Mid-tier,False,False,False,False,12
POST_00861,2025-12-06 01:10:00,TikTok,Stitch,Food,14817,254,1945,407880,1149,385872,4.41,1,Saturday,10,517,Neutral,Macro,True,False,False,False,12
POST_01689,2025-12-06 02:18:00,Facebook,Live,Health,2939,107,404,45717,193,419372,0.82,2,Saturday,8,190,Neutral,Macro,True,False,False,False,12
POST_01351,2025-12-06 04:56:00,TikTok,Video,Gaming,6933,666,3805,129225,393,142785,7.99,4,Saturday,12,114,Positive,Macro,True,False,False,False,12
POST_02931,2025-12-06 11:31:00,Facebook,Story,Education,7362,234,332,71575,626,4218,187.96,11,Saturday,9,1776,Positive,Nano,True,False,False,True,12
POST_00364,2025-12-06 19:30:00,Facebook,Post,Health,2696,297,122,58548,687,473626,0.66,19,Saturday,29,934,Negative,Macro,True,False,False,False,12
POST_04043,2025-12-06 19:31:00,Facebook,Live,Food,1263,13,186,52250,145,101180,1.44,19,Saturday,14,457,Neutral,Macro,True,False,False,False,12
POST_02540,2025-12-06 22:57:00,TikTok,Duet,Health,22780,1050,2618,489172,2377,115877,22.82,22,Saturday,13,169,Neutral,Macro,True,False,False,True,12
POST_02439,2025-12-07 08:58:00,Facebook,Live,Food,899,260,684,69188,568,46755,3.94,8,Sunday,21,168,Positive,Micro,False,False,False,False,12
POST_04109,2025-12-07 09:28:00,TikTok,Stitch,Entertainment,2660,1053,3580,334857,887,120130,6.07,9,Sunday,20,205,Neutral,Macro,True,False,False,False,12
POST_00529,2025-12-07 11:13:00,Instagram,Carousel,Business,2065,245,259,45152,777,86270,2.98,11,Sunday,24,1173,Positive,Mid-tier,True,False,False,False,12
POST_02817,2025-12-08 02:09:00,Facebook,Video,Health,1113,166,519,36654,621,43441,4.14,2,Monday,29,553,Positive,Micro,True,True,False,False,12
POST_04300,2025-12-09 10:55:00,Facebook,Live,Health,1306,276,963,24685,611,247028,1.03,10,Tuesday,29,199,Neutral,Macro,True,False,False,False,12
POST_01226,2025-12-09 13:34:00,Facebook,Live,Technology,1637,70,324,50557,26,329766,0.62,13,Tuesday,17,292,Neutral,Macro,True,False,False,False,12
POST_01147,2025-12-09 18:30:00,TikTok,Stitch,Health,22980,1005,813,494882,727,287204,8.63,18,Tuesday,17,530,Positive,Macro,False,False,False,False,12
POST_01580,2025-12-10 02:22:00,Facebook,Video,Entertainment,6173,176,847,23742,515,204262,3.52,2,Wednesday,3,369,Neutral,Macro,False,True,False,False,12
POST_00935,2025-12-10 08:39:00,Instagram,Carousel,Entertainment,8482,30,137,42021,985,291304,2.97,8,Wednesday,3,299,Positive,Macro,True,False,False,False,12
POST_03926,2025-12-10 10:54:00,Instagram,Carousel,Gaming,4332,351,112,45290,80,423433,1.13,10,Wednesday,18,1317,Neutral,Macro,False,True,False,False,12
POST_01929,2025-12-10 21:03:00,Facebook,Post,Fitness,2445,234,622,22401,275,437080,0.76,21,Wednesday,3,1061,Negative,Macro,False,False,False,False,12
POST_00458,2025-12-11 09:57:00,Facebook,Story,Gaming,3302,224,156,58787,633,432286,0.85,9,Thursday,18,1403,Positive,Macro,True,False,False,False,12
POST_02188,2025-12-11 14:24:00,TikTok,Duet,Business,3925,1226,1827,91390,726,485008,1.44,14,Thursday,27,281,Negative,Macro,True,False,False,False,12
POST_00813,2025-12-11 15:12:00,Instagram,Carousel,Technology,3811,170,184,37903,339,282796,1.47,15,Thursday,1,992,Neutral,Macro,False,True,False,False,12
POST_01286,2025-12-11 20:59:00,Facebook,Story,Gaming,6354,193,655,24212,343,495862,1.45,20,Thursday,22,592,Neutral,Macro,False,False,False,False,12
POST_04086,2025-12-12 21:47:00,Instagram,Photo,Food,193,333,210,26198,709,461491,0.16,21,Friday,17,1751,Positive,Macro,True,False,False,False,12
POST_02643,2025-12-13 06:39:00,TikTok,Stitch,Food,15462,1604,3222,433965,1274,209213,9.7,6,Saturday,18,319,Negative,Macro,True,True,False,False,12
POST_01825,2025-12-13 23:03:00,Facebook,Post,Fashion,2743,123,128,72235,8,333911,0.9,23,Saturday,19,589,Neutral,Macro,True,False,False,False,12
POST_03833,2025-12-14 00:07:00,TikTok,Duet,Business,24016,1773,1618,402067,2522,7171,200.0,0,Sunday,26,96,Positive,Nano,True,False,False,True,12
POST_00524,2025-12-14 17:26:00,TikTok,Duet,Lifestyle,21870,808,3211,128447,87,467304,5.54,17,Sunday,9,338,Positive,Macro,True,False,False,False,12
POST_02507,2025-12-14 19:17:00,TikTok,Video,Gaming,48913,894,2240,108427,1733,318669,16.33,19,Sunday,5,42,Neutral,Macro,True,False,False,True,12
POST_02152,2025-12-14 21:45:00,Instagram,Photo,Fitness,1111,145,107,40863,673,120193,1.13,21,Sunday,17,360,Neutral,Macro,True,False,False,False,12
POST_03825,2025-12-14 22:31:00,Instagram,Story,Food,3333,268,203,19307,62,21381,17.79,22,Sunday,28,1791,Neutral,Micro,True,False,False,True,12
POST_00341,2025-12-15 04:40:00,Facebook,Video,Sports,924,34,309,7212,421,207826,0.61,4,Monday,24,513,Neutral,Macro,True,False,False,False,12
POST_02463,2025-12-15 07:09:00,Facebook,Video,Business,6697,179,995,78669,178,192167,4.1,7,Monday,26,170,Negative,Macro,True,False,False,False,12
POST_01539,2025-12-15 11:58:00,Instagram,Photo,Technology,567,201,99,3006,850,488871,0.18,11,Monday,25,773,Negative,Macro,True,False,False,False,12
POST_04020,2025-12-15 13:13:00,Instagram,Story,Fitness,7246,470,239,49804,615,252487,3.15,13,Monday,11,1805,Positive,Macro,True,False,False,False,12
POST_01127,2025-12-15 21:27:00,Instagram,Carousel,Lifestyle,3004,129,16,26035,534,433788,0.73,21,Monday,10,880,Neutral,Macro,True,True,False,False,12
POST_03189,2025-12-15 22:23:00,TikTok,Duet,Gaming,30177,1796,3657,138494,438,148783,23.95,22,Monday,13,315,Positive,Macro,True,False,False,True,12
POST_02168,2025-12-16 07:39:00,Instagram,Reel,Education,2252,187,290,41717,596,205660,1.33,7,Tuesday,16,488,Positive,Macro,True,True,False,False,12
POST_04717,2025-12-16 09:30:00,Facebook,Video,Travel,1314,201,602,39427,393,181168,1.17,9,Tuesday,9,31,Positive,Macro,True,False,False,False,12
POST_00687,2025-12-16 21:25:00,Facebook,Post,Gaming,944,320,603,53242,482,158902,1.17,21,Tuesday,27,1369,Neutral,Macro,True,False,False,False,12
POST_02149,2025-12-17 05:06:00,Facebook,Post,Business,3269,284,42,72931,497,146618,2.45,5,Wednesday,28,1222,Positive,Macro,False,True,False,False,12
POST_04268,2025-12-17 07:23:00,Instagram,Carousel,Travel,1646,475,191,49714,565,43279,5.34,7,Wednesday,11,1605,Positive,Micro,True,False,False,False,12
POST_02743,2025-12-17 21:21:00,Instagram,Carousel,Sports,143,215,296,40984,908,108963,0.6,21,Wednesday,7,1684,Neutral,Macro,False,False,False,False,12
POST_04384,2025-12-18 00:25:00,Facebook,Post,Business,4510,76,630,28666,61,417576,1.25,0,Thursday,4,1623,Neutral,Macro,False,False,False,False,12
POST_01646,2025-12-18 19:37:00,TikTok,Stitch,Health,8177,1554,1173,251602,1154,351736,3.1,19,Thursday,12,572,Neutral,Macro,True,False,False,False,12
POST_02278,2025-12-18 23:05:00,Facebook,Video,Technology,193,269,567,46493,599,296846,0.35,23,Thursday,20,238,Neutral,Macro,True,False,False,False,12
POST_02364,2025-12-19 17:50:00,Facebook,Live,Lifestyle,4996,138,659,16858,530,137218,4.22,17,Friday,15,24,Positive,Macro,True,False,False,False,12
POST_01902,2025-12-19 17:55:00,Instagram,Carousel,Entertainment,5948,48,182,11840,383,439680,1.41,17,Friday,4,878,Positive,Macro,True,False,False,False,12
POST_01002,2025-12-19 17:58:00,Facebook,Story,Health,3264,244,499,69459,661,350211,1.14,17,Friday,18,982,Positive,Macro,True,False,False,False,12
POST_01568,2025-12-19 18:25:00,Instagram,Reel,Sports,4363,19,139,46985,753,194751,2.32,18,Friday,10,172,Negative,Macro,True,False,False,False,12
POST_04694,2025-12-20 02:15:00,Facebook,Video,Education,1196,68,544,71023,245,362241,0.5,2,Saturday,13,61,Positive,Macro,True,True,False,False,12
POST_00327,2025-12-20 14:17:00,Facebook,Story,Lifestyle,3144,112,991,8177,756,410644,1.03,14,Saturday,12,1066,Neutral,Macro,True,False,False,False,12
POST_01981,2025-12-20 23:49:00,Instagram,Carousel,Food,2602,32,3,8562,26,64289,4.1,23,Saturday,24,1677,Neutral,Mid-tier,True,False,False,False,12
POST_00996,2025-12-21 09:44:00,Instagram,Carousel,Fitness,820,389,272,36386,94,220570,0.67,9,Sunday,1,962,Positive,Macro,True,False,False,False,12
POST_03843,2025-12-21 22:38:00,Facebook,Post,Gaming,1933,14,685,24365,61,130018,2.02,22,Sunday,20,695,Positive,Macro,True,False,False,False,12
POST_04146,2025-12-22 00:14:00,Facebook,Story,Gaming,1579,180,466,41860,699,385341,0.58,0,Monday,10,1265,Positive,Macro,True,True,False,False,12
POST_02575,2025-12-22 01:33:00,Instagram,Reel,Gaming,3096,200,116,49044,361,441514,0.77,1,Monday,19,164,Positive,Macro,True,True,False,False,12
POST_03062,2025-12-22 02:35:00,Instagram,Story,Lifestyle,6261,251,51,34308,532,369840,1.77,2,Monday,15,813,Neutral,Macro,True,False,False,False,12
POST_01553,2025-12-22 04:49:00,TikTok,Duet,Lifestyle,20429,339,4878,187187,2540,27724,92.5,4,Monday,13,581,Positive,Micro,True,True,False,True,12
POST_01265,2025-12-22 06:13:00,Instagram,Reel,Education,3418,478,221,16628,376,96896,4.25,6,Monday,28,43,Positive,Mid-tier,True,False,False,False,12
POST_02729,2025-12-22 19:57:00,Instagram,Story,Gaming,4093,423,87,26778,138,490442,0.94,19,Monday,28,77,Positive,Macro,True,False,False,False,12
POST_02146,2025-12-23 12:47:00,TikTok,Duet,Food,44101,1570,2020,186172,1618,362269,13.16,12,Tuesday,21,73,Positive,Macro,True,False,False,False,12
POST_03765,2025-12-23 18:28:00,Facebook,Live,Sports,4646,399,361,68029,550,236842,2.28,18,Tuesday,6,112,Positive,Macro,False,False,False,False,12
POST_02372,2025-12-24 14:35:00,TikTok,Video,Sports,18170,1749,713,61690,2244,156359,13.2,14,Wednesday,8,353,Neutral,Macro,True,False,False,False,12
POST_02598,2025-12-24 14:40:00,Facebook,Video,Gaming,331,72,547,12156,656,265872,0.36,14,Wednesday,1,327,Negative,Macro,True,False,False,False,12
POST_03110,2025-12-25 01:42:00,Facebook,Video,Business,534,40,207,35327,354,208578,0.37,1,Thursday,0,281,Neutral,Macro,False,True,False,False,12
POST_01117,2025-12-25 04:00:00,Instagram,Reel,Fitness,5968,70,156,22602,42,403884,1.53,4,Thursday,12,215,Positive,Macro,True,False,False,False,12
POST_03756,2025-12-25 09:35:00,Instagram,Carousel,Business,1810,15,102,23804,912,357947,0.54,9,Thursday,13,164,Negative,Macro,True,False,False,False,12
POST_00089,2025-12-25 20:03:00,TikTok,Stitch,Gaming,29902,229,2838,129786,2661,380184,8.67,20,Thursday,24,66,Negative,Macro,True,True,False,False,12
POST_03510,2025-12-25 21:30:00,Instagram,Carousel,Education,3682,461,33,16529,24,381985,1.09,21,Thursday,7,1461,Positive,Macro,False,False,False,False,12
POST_02408,2025-12-26 01:52:00,Instagram,Carousel,Entertainment,1789,74,109,43708,61,148493,1.33,1,Friday,2,877,Neutral,Macro,True,True,False,False,12
POST_02655,2025-12-26 09:12:00,TikTok,Stitch,Health,36927,1055,2930,216282,2020,418477,9.78,9,Friday,26,220,Neutral,Macro,False,False,False,False,12
POST_03063,2025-12-27 06:08:00,Facebook,Live,Sports,7503,394,992,20379,511,76447,11.63,6,Saturday,10,334,Positive,Mid-tier,True,False,False,False,12
POST_00841,2025-12-27 07:22:00,Instagram,Photo,Sports,4139,334,165,22484,928,115363,4.02,7,Saturday,25,447,Positive,Macro,True,False,False,False,12
POST_04348,2025-12-27 09:29:00,Facebook,Live,Education,1058,384,728,74271,341,438764,0.49,9,Saturday,13,239,Positive,Macro,True,True,False,False,12
POST_03838,2025-12-27 11:12:00,Instagram,Carousel,Lifestyle,7773,216,35,12033,205,318534,2.52,11,Saturday,24,550,Positive,Macro,True,False,False,False,12
POST_01674,2025-12-27 16:25:00,TikTok,Stitch,Education,33163,423,2015,191502,2078,455757,7.81,16,Saturday,5,393,Neutral,Macro,True,False,False,False,12
POST_00632,2025-12-27 20:26:00,TikTok,Duet,Sports,49713,621,3491,155619,2706,283858,18.96,20,Saturday,23,270,Neutral,Macro,False,False,False,True,12
POST_04056,2025-12-27 21:30:00,Instagram,Carousel,Education,2744,213,128,22296,528,162281,1.9,21,Saturday,12,583,Positive,Macro,True,False,False,False,12
POST_00821,2025-12-27 22:40:00,TikTok,Stitch,Fitness,17266,1517,4890,305767,1913,441133,5.37,22,Saturday,26,241,Positive,Macro,True,False,False,False,12
POST_01253,2025-12-28 03:01:00,Instagram,Story,Fitness,8644,111,40,23608,189,293165,3.0,3,Sunday,17,1193,Positive,Macro,True,True,False,False,12
POST_02271,2025-12-28 08:38:00,Instagram,Story,Food,6038,346,51,11571,104,287794,2.24,8,Sunday,23,508,Positive,Macro,True,True,False,False,12
POST_01296,2025-12-28 14:31:00,Instagram,Story,Fashion,1342,353,198,10252,662,124690,1.52,14,Sunday,22,1636,Positive,Macro,False,False,False,False,12
POST_02596,2025-12-29 05:45:00,TikTok,Stitch,Gaming,11591,1666,662,412574,1730,196881,7.07,5,Monday,16,395,Neutral,Macro,False,False,False,False,12
POST_01466,2025-12-29 08:05:00,Instagram,Photo,Lifestyle,2296,305,78,25444,842,188552,1.42,8,Monday,5,1605,Neutral,Macro,False,False,False,False,12
POST_01327,2025-12-29 10:53:00,Instagram,Story,Technology,8707,433,161,11231,322,83253,11.17,10,Monday,13,1307,Neutral,Mid-tier,True,False,False,False,12
POST_02763,2025-12-29 18:53:00,Facebook,Live,Food,5150,64,347,50993,627,323128,1.72,18,Monday,27,545,Neutral,Macro,True,False,False,False,12
POST_02607,2025-12-30 01:26:00,Instagram,Story,Technology,6798,233,138,10332,314,189659,3.78,1,Tuesday,10,1172,Positive,Macro,True,False,False,False,12
POST_02593,2025-12-30 06:56:00,Facebook,Video,Travel,1743,259,121,44241,26,412652,0.51,6,Tuesday,16,426,Positive,Macro,True,True,False,False,12
POST_04448,2025-12-31 04:42:00,TikTok,Video,Education,43378,210,4511,433409,1964,465862,10.32,4,Wednesday,28,483,Positive,Macro,True,True,False,False,12
POST_01724,2025-12-31 07:43:00,Instagram,Reel,Sports,2419,298,170,20058,875,114357,2.52,7,Wednesday,0,107,Positive,Macro,True,False,False,False,12
POST_01524,2025-12-31 11:30:00,Instagram,Story,Travel,1031,422,243,22054,753,248660,0.68,11,Wednesday,23,1151,Positive,Macro,True,False,False,False,12
POST_00816,2025-12-31 14:05:00,Facebook,Post,Fitness,5131,381,312,35523,341,82001,7.1,14,Wednesday,16,247,Neutral,Mid-tier,True,True,False,False,12
POST_02703,2025-12-31 16:07:00,Instagram,Photo,Technology,3472,39,297,17648,678,68321,5.57,16,Wednesday,16,1630,Positive,Mid-tier,True,True,False,False,12
POST_04388,2025-12-31 20:07:00,Instagram,Carousel,Technology,4486,424,65,43411,767,43269,11.5,20,Wednesday,15,1197,Positive,Micro,True,False,False,False,12
POST_03668,2025-12-31 21:56:00,Instagram,Carousel,Gaming,3720,399,121,20405,861,412585,1.03,21,Wednesday,28,1623,Negative,Macro,True,False,False,False,12
